"id_processcontroldata_item","category_name","parameter_name","value","uom","ischoice","isnumber","status","note","id_parameter","id_processcontroldata","createddate"
23,HCP - Stripping,Time (Hour),"12",Hour,false,true,,,90,1,2025-11-12 11:08:54.228 +0700
24,HCP - Stripping,Voltage (V),"",Volt,false,true,,,88,1,2025-11-12 11:08:54.376 +0700
25,HCP - Stripping,Amperage (A),"",Ampere,false,true,,,89,1,2025-11-12 11:08:54.447 +0700
26,HCP - Stripping,Thickness Before 1 (Micron),"",Micron,false,true,,,139,1,2025-11-12 11:08:54.518 +0700
27,HCP - Stripping,Thickness Before 2 (Micron),"",Micron,false,true,,,140,1,2025-11-12 11:08:54.554 +0700
28,HCP - Stripping,Thickness Before 3 (Micron),"",Micron,false,true,,,141,1,2025-11-12 11:08:54.622 +0700
29,HCP - Stripping,Thickness Before 4 (Micron),"",Micron,false,true,,,142,1,2025-11-12 11:08:54.666 +0700
30,HCP - Stripping,Thickness Before 5 (Micron),"",Micron,false,true,,,143,1,2025-11-12 11:08:54.763 +0700
31,HCP - Stripping,Note Stripping,"","",false,false,,,138,1,2025-11-12 11:08:54.880 +0700
32,MACHINING,Process Machining,Finishing,"",true,false,,,16,2,2025-11-12 20:23:09.099 +0700
33,MACHINING,Material Type,Manufacture/Raw Material,"",true,false,,,62,2,2025-11-12 20:23:09.125 +0700
34,MACHINING,Consumable Insert,BA101,"",true,false,,,17,2,2025-11-12 20:23:09.172 +0700
35,MACHINING,Length Machining,"30",mm,false,true,,,20,2,2025-11-12 20:23:09.186 +0700
36,MACHINING,Dimension Before Machining,"152.249",mm,false,true,,,19,2,2025-11-12 20:23:09.214 +0700
37,MACHINING,Dimension After Machining,"152.360",mm,false,true,,,35,2,2025-11-12 20:23:09.230 +0700
38,MACHINING,RPM (Spindle Speed),"95",Rpm,false,true,,,26,2,2025-11-12 20:23:09.243 +0700
39,MACHINING,Feeding,"0.13",mm/rev,false,true,,,30,2,2025-11-12 20:23:09.281 +0700
40,MACHINING,Depth of Cut,"0.1",mm,false,true,,,32,2,2025-11-12 20:23:09.301 +0700
41,MACHINING,Lubrication,Coolant,"",true,false,,,33,2,2025-11-12 20:23:09.318 +0700
42,MACHINING,Condition Material After Machining,On Spec,"",true,false,,,36,2,2025-11-12 20:23:09.338 +0700
43,MACHINING,Operator Note,Hasil machiningan oval,"",false,false,,,49,2,2025-11-12 20:23:09.352 +0700
44,MACHINING,Process Machining,Roughing,"",true,false,,,16,7,2025-11-13 00:38:44.313 +0700
45,MACHINING,Material Type,Welding,"",true,false,,,62,7,2025-11-13 00:38:44.331 +0700
46,MACHINING,Consumable Insert,CCMT 302,"",true,false,,,17,7,2025-11-13 00:38:44.367 +0700
47,MACHINING,Length Machining,"226",mm,false,true,,,20,7,2025-11-13 00:38:44.385 +0700
48,MACHINING,Dimension Before Machining,"176",mm,false,true,,,19,7,2025-11-13 00:38:44.402 +0700
49,MACHINING,Dimension After Machining,"182.35",mm,false,true,,,35,7,2025-11-13 00:38:44.420 +0700
50,MACHINING,RPM (Spindle Speed),"125",Rpm,false,true,,,26,7,2025-11-13 00:38:44.435 +0700
51,MACHINING,Feeding,"0.13",mm/rev,false,true,,,30,7,2025-11-13 00:38:44.464 +0700
52,MACHINING,Depth of Cut,"2",mm,false,true,,,32,7,2025-11-13 00:38:44.475 +0700
53,MACHINING,Lubrication,Dry,"",true,false,,,33,7,2025-11-13 00:38:44.492 +0700
54,MACHINING,Condition Material After Machining,Oval,"",true,false,,,36,7,2025-11-13 00:38:44.509 +0700
55,MACHINING,Operator Note,"","",false,false,,,49,7,2025-11-13 00:38:44.526 +0700
56,MACHINING,Process Machining,Roughing,"",true,false,,,16,8,2025-11-13 00:39:25.251 +0700
57,MACHINING,Material Type,Welding,"",true,false,,,62,8,2025-11-13 00:39:25.267 +0700
58,MACHINING,Consumable Insert,CCMT 302,"",true,false,,,17,8,2025-11-13 00:39:25.298 +0700
59,MACHINING,Length Machining,"226",mm,false,true,,,20,8,2025-11-13 00:39:25.318 +0700
60,MACHINING,Dimension Before Machining,"182.35",mm,false,true,,,19,8,2025-11-13 00:39:25.335 +0700
61,MACHINING,Dimension After Machining,"187",mm,false,true,,,35,8,2025-11-13 00:39:25.349 +0700
62,MACHINING,RPM (Spindle Speed),"125",Rpm,false,true,,,26,8,2025-11-13 00:39:25.369 +0700
63,MACHINING,Feeding,"0.13",mm/rev,false,true,,,30,8,2025-11-13 00:39:25.391 +0700
64,MACHINING,Depth of Cut,"2",mm,false,true,,,32,8,2025-11-13 00:39:25.409 +0700
65,MACHINING,Lubrication,Dry,"",true,false,,,33,8,2025-11-13 00:39:25.425 +0700
66,MACHINING,Condition Material After Machining,Under Size,"",true,false,,,36,8,2025-11-13 00:39:25.442 +0700
67,MACHINING,Operator Note,"","",false,false,,,49,8,2025-11-13 00:39:25.460 +0700
68,MACHINING,Process Machining,Roughing,"",true,false,,,16,9,2025-11-13 01:45:13.676 +0700
69,MACHINING,Material Type,Cast iron,"",true,false,,,62,9,2025-11-13 01:45:13.692 +0700
70,MACHINING,Consumable Insert,BA101,"",true,false,,,17,9,2025-11-13 01:45:13.709 +0700
71,MACHINING,Length Machining,"230",mm,false,true,,,20,9,2025-11-13 01:45:13.727 +0700
72,MACHINING,Dimension Before Machining,"88.9",mm,false,true,,,19,9,2025-11-13 01:45:13.747 +0700
73,MACHINING,Dimension After Machining,"108",mm,false,true,,,35,9,2025-11-13 01:45:13.759 +0700
74,MACHINING,RPM (Spindle Speed),"225",Rpm,false,true,,,26,9,2025-11-13 01:45:13.778 +0700
75,MACHINING,Feeding,"0.2",mm/rev,false,true,,,30,9,2025-11-13 01:45:13.799 +0700
76,MACHINING,Depth of Cut,"4",mm,false,true,,,32,9,2025-11-13 01:45:13.817 +0700
77,MACHINING,Lubrication,Dry,"",true,false,,,33,9,2025-11-13 01:45:13.841 +0700
78,MACHINING,Condition Material After Machining,Under Size,"",true,false,,,36,9,2025-11-13 01:45:13.859 +0700
79,MACHINING,Operator Note,"","",false,false,,,49,9,2025-11-13 01:45:13.877 +0700
80,MACHINING,Process Machining,Finishing,"",true,false,,,16,10,2025-11-13 01:46:35.412 +0700
81,MACHINING,Material Type,Cast iron,"",true,false,,,62,10,2025-11-13 01:46:35.426 +0700
82,MACHINING,Consumable Insert,BA101,"",true,false,,,17,10,2025-11-13 01:46:35.443 +0700
83,MACHINING,Length Machining,"230",mm,false,true,,,20,10,2025-11-13 01:46:35.461 +0700
84,MACHINING,Dimension Before Machining,"108.0",mm,false,true,,,19,10,2025-11-13 01:46:35.475 +0700
85,MACHINING,Dimension After Machining,"109.20",mm,false,true,,,35,10,2025-11-13 01:46:35.492 +0700
86,MACHINING,RPM (Spindle Speed),"125",Rpm,false,true,,,26,10,2025-11-13 01:46:35.536 +0700
87,MACHINING,Feeding,"0.2",mm/rev,false,true,,,30,10,2025-11-13 01:46:35.551 +0700
88,MACHINING,Depth of Cut,"0.50",mm,false,true,,,32,10,2025-11-13 01:46:35.580 +0700
89,MACHINING,Lubrication,Dry,"",true,false,,,33,10,2025-11-13 01:46:35.594 +0700
90,MACHINING,Condition Material After Machining,Oval,"",true,false,,,36,10,2025-11-13 01:46:35.612 +0700
91,MACHINING,Operator Note,Hasil machiningan oval 0.040 dan taper 0.5,"",false,false,,,49,10,2025-11-13 01:46:35.638 +0700
92,HCP - Prepolish,Lenght (mm),"1075.5",mm,false,true,,,55,13,2025-11-13 04:12:35.613 +0700
93,HCP - Prepolish,Top Spec (mm),"228.570",mm,false,true,,,56,13,2025-11-13 04:12:35.633 +0700
94,HCP - Prepolish,Spec Dia (mm),"228.520",mm,false,true,,,57,13,2025-11-13 04:12:35.650 +0700
95,HCP - Prepolish,Bottom Spec (mm),"228.470",mm,false,true,,,58,13,2025-11-13 04:12:35.666 +0700
96,HCP - Prepolish,Condition,After Build Up Welding,"",true,false,,,61,13,2025-11-13 04:12:35.685 +0700
97,HCP - Prepolish,Hardness Before 1 (HRC),"",HRC,false,true,,,63,13,2025-11-13 04:12:35.719 +0700
98,HCP - Prepolish,Hardness Before 2 (HRC),"",HRC,false,true,,,64,13,2025-11-13 04:12:35.734 +0700
99,HCP - Prepolish,Hardness Before 3 (HRC),"",HRC,false,true,,,65,13,2025-11-13 04:12:35.752 +0700
100,HCP - Prepolish,Hardness Before 4 (HRC),"",HRC,false,true,,,66,13,2025-11-13 04:12:35.776 +0700
101,HCP - Prepolish,Hardness Before 5 (HRC),"",HRC,false,true,,,67,13,2025-11-13 04:12:35.791 +0700
102,HCP - Prepolish,Start OD 1 (mm),"228.280",mm,false,true,,,68,13,2025-11-13 04:12:35.811 +0700
103,HCP - Prepolish,Start OD 2 (mm),"",mm,false,true,,,69,13,2025-11-13 04:12:35.839 +0700
104,HCP - Prepolish,Start OD 3 (mm),"",mm,false,true,,,70,13,2025-11-13 04:12:35.865 +0700
105,HCP - Prepolish,Start OD 4 (mm),"",mm,false,true,,,71,13,2025-11-13 04:12:35.906 +0700
106,HCP - Prepolish,Start OD 5 (mm),"",mm,false,true,,,72,13,2025-11-13 04:12:35.991 +0700
107,HCP - Prepolish,Start OD 6 (mm),"",mm,false,true,,,73,13,2025-11-13 04:12:36.025 +0700
108,HCP - Prepolish,Start OD 7 (mm),"",mm,false,true,,,74,13,2025-11-13 04:12:36.051 +0700
109,HCP - Prepolish,Start OD 8 (mm),"",mm,false,true,,,75,13,2025-11-13 04:12:36.084 +0700
110,HCP - Prepolish,Start OD 9 (mm),"",mm,false,true,,,76,13,2025-11-13 04:12:36.109 +0700
111,HCP - Prepolish,Start OD 10 (mm),"",mm,false,true,,,77,13,2025-11-13 04:12:36.136 +0700
112,HCP - Prepolish,Prep OD 1 (mm),"228.229",mm,false,true,,,78,13,2025-11-13 04:12:36.158 +0700
113,HCP - Prepolish,Prep OD 2 (mm),"",mm,false,true,,,79,13,2025-11-13 04:12:36.194 +0700
114,HCP - Prepolish,Prep OD 3 (mm),"",mm,false,true,,,80,13,2025-11-13 04:12:36.229 +0700
115,HCP - Prepolish,Prep OD 4 (mm),"",mm,false,true,,,81,13,2025-11-13 04:12:36.254 +0700
116,HCP - Prepolish,Prep OD 5 (mm),"",mm,false,true,,,82,13,2025-11-13 04:12:36.286 +0700
117,HCP - Prepolish,Prep OD 6 (mm),"",mm,false,true,,,83,13,2025-11-13 04:12:36.314 +0700
118,HCP - Prepolish,Prep OD 7 (mm),"",mm,false,true,,,84,13,2025-11-13 04:12:36.357 +0700
119,HCP - Prepolish,Prep OD 8 (mm),"",mm,false,true,,,85,13,2025-11-13 04:12:36.388 +0700
120,HCP - Prepolish,Prep OD 9 (mm),"",mm,false,true,,,86,13,2025-11-13 04:12:36.416 +0700
121,HCP - Prepolish,Prep OD 10 (mm),"",mm,false,true,,,87,13,2025-11-13 04:12:36.446 +0700
122,HCP - Prepolish,Dot Welds,No,"",true,false,,,91,13,2025-11-13 04:12:36.461 +0700
123,HCP - Prepolish,Tig Welds,Yes,"",true,false,,,92,13,2025-11-13 04:12:36.484 +0700
124,HCP - Prepolish,Note Prep,"","",false,false,,,135,13,2025-11-13 04:12:36.501 +0700
125,HCP - Prepolish,Lenght (mm),"1075.5",mm,false,true,,,55,14,2025-11-13 04:12:39.663 +0700
126,HCP - Prepolish,Top Spec (mm),"228.570",mm,false,true,,,56,14,2025-11-13 04:12:39.675 +0700
127,HCP - Prepolish,Spec Dia (mm),"228.520",mm,false,true,,,57,14,2025-11-13 04:12:39.696 +0700
128,HCP - Prepolish,Bottom Spec (mm),"228.470",mm,false,true,,,58,14,2025-11-13 04:12:39.707 +0700
129,HCP - Prepolish,Condition,After Build Up Welding,"",true,false,,,61,14,2025-11-13 04:12:39.723 +0700
130,HCP - Prepolish,Hardness Before 1 (HRC),"",HRC,false,true,,,63,14,2025-11-13 04:12:39.741 +0700
131,HCP - Prepolish,Hardness Before 2 (HRC),"",HRC,false,true,,,64,14,2025-11-13 04:12:39.760 +0700
132,HCP - Prepolish,Hardness Before 3 (HRC),"",HRC,false,true,,,65,14,2025-11-13 04:12:39.775 +0700
133,HCP - Prepolish,Hardness Before 4 (HRC),"",HRC,false,true,,,66,14,2025-11-13 04:12:39.810 +0700
134,HCP - Prepolish,Hardness Before 5 (HRC),"",HRC,false,true,,,67,14,2025-11-13 04:12:39.824 +0700
135,HCP - Prepolish,Start OD 1 (mm),"228.280",mm,false,true,,,68,14,2025-11-13 04:12:39.841 +0700
136,HCP - Prepolish,Start OD 2 (mm),"",mm,false,true,,,69,14,2025-11-13 04:12:39.858 +0700
137,HCP - Prepolish,Start OD 3 (mm),"",mm,false,true,,,70,14,2025-11-13 04:12:39.875 +0700
138,HCP - Prepolish,Start OD 4 (mm),"",mm,false,true,,,71,14,2025-11-13 04:12:39.902 +0700
139,HCP - Prepolish,Start OD 5 (mm),"",mm,false,true,,,72,14,2025-11-13 04:12:39.917 +0700
140,HCP - Prepolish,Start OD 6 (mm),"",mm,false,true,,,73,14,2025-11-13 04:12:39.935 +0700
141,HCP - Prepolish,Start OD 7 (mm),"",mm,false,true,,,74,14,2025-11-13 04:12:39.963 +0700
142,HCP - Prepolish,Start OD 8 (mm),"",mm,false,true,,,75,14,2025-11-13 04:12:39.977 +0700
143,HCP - Prepolish,Start OD 9 (mm),"",mm,false,true,,,76,14,2025-11-13 04:12:39.998 +0700
144,HCP - Prepolish,Start OD 10 (mm),"",mm,false,true,,,77,14,2025-11-13 04:12:40.017 +0700
145,HCP - Prepolish,Prep OD 1 (mm),"228.229",mm,false,true,,,78,14,2025-11-13 04:12:40.034 +0700
146,HCP - Prepolish,Prep OD 2 (mm),"",mm,false,true,,,79,14,2025-11-13 04:12:40.049 +0700
147,HCP - Prepolish,Prep OD 3 (mm),"",mm,false,true,,,80,14,2025-11-13 04:12:40.072 +0700
148,HCP - Prepolish,Prep OD 4 (mm),"",mm,false,true,,,81,14,2025-11-13 04:12:40.109 +0700
149,HCP - Prepolish,Prep OD 5 (mm),"",mm,false,true,,,82,14,2025-11-13 04:12:40.125 +0700
150,HCP - Prepolish,Prep OD 6 (mm),"",mm,false,true,,,83,14,2025-11-13 04:12:40.140 +0700
151,HCP - Prepolish,Prep OD 7 (mm),"",mm,false,true,,,84,14,2025-11-13 04:12:40.170 +0700
152,HCP - Prepolish,Prep OD 8 (mm),"",mm,false,true,,,85,14,2025-11-13 04:12:40.217 +0700
153,HCP - Prepolish,Prep OD 9 (mm),"",mm,false,true,,,86,14,2025-11-13 04:12:40.246 +0700
154,HCP - Prepolish,Prep OD 10 (mm),"",mm,false,true,,,87,14,2025-11-13 04:12:40.271 +0700
155,HCP - Prepolish,Dot Welds,No,"",true,false,,,91,14,2025-11-13 04:12:40.322 +0700
156,HCP - Prepolish,Tig Welds,Yes,"",true,false,,,92,14,2025-11-13 04:12:40.363 +0700
157,HCP - Prepolish,Note Prep,"","",false,false,,,135,14,2025-11-13 04:12:40.392 +0700
158,MACHINING,Process Machining,"","",true,false,,,16,15,2025-11-13 04:13:16.496 +0700
159,MACHINING,Material Type,"","",true,false,,,62,15,2025-11-13 04:13:16.518 +0700
160,MACHINING,Consumable Insert,Ccmt303,"",true,false,,,17,15,2025-11-13 04:13:16.543 +0700
161,MACHINING,Length Machining,"63",mm,false,true,,,20,15,2025-11-13 04:13:16.556 +0700
162,MACHINING,Dimension Before Machining,"71",mm,false,true,,,19,15,2025-11-13 04:13:16.573 +0700
163,MACHINING,Dimension After Machining,"90",mm,false,true,,,35,15,2025-11-13 04:13:16.596 +0700
164,MACHINING,RPM (Spindle Speed),"80",Rpm,false,true,,,26,15,2025-11-13 04:13:16.617 +0700
165,MACHINING,Feeding,"00.15",mm/rev,false,true,,,30,15,2025-11-13 04:13:16.678 +0700
166,MACHINING,Depth of Cut,"",mm,false,true,,,32,15,2025-11-13 04:13:16.692 +0700
167,MACHINING,Lubrication,"","",true,false,,,33,15,2025-11-13 04:13:16.709 +0700
168,MACHINING,Condition Material After Machining,"","",true,false,,,36,15,2025-11-13 04:13:16.745 +0700
169,MACHINING,Operator Note,"","",false,false,,,49,15,2025-11-13 04:13:16.790 +0700
170,MACHINING,Process Machining,Honing,"",true,false,,,16,17,2025-11-13 07:44:58.809 +0700
171,MACHINING,Material Type,Manufacture/Raw Material,"",true,false,,,62,17,2025-11-13 07:44:58.838 +0700
172,MACHINING,Consumable Insert,Stone W47A45,"",true,false,,,17,17,2025-11-13 07:44:58.855 +0700
173,MACHINING,Length Machining,"1762",mm,false,true,,,20,17,2025-11-13 07:44:58.875 +0700
174,MACHINING,Dimension Before Machining,"139.97",mm,false,true,,,19,17,2025-11-13 07:44:58.893 +0700
175,MACHINING,Dimension After Machining,"140.015",mm,false,true,,,35,17,2025-11-13 07:44:58.905 +0700
176,MACHINING,RPM (Spindle Speed),"80",Rpm,false,true,,,26,17,2025-11-13 07:44:58.923 +0700
177,MACHINING,Feeding,"15",mm/rev,false,true,,,30,17,2025-11-13 07:44:58.948 +0700
178,MACHINING,Depth of Cut,"0.010",mm,false,true,,,32,17,2025-11-13 07:44:58.964 +0700
179,MACHINING,Lubrication,Coolant,"",true,false,,,33,17,2025-11-13 07:44:58.980 +0700
180,MACHINING,Condition Material After Machining,On Spec,"",true,false,,,36,17,2025-11-13 07:44:58.997 +0700
181,MACHINING,Operator Note,Lanjut proses berikutnya,"",false,false,,,49,17,2025-11-13 07:44:59.013 +0700
182,MACHINING,Process Machining,Honing,"",true,false,,,16,18,2025-11-13 07:45:03.198 +0700
183,MACHINING,Material Type,Manufacture/Raw Material,"",true,false,,,62,18,2025-11-13 07:45:03.213 +0700
184,MACHINING,Consumable Insert,Stone W47A45,"",true,false,,,17,18,2025-11-13 07:45:03.238 +0700
185,MACHINING,Length Machining,"1762",mm,false,true,,,20,18,2025-11-13 07:45:03.264 +0700
186,MACHINING,Dimension Before Machining,"139.97",mm,false,true,,,19,18,2025-11-13 07:45:03.280 +0700
187,MACHINING,Dimension After Machining,"140.015",mm,false,true,,,35,18,2025-11-13 07:45:03.296 +0700
188,MACHINING,RPM (Spindle Speed),"80",Rpm,false,true,,,26,18,2025-11-13 07:45:03.315 +0700
189,MACHINING,Feeding,"15",mm/rev,false,true,,,30,18,2025-11-13 07:45:03.339 +0700
190,MACHINING,Depth of Cut,"0.010",mm,false,true,,,32,18,2025-11-13 07:45:03.357 +0700
191,MACHINING,Lubrication,Coolant,"",true,false,,,33,18,2025-11-13 07:45:03.384 +0700
192,MACHINING,Condition Material After Machining,On Spec,"",true,false,,,36,18,2025-11-13 07:45:03.398 +0700
193,MACHINING,Operator Note,Lanjut proses berikutnya,"",false,false,,,49,18,2025-11-13 07:45:03.413 +0700
194,MACHINING,Process Machining,Honing,"",true,false,,,16,19,2025-11-13 13:42:42.379 +0700
195,MACHINING,Material Type,Manufacture/Raw Material,"",true,false,,,62,19,2025-11-13 13:42:42.408 +0700
196,MACHINING,Consumable Insert,STONE W47A45,"",true,false,,,17,19,2025-11-13 13:42:42.468 +0700
197,MACHINING,Length Machining,"2870",mm,false,true,,,20,19,2025-11-13 13:42:42.481 +0700
198,MACHINING,Dimension Before Machining,"280.00",mm,false,true,,,19,19,2025-11-13 13:42:42.497 +0700
199,MACHINING,Dimension After Machining,"280.095",mm,false,true,,,35,19,2025-11-13 13:42:42.516 +0700
200,MACHINING,RPM (Spindle Speed),"70",Rpm,false,true,,,26,19,2025-11-13 13:42:42.531 +0700
201,MACHINING,Feeding,"15",mm/rev,false,true,,,30,19,2025-11-13 13:42:42.546 +0700
202,MACHINING,Depth of Cut,"0.005",mm,false,true,,,32,19,2025-11-13 13:42:42.579 +0700
203,MACHINING,Lubrication,Coolant,"",true,false,,,33,19,2025-11-13 13:42:42.598 +0700
204,MACHINING,Condition Material After Machining,On Spec,"",true,false,,,36,19,2025-11-13 13:42:42.614 +0700
205,MACHINING,Operator Note,Lanjut proses berikutnya,"",false,false,,,49,19,2025-11-13 13:42:42.630 +0700
206,MACHINING,Process Machining,Roughing,"",true,false,,,16,20,2025-11-13 16:51:23.448 +0700
207,MACHINING,Material Type,Welding,"",true,false,,,62,20,2025-11-13 16:51:23.479 +0700
208,MACHINING,Consumable Insert,BA402,"",true,false,,,17,20,2025-11-13 16:51:23.504 +0700
209,MACHINING,Length Machining,"41",mm,false,true,,,20,20,2025-11-13 16:51:23.526 +0700
210,MACHINING,Dimension Before Machining,"20",mm,false,true,,,19,20,2025-11-13 16:51:23.541 +0700
211,MACHINING,Dimension After Machining,"42",mm,false,true,,,35,20,2025-11-13 16:51:23.569 +0700
212,MACHINING,RPM (Spindle Speed),"63",Rpm,false,true,,,26,20,2025-11-13 16:51:23.588 +0700
213,MACHINING,Feeding,"2",mm/rev,false,true,,,30,20,2025-11-13 16:51:23.609 +0700
214,MACHINING,Depth of Cut,"1",mm,false,true,,,32,20,2025-11-13 16:51:23.624 +0700
215,MACHINING,Lubrication,Tap Matic,"",true,false,,,33,20,2025-11-13 16:51:23.670 +0700
216,MACHINING,Condition Material After Machining,Under Size,"",true,false,,,36,20,2025-11-13 16:51:23.695 +0700
217,MACHINING,Operator Note,Lanjut proses berikutnya,"",false,false,,,49,20,2025-11-13 16:51:23.715 +0700
218,MACHINING,Process Machining,Roughing,"",true,false,,,16,21,2025-11-13 16:51:28.682 +0700
219,MACHINING,Material Type,Welding,"",true,false,,,62,21,2025-11-13 16:51:28.706 +0700
220,MACHINING,Consumable Insert,BA402,"",true,false,,,17,21,2025-11-13 16:51:28.725 +0700
221,MACHINING,Length Machining,"41",mm,false,true,,,20,21,2025-11-13 16:51:28.745 +0700
222,MACHINING,Dimension Before Machining,"20",mm,false,true,,,19,21,2025-11-13 16:51:28.765 +0700
223,MACHINING,Dimension After Machining,"42",mm,false,true,,,35,21,2025-11-13 16:51:28.788 +0700
224,MACHINING,RPM (Spindle Speed),"63",Rpm,false,true,,,26,21,2025-11-13 16:51:28.807 +0700
225,MACHINING,Feeding,"2",mm/rev,false,true,,,30,21,2025-11-13 16:51:28.824 +0700
226,MACHINING,Depth of Cut,"1",mm,false,true,,,32,21,2025-11-13 16:51:28.845 +0700
227,MACHINING,Lubrication,Tap Matic,"",true,false,,,33,21,2025-11-13 16:51:28.864 +0700
228,MACHINING,Condition Material After Machining,Under Size,"",true,false,,,36,21,2025-11-13 16:51:28.888 +0700
229,MACHINING,Operator Note,Lanjut proses berikutnya,"",false,false,,,49,21,2025-11-13 16:51:28.909 +0700
230,MACHINING,Process Machining,Roughing,"",true,false,,,16,22,2025-11-13 22:08:48.082 +0700
231,MACHINING,Material Type,Arc Spray,"",true,false,,,62,22,2025-11-13 22:08:48.111 +0700
232,MACHINING,Consumable Insert,"","",true,false,,,17,22,2025-11-13 22:08:48.125 +0700
233,MACHINING,Length Machining,"20",mm,false,true,,,20,22,2025-11-13 22:08:48.142 +0700
234,MACHINING,Dimension Before Machining,"544.5",mm,false,true,,,19,22,2025-11-13 22:08:48.162 +0700
235,MACHINING,Dimension After Machining,"545.9",mm,false,true,,,35,22,2025-11-13 22:08:48.174 +0700
236,MACHINING,RPM (Spindle Speed),"16",Rpm,false,true,,,26,22,2025-11-13 22:08:48.192 +0700
237,MACHINING,Feeding,"0.2",mm/rev,false,true,,,30,22,2025-11-13 22:08:48.211 +0700
238,MACHINING,Depth of Cut,"0.4",mm,false,true,,,32,22,2025-11-13 22:08:48.234 +0700
239,MACHINING,Lubrication,Coolant,"",true,false,,,33,22,2025-11-13 22:08:48.277 +0700
240,MACHINING,Condition Material After Machining,Under Size,"",true,false,,,36,22,2025-11-13 22:08:48.306 +0700
241,MACHINING,Operator Note,"","",false,false,,,49,22,2025-11-13 22:08:48.325 +0700
242,MACHINING,Process Machining,Finishing,"",true,false,,,16,23,2025-11-13 22:09:41.315 +0700
243,MACHINING,Material Type,Arc Spray,"",true,false,,,62,23,2025-11-13 22:09:41.335 +0700
244,MACHINING,Consumable Insert,"","",true,false,,,17,23,2025-11-13 22:09:41.350 +0700
245,MACHINING,Length Machining,"20",mm,false,true,,,20,23,2025-11-13 22:09:41.365 +0700
246,MACHINING,Dimension Before Machining,"545.9",mm,false,true,,,19,23,2025-11-13 22:09:41.391 +0700
247,MACHINING,Dimension After Machining,"546.1",mm,false,true,,,35,23,2025-11-13 22:09:41.418 +0700
248,MACHINING,RPM (Spindle Speed),"16",Rpm,false,true,,,26,23,2025-11-13 22:09:41.432 +0700
249,MACHINING,Feeding,"0.2",mm/rev,false,true,,,30,23,2025-11-13 22:09:41.449 +0700
250,MACHINING,Depth of Cut,"0.2",mm,false,true,,,32,23,2025-11-13 22:09:41.466 +0700
251,MACHINING,Lubrication,Coolant,"",true,false,,,33,23,2025-11-13 22:09:41.484 +0700
252,MACHINING,Condition Material After Machining,On Spec,"",true,false,,,36,23,2025-11-13 22:09:41.500 +0700
253,MACHINING,Operator Note,"","",false,false,,,49,23,2025-11-13 22:09:41.519 +0700
254,MACHINING,Process Machining,Finishing,"",true,false,,,16,24,2025-11-13 22:43:14.847 +0700
255,MACHINING,Material Type,Arc Spray,"",true,false,,,62,24,2025-11-13 22:43:14.869 +0700
256,MACHINING,Consumable Insert,Dnmg,"",true,false,,,17,24,2025-11-13 22:43:14.895 +0700
257,MACHINING,Length Machining,"25",mm,false,true,,,20,24,2025-11-13 22:43:14.926 +0700
258,MACHINING,Dimension Before Machining,"469.85",mm,false,true,,,19,24,2025-11-13 22:43:14.949 +0700
259,MACHINING,Dimension After Machining,"469.94",mm,false,true,,,35,24,2025-11-13 22:43:14.966 +0700
260,MACHINING,RPM (Spindle Speed),"16",Rpm,false,true,,,26,24,2025-11-13 22:43:14.986 +0700
261,MACHINING,Feeding,"0.2",mm/rev,false,true,,,30,24,2025-11-13 22:43:15.004 +0700
262,MACHINING,Depth of Cut,"0.09",mm,false,true,,,32,24,2025-11-13 22:43:15.024 +0700
263,MACHINING,Lubrication,Coolant,"",true,false,,,33,24,2025-11-13 22:43:15.039 +0700
264,MACHINING,Condition Material After Machining,On Spec,"",true,false,,,36,24,2025-11-13 22:43:15.061 +0700
265,MACHINING,Operator Note,"","",false,false,,,49,24,2025-11-13 22:43:15.082 +0700
266,MACHINING,Process Machining,Roughing,"",true,false,,,16,25,2025-11-14 04:01:39.296 +0700
267,MACHINING,Material Type,Welding,"",true,false,,,62,25,2025-11-14 04:01:39.316 +0700
268,MACHINING,Consumable Insert,BA101,"",true,false,,,17,25,2025-11-14 04:01:39.338 +0700
269,MACHINING,Length Machining,"52",mm,false,true,,,20,25,2025-11-14 04:01:39.357 +0700
270,MACHINING,Dimension Before Machining,"165",mm,false,true,,,19,25,2025-11-14 04:01:39.377 +0700
271,MACHINING,Dimension After Machining,"152",mm,false,true,,,35,25,2025-11-14 04:01:39.388 +0700
272,MACHINING,RPM (Spindle Speed),"125",Rpm,false,true,,,26,25,2025-11-14 04:01:39.409 +0700
273,MACHINING,Feeding,"0.15",mm/rev,false,true,,,30,25,2025-11-14 04:01:39.431 +0700
274,MACHINING,Depth of Cut,"2",mm,false,true,,,32,25,2025-11-14 04:01:39.461 +0700
275,MACHINING,Lubrication,Coolant,"",true,false,,,33,25,2025-11-14 04:01:39.479 +0700
276,MACHINING,Condition Material After Machining,Over Size,"",true,false,,,36,25,2025-11-14 04:01:39.499 +0700
277,MACHINING,Operator Note,Hasil machining oval dantaper,"",false,false,,,49,25,2025-11-14 04:01:39.515 +0700
278,MACHINING,Process Machining,Finishing,"",true,false,,,16,26,2025-11-14 04:02:31.581 +0700
279,MACHINING,Material Type,Welding,"",true,false,,,62,26,2025-11-14 04:02:31.600 +0700
280,MACHINING,Consumable Insert,BA101,"",true,false,,,17,26,2025-11-14 04:02:31.614 +0700
281,MACHINING,Length Machining,"52",mm,false,true,,,20,26,2025-11-14 04:02:31.637 +0700
282,MACHINING,Dimension Before Machining,"152",mm,false,true,,,19,26,2025-11-14 04:02:31.662 +0700
283,MACHINING,Dimension After Machining,"150.8",mm,false,true,,,35,26,2025-11-14 04:02:31.681 +0700
284,MACHINING,RPM (Spindle Speed),"125",Rpm,false,true,,,26,26,2025-11-14 04:02:31.696 +0700
285,MACHINING,Feeding,"0.15",mm/rev,false,true,,,30,26,2025-11-14 04:02:31.714 +0700
286,MACHINING,Depth of Cut,"0.50",mm,false,true,,,32,26,2025-11-14 04:02:31.738 +0700
287,MACHINING,Lubrication,Dry,"",true,false,,,33,26,2025-11-14 04:02:31.753 +0700
288,MACHINING,Condition Material After Machining,On Spec,"",true,false,,,36,26,2025-11-14 04:02:31.771 +0700
289,MACHINING,Operator Note,"","",false,false,,,49,26,2025-11-14 04:02:31.788 +0700
290,MACHINING,Process Machining,Honing,"",true,false,,,16,29,2025-11-14 16:14:52.989 +0700
291,MACHINING,Material Type,Manufacture/Raw Material,"",true,false,,,62,29,2025-11-14 16:14:53.003 +0700
292,MACHINING,Consumable Insert,STONE W47A45,"",true,false,,,17,29,2025-11-14 16:14:53.027 +0700
293,MACHINING,Length Machining,"1025",mm,false,true,,,20,29,2025-11-14 16:14:53.050 +0700
294,MACHINING,Dimension Before Machining,"273.05",mm,false,true,,,19,29,2025-11-14 16:14:53.061 +0700
295,MACHINING,Dimension After Machining,"273.200",mm,false,true,,,35,29,2025-11-14 16:14:53.078 +0700
296,MACHINING,RPM (Spindle Speed),"65",Rpm,false,true,,,26,29,2025-11-14 16:14:53.095 +0700
297,MACHINING,Feeding,"15",mm/rev,false,true,,,30,29,2025-11-14 16:14:53.119 +0700
298,MACHINING,Depth of Cut,"0.010",mm,false,true,,,32,29,2025-11-14 16:14:53.137 +0700
299,MACHINING,Lubrication,Coolant,"",true,false,,,33,29,2025-11-14 16:14:53.158 +0700
300,MACHINING,Condition Material After Machining,On Spec,"",true,false,,,36,29,2025-11-14 16:14:53.170 +0700
301,MACHINING,Operator Note,Lanjut proses berikutnya,"",false,false,,,49,29,2025-11-14 16:14:53.187 +0700
302,MACHINING,Process Machining,Roughing,"",true,false,,,16,30,2025-11-14 17:57:53.679 +0700
303,MACHINING,Material Type,Manufacture/Raw Material,"",true,false,,,62,30,2025-11-14 17:57:53.703 +0700
304,MACHINING,Consumable Insert,BA101,"",true,false,,,17,30,2025-11-14 17:57:53.727 +0700
305,MACHINING,Length Machining,"100",mm,false,true,,,20,30,2025-11-14 17:57:53.758 +0700
306,MACHINING,Dimension Before Machining,"250",mm,false,true,,,19,30,2025-11-14 17:57:53.782 +0700
307,MACHINING,Dimension After Machining,"",mm,false,true,,,35,30,2025-11-14 17:57:53.802 +0700
308,MACHINING,RPM (Spindle Speed),"490",Rpm,false,true,,,26,30,2025-11-14 17:57:53.821 +0700
309,MACHINING,Feeding,"0.18",mm/rev,false,true,,,30,30,2025-11-14 17:57:53.836 +0700
310,MACHINING,Depth of Cut,"2.0",mm,false,true,,,32,30,2025-11-14 17:57:53.855 +0700
311,MACHINING,Lubrication,Coolant,"",true,false,,,33,30,2025-11-14 17:57:53.878 +0700
312,MACHINING,Condition Material After Machining,On Spec,"",true,false,,,36,30,2025-11-14 17:57:53.894 +0700
313,MACHINING,Operator Note,"","",false,false,,,49,30,2025-11-14 17:57:53.910 +0700
314,MACHINING,Process Machining,Roughing,"",true,false,,,16,33,2025-11-14 19:03:05.024 +0700
315,MACHINING,Material Type,Welding,"",true,false,,,62,33,2025-11-14 19:03:05.044 +0700
316,MACHINING,Consumable Insert,CCMT 304,"",true,false,,,17,33,2025-11-14 19:03:05.088 +0700
317,MACHINING,Length Machining,"180",mm,false,true,,,20,33,2025-11-14 19:03:05.111 +0700
318,MACHINING,Dimension Before Machining,"187",mm,false,true,,,19,33,2025-11-14 19:03:05.134 +0700
319,MACHINING,Dimension After Machining,"203.5",mm,false,true,,,35,33,2025-11-14 19:03:05.151 +0700
320,MACHINING,RPM (Spindle Speed),"250",Rpm,false,true,,,26,33,2025-11-14 19:03:05.173 +0700
321,MACHINING,Feeding,"0.13",mm/rev,false,true,,,30,33,2025-11-14 19:03:05.195 +0700
322,MACHINING,Depth of Cut,"2",mm,false,true,,,32,33,2025-11-14 19:03:05.208 +0700
323,MACHINING,Lubrication,Dry,"",true,false,,,33,33,2025-11-14 19:03:05.226 +0700
324,MACHINING,Condition Material After Machining,Under Size,"",true,false,,,36,33,2025-11-14 19:03:05.244 +0700
325,MACHINING,Operator Note,"","",false,false,,,49,33,2025-11-14 19:03:05.270 +0700
326,MACHINING,Process Machining,Roughing,"",true,false,,,16,34,2025-11-14 19:05:41.331 +0700
327,MACHINING,Material Type,Manufacture/Raw Material,"",true,false,,,62,34,2025-11-14 19:05:41.355 +0700
328,MACHINING,Consumable Insert,Dnmg,"",true,false,,,17,34,2025-11-14 19:05:41.372 +0700
329,MACHINING,Length Machining,"25",mm,false,true,,,20,34,2025-11-14 19:05:41.386 +0700
330,MACHINING,Dimension Before Machining,"469.85",mm,false,true,,,19,34,2025-11-14 19:05:41.403 +0700
331,MACHINING,Dimension After Machining,"470.850",mm,false,true,,,35,34,2025-11-14 19:05:41.434 +0700
332,MACHINING,RPM (Spindle Speed),"16",Rpm,false,true,,,26,34,2025-11-14 19:05:41.454 +0700
333,MACHINING,Feeding,"0.2",mm/rev,false,true,,,30,34,2025-11-14 19:05:41.471 +0700
334,MACHINING,Depth of Cut,"0.5",mm,false,true,,,32,34,2025-11-14 19:05:41.493 +0700
335,MACHINING,Lubrication,Dry,"",true,false,,,33,34,2025-11-14 19:05:41.517 +0700
336,MACHINING,Condition Material After Machining,Under Size,"",true,false,,,36,34,2025-11-14 19:05:41.550 +0700
337,MACHINING,Operator Note,"","",false,false,,,49,34,2025-11-14 19:05:41.562 +0700
338,MACHINING,Process Machining,Finishing,"",true,false,,,16,35,2025-11-14 19:06:11.667 +0700
339,MACHINING,Material Type,Manufacture/Raw Material,"",true,false,,,62,35,2025-11-14 19:06:11.689 +0700
340,MACHINING,Consumable Insert,Dnmg,"",true,false,,,17,35,2025-11-14 19:06:11.709 +0700
341,MACHINING,Length Machining,"25",mm,false,true,,,20,35,2025-11-14 19:06:11.753 +0700
342,MACHINING,Dimension Before Machining,"469.85",mm,false,true,,,19,35,2025-11-14 19:06:11.780 +0700
343,MACHINING,Dimension After Machining,"470.850",mm,false,true,,,35,35,2025-11-14 19:06:11.793 +0700
344,MACHINING,RPM (Spindle Speed),"16",Rpm,false,true,,,26,35,2025-11-14 19:06:11.812 +0700
345,MACHINING,Feeding,"0.2",mm/rev,false,true,,,30,35,2025-11-14 19:06:11.843 +0700
346,MACHINING,Depth of Cut,"0.4",mm,false,true,,,32,35,2025-11-14 19:06:11.860 +0700
347,MACHINING,Lubrication,Dry,"",true,false,,,33,35,2025-11-14 19:06:11.879 +0700
348,MACHINING,Condition Material After Machining,Under Size,"",true,false,,,36,35,2025-11-14 19:06:11.899 +0700
349,MACHINING,Operator Note,"","",false,false,,,49,35,2025-11-14 19:06:11.930 +0700
350,MACHINING,Process Machining,Roughing,"",true,false,,,16,36,2025-11-14 20:06:29.934 +0700
351,MACHINING,Material Type,Manufacture/Raw Material,"",true,false,,,62,36,2025-11-14 20:06:29.960 +0700
352,MACHINING,Consumable Insert,BA101,"",true,false,,,17,36,2025-11-14 20:06:29.979 +0700
353,MACHINING,Length Machining,"196",mm,false,true,,,20,36,2025-11-14 20:06:30.000 +0700
354,MACHINING,Dimension Before Machining,"210",mm,false,true,,,19,36,2025-11-14 20:06:30.027 +0700
355,MACHINING,Dimension After Machining,"250",mm,false,true,,,35,36,2025-11-14 20:06:30.058 +0700
356,MACHINING,RPM (Spindle Speed),"37",Rpm,false,true,,,26,36,2025-11-14 20:06:30.079 +0700
357,MACHINING,Feeding,"2",mm/rev,false,true,,,30,36,2025-11-14 20:06:30.099 +0700
358,MACHINING,Depth of Cut,"2",mm,false,true,,,32,36,2025-11-14 20:06:30.128 +0700
359,MACHINING,Lubrication,Coolant,"",true,false,,,33,36,2025-11-14 20:06:30.146 +0700
360,MACHINING,Condition Material After Machining,On Spec,"",true,false,,,36,36,2025-11-14 20:06:30.161 +0700
361,MACHINING,Operator Note,Agus kardian,"",false,false,,,49,36,2025-11-14 20:06:30.178 +0700
362,MACHINING,Process Machining,Roughing,"",true,false,,,16,37,2025-11-14 20:08:41.616 +0700
363,MACHINING,Material Type,Manufacture/Raw Material,"",true,false,,,62,37,2025-11-14 20:08:41.631 +0700
364,MACHINING,Consumable Insert,Dnmg,"",true,false,,,17,37,2025-11-14 20:08:41.646 +0700
365,MACHINING,Length Machining,"23",mm,false,true,,,20,37,2025-11-14 20:08:41.664 +0700
366,MACHINING,Dimension Before Machining,"546.1",mm,false,true,,,19,37,2025-11-14 20:08:41.681 +0700
367,MACHINING,Dimension After Machining,"546.6",mm,false,true,,,35,37,2025-11-14 20:08:41.713 +0700
368,MACHINING,RPM (Spindle Speed),"16",Rpm,false,true,,,26,37,2025-11-14 20:08:41.735 +0700
369,MACHINING,Feeding,"0.2",mm/rev,false,true,,,30,37,2025-11-14 20:08:41.755 +0700
370,MACHINING,Depth of Cut,"0.5",mm,false,true,,,32,37,2025-11-14 20:08:41.770 +0700
371,MACHINING,Lubrication,Dry,"",true,false,,,33,37,2025-11-14 20:08:41.787 +0700
372,MACHINING,Condition Material After Machining,On Spec,"",true,false,,,36,37,2025-11-14 20:08:41.820 +0700
373,MACHINING,Operator Note,"","",false,false,,,49,37,2025-11-14 20:08:41.839 +0700
374,MACHINING,Process Machining,Finishing,"",true,false,,,16,38,2025-11-14 20:09:21.862 +0700
375,MACHINING,Material Type,Manufacture/Raw Material,"",true,false,,,62,38,2025-11-14 20:09:21.880 +0700
376,MACHINING,Consumable Insert,Dnmg,"",true,false,,,17,38,2025-11-14 20:09:21.895 +0700
377,MACHINING,Length Machining,"23",mm,false,true,,,20,38,2025-11-14 20:09:21.918 +0700
378,MACHINING,Dimension Before Machining,"546.6",mm,false,true,,,19,38,2025-11-14 20:09:21.952 +0700
379,MACHINING,Dimension After Machining,"546.9",mm,false,true,,,35,38,2025-11-14 20:09:21.975 +0700
380,MACHINING,RPM (Spindle Speed),"16",Rpm,false,true,,,26,38,2025-11-14 20:09:21.995 +0700
381,MACHINING,Feeding,"0.2",mm/rev,false,true,,,30,38,2025-11-14 20:09:22.020 +0700
382,MACHINING,Depth of Cut,"0.3",mm,false,true,,,32,38,2025-11-14 20:09:22.037 +0700
383,MACHINING,Lubrication,Dry,"",true,false,,,33,38,2025-11-14 20:09:22.057 +0700
384,MACHINING,Condition Material After Machining,On Spec,"",true,false,,,36,38,2025-11-14 20:09:22.112 +0700
385,MACHINING,Operator Note,"","",false,false,,,49,38,2025-11-14 20:09:22.144 +0700
386,MACHINING,Process Machining,Roughing,"",true,false,,,16,39,2025-11-14 21:30:00.657 +0700
387,MACHINING,Material Type,Manufacture/Raw Material,"",true,false,,,62,39,2025-11-14 21:30:00.676 +0700
388,MACHINING,Consumable Insert,Dnmg,"",true,false,,,17,39,2025-11-14 21:30:00.704 +0700
389,MACHINING,Length Machining,"20",mm,false,true,,,20,39,2025-11-14 21:30:00.717 +0700
390,MACHINING,Dimension Before Machining,"628.8",mm,false,true,,,19,39,2025-11-14 21:30:00.735 +0700
391,MACHINING,Dimension After Machining,"628.3",mm,false,true,,,35,39,2025-11-14 21:30:00.753 +0700
392,MACHINING,RPM (Spindle Speed),"16",Rpm,false,true,,,26,39,2025-11-14 21:30:00.767 +0700
393,MACHINING,Feeding,"0.2",mm/rev,false,true,,,30,39,2025-11-14 21:30:00.784 +0700
394,MACHINING,Depth of Cut,"0.5",mm,false,true,,,32,39,2025-11-14 21:30:00.809 +0700
395,MACHINING,Lubrication,Dry,"",true,false,,,33,39,2025-11-14 21:30:00.826 +0700
396,MACHINING,Condition Material After Machining,On Spec,"",true,false,,,36,39,2025-11-14 21:30:00.849 +0700
397,MACHINING,Operator Note,"","",false,false,,,49,39,2025-11-14 21:30:00.868 +0700
398,MACHINING,Process Machining,Finishing,"",true,false,,,16,40,2025-11-14 21:30:53.799 +0700
399,MACHINING,Material Type,Manufacture/Raw Material,"",true,false,,,62,40,2025-11-14 21:30:53.821 +0700
400,MACHINING,Consumable Insert,Dnmg,"",true,false,,,17,40,2025-11-14 21:30:53.846 +0700
401,MACHINING,Length Machining,"20",mm,false,true,,,20,40,2025-11-14 21:30:53.874 +0700
402,MACHINING,Dimension Before Machining,"628.3",mm,false,true,,,19,40,2025-11-14 21:30:53.893 +0700
403,MACHINING,Dimension After Machining,"627.9",mm,false,true,,,35,40,2025-11-14 21:30:53.908 +0700
404,MACHINING,RPM (Spindle Speed),"16",Rpm,false,true,,,26,40,2025-11-14 21:30:54.009 +0700
405,MACHINING,Feeding,"0.2",mm/rev,false,true,,,30,40,2025-11-14 21:30:54.030 +0700
406,MACHINING,Depth of Cut,"0.4",mm,false,true,,,32,40,2025-11-14 21:30:54.050 +0700
407,MACHINING,Lubrication,Dry,"",true,false,,,33,40,2025-11-14 21:30:54.078 +0700
408,MACHINING,Condition Material After Machining,On Spec,"",true,false,,,36,40,2025-11-14 21:30:54.096 +0700
409,MACHINING,Operator Note,"","",false,false,,,49,40,2025-11-14 21:30:54.129 +0700
410,HCP - Prepolish,Lenght (mm),"889.4",mm,false,true,,,55,42,2025-11-14 22:05:00.696 +0700
411,HCP - Prepolish,Top Spec (mm),"177.770",mm,false,true,,,56,42,2025-11-14 22:05:00.713 +0700
412,HCP - Prepolish,Spec Dia (mm),"177.720",mm,false,true,,,57,42,2025-11-14 22:05:00.736 +0700
413,HCP - Prepolish,Bottom Spec (mm),"177.670",mm,false,true,,,58,42,2025-11-14 22:05:00.756 +0700
414,HCP - Prepolish,Condition,After Build Up Welding,"",true,false,,,61,42,2025-11-14 22:05:00.786 +0700
415,HCP - Prepolish,Hardness Before 1 (HRC),"",HRC,false,true,,,63,42,2025-11-14 22:05:00.803 +0700
416,HCP - Prepolish,Hardness Before 2 (HRC),"",HRC,false,true,,,64,42,2025-11-14 22:05:00.822 +0700
417,HCP - Prepolish,Hardness Before 3 (HRC),"",HRC,false,true,,,65,42,2025-11-14 22:05:00.846 +0700
418,HCP - Prepolish,Hardness Before 4 (HRC),"",HRC,false,true,,,66,42,2025-11-14 22:05:00.861 +0700
419,HCP - Prepolish,Hardness Before 5 (HRC),"",HRC,false,true,,,67,42,2025-11-14 22:05:00.888 +0700
420,HCP - Prepolish,Start OD 1 (mm),"177.371",mm,false,true,,,68,42,2025-11-14 22:05:00.903 +0700
421,HCP - Prepolish,Start OD 2 (mm),"",mm,false,true,,,69,42,2025-11-14 22:05:00.920 +0700
422,HCP - Prepolish,Start OD 3 (mm),"",mm,false,true,,,70,42,2025-11-14 22:05:00.942 +0700
423,HCP - Prepolish,Start OD 4 (mm),"",mm,false,true,,,71,42,2025-11-14 22:05:00.962 +0700
424,HCP - Prepolish,Start OD 5 (mm),"",mm,false,true,,,72,42,2025-11-14 22:05:00.979 +0700
425,HCP - Prepolish,Start OD 6 (mm),"",mm,false,true,,,73,42,2025-11-14 22:05:00.997 +0700
426,HCP - Prepolish,Start OD 7 (mm),"",mm,false,true,,,74,42,2025-11-14 22:05:01.012 +0700
427,HCP - Prepolish,Start OD 8 (mm),"",mm,false,true,,,75,42,2025-11-14 22:05:01.029 +0700
428,HCP - Prepolish,Start OD 9 (mm),"",mm,false,true,,,76,42,2025-11-14 22:05:01.050 +0700
429,HCP - Prepolish,Start OD 10 (mm),"",mm,false,true,,,77,42,2025-11-14 22:05:01.100 +0700
430,HCP - Prepolish,Prep OD 1 (mm),"177.327",mm,false,true,,,78,42,2025-11-14 22:05:01.120 +0700
431,HCP - Prepolish,Prep OD 2 (mm),"",mm,false,true,,,79,42,2025-11-14 22:05:01.146 +0700
432,HCP - Prepolish,Prep OD 3 (mm),"",mm,false,true,,,80,42,2025-11-14 22:05:01.166 +0700
433,HCP - Prepolish,Prep OD 4 (mm),"",mm,false,true,,,81,42,2025-11-14 22:05:01.183 +0700
434,HCP - Prepolish,Prep OD 5 (mm),"",mm,false,true,,,82,42,2025-11-14 22:05:01.211 +0700
435,HCP - Prepolish,Prep OD 6 (mm),"",mm,false,true,,,83,42,2025-11-14 22:05:01.238 +0700
436,HCP - Prepolish,Prep OD 7 (mm),"",mm,false,true,,,84,42,2025-11-14 22:05:01.270 +0700
437,HCP - Prepolish,Prep OD 8 (mm),"",mm,false,true,,,85,42,2025-11-14 22:05:01.298 +0700
438,HCP - Prepolish,Prep OD 9 (mm),"",mm,false,true,,,86,42,2025-11-14 22:05:01.318 +0700
439,HCP - Prepolish,Prep OD 10 (mm),"",mm,false,true,,,87,42,2025-11-14 22:05:01.351 +0700
440,HCP - Prepolish,Dot Welds,Yes,"",true,false,,,91,42,2025-11-14 22:05:01.378 +0700
441,HCP - Prepolish,Tig Welds,Yes,"",true,false,,,92,42,2025-11-14 22:05:01.402 +0700
442,HCP - Prepolish,Note Prep,"","",false,false,,,135,42,2025-11-14 22:05:01.428 +0700
443,MACHINING,Process Machining,Roughing,"",true,false,,,16,44,2025-11-14 22:11:59.610 +0700
444,MACHINING,Material Type,Manufacture/Raw Material,"",true,false,,,62,44,2025-11-14 22:11:59.640 +0700
445,MACHINING,Consumable Insert,Dnmg,"",true,false,,,17,44,2025-11-14 22:11:59.664 +0700
446,MACHINING,Length Machining,"23",mm,false,true,,,20,44,2025-11-14 22:11:59.698 +0700
447,MACHINING,Dimension Before Machining,"628.7",mm,false,true,,,19,44,2025-11-14 22:11:59.722 +0700
448,MACHINING,Dimension After Machining,"628.2",mm,false,true,,,35,44,2025-11-14 22:11:59.751 +0700
449,MACHINING,RPM (Spindle Speed),"16",Rpm,false,true,,,26,44,2025-11-14 22:11:59.769 +0700
450,MACHINING,Feeding,"0.2",mm/rev,false,true,,,30,44,2025-11-14 22:11:59.795 +0700
451,MACHINING,Depth of Cut,"0.5",mm,false,true,,,32,44,2025-11-14 22:11:59.813 +0700
452,MACHINING,Lubrication,Dry,"",true,false,,,33,44,2025-11-14 22:11:59.841 +0700
453,MACHINING,Condition Material After Machining,On Spec,"",true,false,,,36,44,2025-11-14 22:11:59.863 +0700
454,MACHINING,Operator Note,"","",false,false,,,49,44,2025-11-14 22:11:59.884 +0700
455,MACHINING,Process Machining,Finishing,"",true,false,,,16,45,2025-11-14 22:12:23.730 +0700
456,MACHINING,Material Type,Manufacture/Raw Material,"",true,false,,,62,45,2025-11-14 22:12:23.753 +0700
457,MACHINING,Consumable Insert,Dnmg,"",true,false,,,17,45,2025-11-14 22:12:23.775 +0700
458,MACHINING,Length Machining,"23",mm,false,true,,,20,45,2025-11-14 22:12:23.796 +0700
459,MACHINING,Dimension Before Machining,"628.2",mm,false,true,,,19,45,2025-11-14 22:12:23.821 +0700
460,MACHINING,Dimension After Machining,"627.7",mm,false,true,,,35,45,2025-11-14 22:12:23.853 +0700
461,MACHINING,RPM (Spindle Speed),"16",Rpm,false,true,,,26,45,2025-11-14 22:12:23.891 +0700
462,MACHINING,Feeding,"0.2",mm/rev,false,true,,,30,45,2025-11-14 22:12:23.905 +0700
463,MACHINING,Depth of Cut,"0.5",mm,false,true,,,32,45,2025-11-14 22:12:23.928 +0700
464,MACHINING,Lubrication,Dry,"",true,false,,,33,45,2025-11-14 22:12:23.955 +0700
465,MACHINING,Condition Material After Machining,On Spec,"",true,false,,,36,45,2025-11-14 22:12:23.976 +0700
466,MACHINING,Operator Note,"","",false,false,,,49,45,2025-11-14 22:12:23.994 +0700
467,MACHINING,Process Machining,Finishing,"",true,false,,,16,46,2025-11-14 22:51:23.356 +0700
468,MACHINING,Material Type,Welding,"",true,false,,,62,46,2025-11-14 22:51:23.395 +0700
469,MACHINING,Consumable Insert,CCMT 302,"",true,false,,,17,46,2025-11-14 22:51:23.426 +0700
470,MACHINING,Length Machining,"180",mm,false,true,,,20,46,2025-11-14 22:51:23.440 +0700
471,MACHINING,Dimension Before Machining,"203.5",mm,false,true,,,19,46,2025-11-14 22:51:23.467 +0700
472,MACHINING,Dimension After Machining,"203.97",mm,false,true,,,35,46,2025-11-14 22:51:23.486 +0700
473,MACHINING,RPM (Spindle Speed),"250",Rpm,false,true,,,26,46,2025-11-14 22:51:23.506 +0700
474,MACHINING,Feeding,"0.1",mm/rev,false,true,,,30,46,2025-11-14 22:51:23.523 +0700
475,MACHINING,Depth of Cut,"0.5",mm,false,true,,,32,46,2025-11-14 22:51:23.539 +0700
476,MACHINING,Lubrication,Dry,"",true,false,,,33,46,2025-11-14 22:51:23.566 +0700
477,MACHINING,Condition Material After Machining,On Spec,"",true,false,,,36,46,2025-11-14 22:51:23.588 +0700
478,MACHINING,Operator Note,"","",false,false,,,49,46,2025-11-14 22:51:23.606 +0700
479,MACHINING,Process Machining,Roughing,"",true,false,,,16,49,2025-11-14 22:58:01.293 +0700
480,MACHINING,Material Type,Manufacture/Raw Material,"",true,false,,,62,49,2025-11-14 22:58:01.319 +0700
481,MACHINING,Consumable Insert,Dnmg,"",true,false,,,17,49,2025-11-14 22:58:01.340 +0700
482,MACHINING,Length Machining,"23",mm,false,true,,,20,49,2025-11-14 22:58:01.362 +0700
483,MACHINING,Dimension Before Machining,"546.1",mm,false,true,,,19,49,2025-11-14 22:58:01.390 +0700
484,MACHINING,Dimension After Machining,"546.6",mm,false,true,,,35,49,2025-11-14 22:58:01.410 +0700
485,MACHINING,RPM (Spindle Speed),"16",Rpm,false,true,,,26,49,2025-11-14 22:58:01.423 +0700
486,MACHINING,Feeding,"0.2",mm/rev,false,true,,,30,49,2025-11-14 22:58:01.440 +0700
487,MACHINING,Depth of Cut,"0.5",mm,false,true,,,32,49,2025-11-14 22:58:01.467 +0700
488,MACHINING,Lubrication,Dry,"",true,false,,,33,49,2025-11-14 22:58:01.485 +0700
489,MACHINING,Condition Material After Machining,On Spec,"",true,false,,,36,49,2025-11-14 22:58:01.498 +0700
490,MACHINING,Operator Note,"","",false,false,,,49,49,2025-11-14 22:58:01.519 +0700
491,MACHINING,Process Machining,Finishing,"",true,false,,,16,50,2025-11-14 22:58:28.309 +0700
492,MACHINING,Material Type,Manufacture/Raw Material,"",true,false,,,62,50,2025-11-14 22:58:28.332 +0700
493,MACHINING,Consumable Insert,Dnmg,"",true,false,,,17,50,2025-11-14 22:58:28.354 +0700
494,MACHINING,Length Machining,"23",mm,false,true,,,20,50,2025-11-14 22:58:28.411 +0700
495,MACHINING,Dimension Before Machining,"546.6",mm,false,true,,,19,50,2025-11-14 22:58:28.468 +0700
496,MACHINING,Dimension After Machining,"546.8",mm,false,true,,,35,50,2025-11-14 22:58:28.489 +0700
497,MACHINING,RPM (Spindle Speed),"16",Rpm,false,true,,,26,50,2025-11-14 22:58:28.515 +0700
498,MACHINING,Feeding,"0.2",mm/rev,false,true,,,30,50,2025-11-14 22:58:28.542 +0700
499,MACHINING,Depth of Cut,"0.2",mm,false,true,,,32,50,2025-11-14 22:58:28.555 +0700
500,MACHINING,Lubrication,Dry,"",true,false,,,33,50,2025-11-14 22:58:28.639 +0700
501,MACHINING,Condition Material After Machining,On Spec,"",true,false,,,36,50,2025-11-14 22:58:28.657 +0700
502,MACHINING,Operator Note,"","",false,false,,,49,50,2025-11-14 22:58:28.681 +0700
503,MACHINING,Process Machining,Finishing,"",true,false,,,16,51,2025-11-15 04:16:53.365 +0700
504,MACHINING,Material Type,Manufacture/Raw Material,"",true,false,,,62,51,2025-11-15 04:16:53.386 +0700
505,MACHINING,Consumable Insert,BA101,"",true,false,,,17,51,2025-11-15 04:16:53.407 +0700
506,MACHINING,Length Machining,"34",mm,false,true,,,20,51,2025-11-15 04:16:53.422 +0700
507,MACHINING,Dimension Before Machining,"148",mm,false,true,,,19,51,2025-11-15 04:16:53.444 +0700
508,MACHINING,Dimension After Machining,"148.9",mm,false,true,,,35,51,2025-11-15 04:16:53.474 +0700
509,MACHINING,RPM (Spindle Speed),"125",Rpm,false,true,,,26,51,2025-11-15 04:16:53.489 +0700
510,MACHINING,Feeding,"0.15",mm/rev,false,true,,,30,51,2025-11-15 04:16:53.505 +0700
511,MACHINING,Depth of Cut,"1",mm,false,true,,,32,51,2025-11-15 04:16:53.520 +0700
512,MACHINING,Lubrication,Coolant,"",true,false,,,33,51,2025-11-15 04:16:53.548 +0700
513,MACHINING,Condition Material After Machining,On Spec,"",true,false,,,36,51,2025-11-15 04:16:53.576 +0700
514,MACHINING,Operator Note,Oval,"",false,false,,,49,51,2025-11-15 04:16:53.591 +0700
515,MACHINING,Process Machining,Roughing,"",true,false,,,16,52,2025-11-15 04:17:41.281 +0700
516,MACHINING,Material Type,Manufacture/Raw Material,"",true,false,,,62,52,2025-11-15 04:17:41.294 +0700
517,MACHINING,Consumable Insert,BA101,"",true,false,,,17,52,2025-11-15 04:17:41.311 +0700
518,MACHINING,Length Machining,"34",mm,false,true,,,20,52,2025-11-15 04:17:41.341 +0700
519,MACHINING,Dimension Before Machining,"130",mm,false,true,,,19,52,2025-11-15 04:17:41.366 +0700
520,MACHINING,Dimension After Machining,"147",mm,false,true,,,35,52,2025-11-15 04:17:41.398 +0700
521,MACHINING,RPM (Spindle Speed),"125",Rpm,false,true,,,26,52,2025-11-15 04:17:41.411 +0700
522,MACHINING,Feeding,"0.20",mm/rev,false,true,,,30,52,2025-11-15 04:17:41.439 +0700
523,MACHINING,Depth of Cut,"2",mm,false,true,,,32,52,2025-11-15 04:17:41.468 +0700
524,MACHINING,Lubrication,Coolant,"",true,false,,,33,52,2025-11-15 04:17:41.493 +0700
525,MACHINING,Condition Material After Machining,Over Size,"",true,false,,,36,52,2025-11-15 04:17:41.511 +0700
526,MACHINING,Operator Note,"","",false,false,,,49,52,2025-11-15 04:17:41.565 +0700
527,MACHINING,Process Machining,Finishing,"",true,false,,,16,53,2025-11-15 04:18:24.286 +0700
528,MACHINING,Material Type,Manufacture/Raw Material,"",true,false,,,62,53,2025-11-15 04:18:24.317 +0700
529,MACHINING,Consumable Insert,BA101,"",true,false,,,17,53,2025-11-15 04:18:24.347 +0700
530,MACHINING,Length Machining,"34",mm,false,true,,,20,53,2025-11-15 04:18:24.369 +0700
531,MACHINING,Dimension Before Machining,"147",mm,false,true,,,19,53,2025-11-15 04:18:24.387 +0700
532,MACHINING,Dimension After Machining,"148.9",mm,false,true,,,35,53,2025-11-15 04:18:24.400 +0700
533,MACHINING,RPM (Spindle Speed),"125",Rpm,false,true,,,26,53,2025-11-15 04:18:24.425 +0700
534,MACHINING,Feeding,"0.15",mm/rev,false,true,,,30,53,2025-11-15 04:18:24.448 +0700
535,MACHINING,Depth of Cut,"0.50",mm,false,true,,,32,53,2025-11-15 04:18:24.459 +0700
536,MACHINING,Lubrication,Coolant,"",true,false,,,33,53,2025-11-15 04:18:24.482 +0700
537,MACHINING,Condition Material After Machining,On Spec,"",true,false,,,36,53,2025-11-15 04:18:24.493 +0700
538,MACHINING,Operator Note,Oval,"",false,false,,,49,53,2025-11-15 04:18:24.509 +0700
539,MACHINING,Process Machining,Roughing,"",true,false,,,16,55,2025-11-15 04:21:36.946 +0700
540,MACHINING,Material Type,Welding,"",true,false,,,62,55,2025-11-15 04:21:36.963 +0700
541,MACHINING,Consumable Insert,CCMT09T304,"",true,false,,,17,55,2025-11-15 04:21:36.983 +0700
542,MACHINING,Length Machining,"280",mm,false,true,,,20,55,2025-11-15 04:21:36.998 +0700
543,MACHINING,Dimension Before Machining,"202",mm,false,true,,,19,55,2025-11-15 04:21:37.030 +0700
544,MACHINING,Dimension After Machining,"210",mm,false,true,,,35,55,2025-11-15 04:21:37.051 +0700
545,MACHINING,RPM (Spindle Speed),"250",Rpm,false,true,,,26,55,2025-11-15 04:21:37.064 +0700
546,MACHINING,Feeding,"0.06",mm/rev,false,true,,,30,55,2025-11-15 04:21:37.080 +0700
547,MACHINING,Depth of Cut,"4",mm,false,true,,,32,55,2025-11-15 04:21:37.097 +0700
548,MACHINING,Lubrication,Dry,"",true,false,,,33,55,2025-11-15 04:21:37.137 +0700
549,MACHINING,Condition Material After Machining,"","",true,false,,,36,55,2025-11-15 04:21:37.156 +0700
550,MACHINING,Operator Note,Lanjut machining tonspecc,"",false,false,,,49,55,2025-11-15 04:21:37.172 +0700
551,MACHINING,Process Machining,Honing,"",true,false,,,16,56,2025-11-15 13:05:41.902 +0700
552,MACHINING,Material Type,Manufacture/Raw Material,"",true,false,,,62,56,2025-11-15 13:05:41.925 +0700
553,MACHINING,Consumable Insert,Stone W47A45,"",true,false,,,17,56,2025-11-15 13:05:41.938 +0700
554,MACHINING,Length Machining,"2743",mm,false,true,,,20,56,2025-11-15 13:05:41.956 +0700
555,MACHINING,Dimension Before Machining,"235",mm,false,true,,,19,56,2025-11-15 13:05:41.993 +0700
556,MACHINING,Dimension After Machining,"235.150",mm,false,true,,,35,56,2025-11-15 13:05:42.007 +0700
557,MACHINING,RPM (Spindle Speed),"70",Rpm,false,true,,,26,56,2025-11-15 13:05:42.031 +0700
558,MACHINING,Feeding,"15",mm/rev,false,true,,,30,56,2025-11-15 13:05:42.044 +0700
559,MACHINING,Depth of Cut,"0.005",mm,false,true,,,32,56,2025-11-15 13:05:42.064 +0700
560,MACHINING,Lubrication,Coolant,"",true,false,,,33,56,2025-11-15 13:05:42.096 +0700
561,MACHINING,Condition Material After Machining,On Spec,"",true,false,,,36,56,2025-11-15 13:05:42.113 +0700
562,MACHINING,Operator Note,Lanjut proses berikutnya,"",false,false,,,49,56,2025-11-15 13:05:42.175 +0700
563,MACHINING,Process Machining,Finishing,"",true,false,,,16,57,2025-11-15 22:34:03.400 +0700
564,MACHINING,Material Type,Manufacture/Raw Material,"",true,false,,,62,57,2025-11-15 22:34:03.427 +0700
565,MACHINING,Consumable Insert,BA101,"",true,false,,,17,57,2025-11-15 22:34:03.444 +0700
566,MACHINING,Length Machining,"1090",mm,false,true,,,20,57,2025-11-15 22:34:03.472 +0700
567,MACHINING,Dimension Before Machining,"229.2",mm,false,true,,,19,57,2025-11-15 22:34:03.493 +0700
568,MACHINING,Dimension After Machining,"228.5",mm,false,true,,,35,57,2025-11-15 22:34:03.521 +0700
569,MACHINING,RPM (Spindle Speed),"57",Rpm,false,true,,,26,57,2025-11-15 22:34:03.536 +0700
570,MACHINING,Feeding,"0.2",mm/rev,false,true,,,30,57,2025-11-15 22:34:03.551 +0700
571,MACHINING,Depth of Cut,"0.7",mm,false,true,,,32,57,2025-11-15 22:34:03.567 +0700
572,MACHINING,Lubrication,Dry,"",true,false,,,33,57,2025-11-15 22:34:03.591 +0700
573,MACHINING,Condition Material After Machining,Crack,"",true,false,,,36,57,2025-11-15 22:34:03.622 +0700
574,MACHINING,Operator Note,"","",false,false,,,49,57,2025-11-15 22:34:03.635 +0700
575,MACHINING,Process Machining,Finishing,"",true,false,,,16,58,2025-11-15 22:34:21.339 +0700
576,MACHINING,Material Type,Manufacture/Raw Material,"",true,false,,,62,58,2025-11-15 22:34:21.359 +0700
577,MACHINING,Consumable Insert,BA101,"",true,false,,,17,58,2025-11-15 22:34:21.376 +0700
578,MACHINING,Length Machining,"1090",mm,false,true,,,20,58,2025-11-15 22:34:21.408 +0700
579,MACHINING,Dimension Before Machining,"229.2",mm,false,true,,,19,58,2025-11-15 22:34:21.439 +0700
580,MACHINING,Dimension After Machining,"228.5",mm,false,true,,,35,58,2025-11-15 22:34:21.452 +0700
581,MACHINING,RPM (Spindle Speed),"57",Rpm,false,true,,,26,58,2025-11-15 22:34:21.468 +0700
582,MACHINING,Feeding,"0.2",mm/rev,false,true,,,30,58,2025-11-15 22:34:21.484 +0700
583,MACHINING,Depth of Cut,"0.7",mm,false,true,,,32,58,2025-11-15 22:34:21.506 +0700
584,MACHINING,Lubrication,Dry,"",true,false,,,33,58,2025-11-15 22:34:21.530 +0700
585,MACHINING,Condition Material After Machining,Crack,"",true,false,,,36,58,2025-11-15 22:34:21.542 +0700
586,MACHINING,Operator Note,Porosity crack,"",false,false,,,49,58,2025-11-15 22:34:21.559 +0700
587,HCP - Stripping,Plating Time (hours),"3.00",Hours,false,true,,,50,60,2025-11-17 12:10:26.811 +0700
588,HCP - Stripping,Temperatur Plating (C),"",Celcius,false,true,,,51,60,2025-11-17 12:10:26.835 +0700
589,HCP - Stripping,Arus Plating (A),"200",Ampere,false,true,,,52,60,2025-11-17 12:10:26.851 +0700
590,HCP - Stripping,Voltage (V),"9000",Volt,false,true,,,134,60,2025-11-17 12:10:26.867 +0700
591,HCP - Stripping,Number Tank,"2","",true,false,,,59,60,2025-11-17 12:10:26.886 +0700
592,HCP - Stripping,Jumlah Process Chrome (Kali),"1","",true,false,,,60,60,2025-11-17 12:10:26.901 +0700
593,HCP - Stripping,Defect,No Defect,"",true,false,,,54,60,2025-11-17 12:10:26.925 +0700
594,HCP - Stripping,Solving,Dechrome,"",true,false,,,53,60,2025-11-17 12:10:26.944 +0700
595,HCP - Stripping,Note Plating,"","",false,false,,,136,60,2025-11-17 12:10:26.961 +0700
596,MACHINING,Process Machining,Roughing,"",true,false,,,16,63,2025-11-17 12:24:52.543 +0700
597,MACHINING,Material Type,Welding,"",true,false,,,62,63,2025-11-17 12:24:52.566 +0700
598,MACHINING,Consumable Insert,BA101,"",true,false,,,17,63,2025-11-17 12:24:52.586 +0700
599,MACHINING,Length Machining,"1075",mm,false,true,,,20,63,2025-11-17 12:24:52.601 +0700
600,MACHINING,Dimension Before Machining,"230",mm,false,true,,,19,63,2025-11-17 12:24:52.618 +0700
601,MACHINING,Dimension After Machining,"228.500",mm,false,true,,,35,63,2025-11-17 12:24:52.635 +0700
602,MACHINING,RPM (Spindle Speed),"250",Rpm,false,true,,,26,63,2025-11-17 12:24:52.655 +0700
603,MACHINING,Feeding,"00.10",mm/rev,false,true,,,30,63,2025-11-17 12:24:52.680 +0700
604,MACHINING,Depth of Cut,"0.3",mm,false,true,,,32,63,2025-11-17 12:24:52.692 +0700
605,MACHINING,Lubrication,Dry,"",true,false,,,33,63,2025-11-17 12:24:52.724 +0700
606,MACHINING,Condition Material After Machining,On Spec,"",true,false,,,36,63,2025-11-17 12:24:52.751 +0700
607,MACHINING,Operator Note,"","",false,false,,,49,63,2025-11-17 12:24:52.796 +0700
608,MACHINING,Process Machining,Roughing,"",true,false,,,16,64,2025-11-17 12:27:18.783 +0700
609,MACHINING,Material Type,Manufacture/Raw Material,"",true,false,,,62,64,2025-11-17 12:27:18.822 +0700
610,MACHINING,Consumable Insert,Dnmg,"",true,false,,,17,64,2025-11-17 12:27:18.855 +0700
611,MACHINING,Length Machining,"50",mm,false,true,,,20,64,2025-11-17 12:27:18.880 +0700
612,MACHINING,Dimension Before Machining,"346.1",mm,false,true,,,19,64,2025-11-17 12:27:18.901 +0700
613,MACHINING,Dimension After Machining,"346.6",mm,false,true,,,35,64,2025-11-17 12:27:18.929 +0700
614,MACHINING,RPM (Spindle Speed),"16",Rpm,false,true,,,26,64,2025-11-17 12:27:18.949 +0700
615,MACHINING,Feeding,"0.2",mm/rev,false,true,,,30,64,2025-11-17 12:27:18.965 +0700
616,MACHINING,Depth of Cut,"0.5",mm,false,true,,,32,64,2025-11-17 12:27:18.981 +0700
617,MACHINING,Lubrication,Dry,"",true,false,,,33,64,2025-11-17 12:27:19.031 +0700
618,MACHINING,Condition Material After Machining,Under Size,"",true,false,,,36,64,2025-11-17 12:27:19.081 +0700
619,MACHINING,Operator Note,"","",false,false,,,49,64,2025-11-17 12:27:19.122 +0700
620,MACHINING,Process Machining,Finishing,"",true,false,,,16,65,2025-11-17 12:28:05.861 +0700
621,MACHINING,Material Type,Manufacture/Raw Material,"",true,false,,,62,65,2025-11-17 12:28:05.895 +0700
622,MACHINING,Consumable Insert,Dnmg,"",true,false,,,17,65,2025-11-17 12:28:05.921 +0700
623,MACHINING,Length Machining,"50",mm,false,true,,,20,65,2025-11-17 12:28:05.940 +0700
624,MACHINING,Dimension Before Machining,"346.6",mm,false,true,,,19,65,2025-11-17 12:28:05.958 +0700
625,MACHINING,Dimension After Machining,"346.85",mm,false,true,,,35,65,2025-11-17 12:28:05.989 +0700
626,MACHINING,RPM (Spindle Speed),"16",Rpm,false,true,,,26,65,2025-11-17 12:28:06.020 +0700
627,MACHINING,Feeding,"0.2",mm/rev,false,true,,,30,65,2025-11-17 12:28:06.038 +0700
628,MACHINING,Depth of Cut,"0.25",mm,false,true,,,32,65,2025-11-17 12:28:06.054 +0700
629,MACHINING,Lubrication,Dry,"",true,false,,,33,65,2025-11-17 12:28:06.079 +0700
630,MACHINING,Condition Material After Machining,On Spec,"",true,false,,,36,65,2025-11-17 12:28:06.099 +0700
631,MACHINING,Operator Note,"","",false,false,,,49,65,2025-11-17 12:28:06.115 +0700
632,MACHINING,Process Machining,Roughing,"",true,false,,,16,66,2025-11-17 12:32:44.675 +0700
633,MACHINING,Material Type,Manufacture/Raw Material,"",true,false,,,62,66,2025-11-17 12:32:44.688 +0700
634,MACHINING,Consumable Insert,BA101,"",true,false,,,17,66,2025-11-17 12:32:44.704 +0700
635,MACHINING,Length Machining,"11.5",mm,false,true,,,20,66,2025-11-17 12:32:44.730 +0700
636,MACHINING,Dimension Before Machining,"88.9",mm,false,true,,,19,66,2025-11-17 12:32:44.756 +0700
637,MACHINING,Dimension After Machining,"103",mm,false,true,,,35,66,2025-11-17 12:32:44.770 +0700
638,MACHINING,RPM (Spindle Speed),"9.5",Rpm,false,true,,,26,66,2025-11-17 12:32:44.787 +0700
639,MACHINING,Feeding,"0.1",mm/rev,false,true,,,30,66,2025-11-17 12:32:44.806 +0700
640,MACHINING,Depth of Cut,"1",mm,false,true,,,32,66,2025-11-17 12:32:44.820 +0700
641,MACHINING,Lubrication,Tap Matic,"",true,false,,,33,66,2025-11-17 12:32:44.848 +0700
642,MACHINING,Condition Material After Machining,Under Size,"",true,false,,,36,66,2025-11-17 12:32:44.863 +0700
643,MACHINING,Operator Note,"","",false,false,,,49,66,2025-11-17 12:32:44.878 +0700
644,MACHINING,Process Machining,Finishing,"",true,false,,,16,67,2025-11-17 12:33:59.405 +0700
645,MACHINING,Material Type,Manufacture/Raw Material,"",true,false,,,62,67,2025-11-17 12:33:59.420 +0700
646,MACHINING,Consumable Insert,BA101,"",true,false,,,17,67,2025-11-17 12:33:59.456 +0700
647,MACHINING,Length Machining,"11.5",mm,false,true,,,20,67,2025-11-17 12:33:59.469 +0700
648,MACHINING,Dimension Before Machining,"103",mm,false,true,,,19,67,2025-11-17 12:33:59.487 +0700
649,MACHINING,Dimension After Machining,"104.75",mm,false,true,,,35,67,2025-11-17 12:33:59.501 +0700
650,MACHINING,RPM (Spindle Speed),"9.5",Rpm,false,true,,,26,67,2025-11-17 12:33:59.519 +0700
651,MACHINING,Feeding,"0.1",mm/rev,false,true,,,30,67,2025-11-17 12:33:59.553 +0700
652,MACHINING,Depth of Cut,"0.50",mm,false,true,,,32,67,2025-11-17 12:33:59.601 +0700
653,MACHINING,Lubrication,Tap Matic,"",true,false,,,33,67,2025-11-17 12:33:59.654 +0700
654,MACHINING,Condition Material After Machining,On Spec,"",true,false,,,36,67,2025-11-17 12:33:59.670 +0700
655,MACHINING,Operator Note,Hasil machining oval dan fibrasi,"",false,false,,,49,67,2025-11-17 12:33:59.688 +0700
656,General Welding,Welding Process,Root,"",true,false,,,34,69,2025-11-17 13:08:48.371 +0700
657,General Welding,Filler Material,"","",true,false,,,37,69,2025-11-17 13:08:48.401 +0700
658,General Welding,Electrode Type,FCAW,"",true,false,,,38,69,2025-11-17 13:08:48.417 +0700
659,General Welding,Wire Diameter,"1,6 mm","",true,false,,,39,69,2025-11-17 13:08:48.433 +0700
660,General Welding,Material Thickness,"40","",false,true,,,48,69,2025-11-17 13:08:48.451 +0700
661,General Welding,Position Welding,"3G","",true,false,,,40,69,2025-11-17 13:08:48.474 +0700
662,General Welding,Pre heat,"175",deg C,false,true,,,41,69,2025-11-17 13:08:48.496 +0700
663,General Welding,Gas Flowrate,"30",lpm,false,true,,,42,69,2025-11-17 13:08:48.516 +0700
664,General Welding,Amperage,"35",A,false,true,,,43,69,2025-11-17 13:08:48.534 +0700
665,General Welding,Voltage,"25",V,false,true,,,44,69,2025-11-17 13:08:48.550 +0700
666,General Welding,Temperature After Welding,"15",deg C,false,true,,,45,69,2025-11-17 13:08:48.610 +0700
667,General Welding,Treatment After Welding,Peening,"",true,false,,,46,69,2025-11-17 13:08:48.628 +0700
668,General Welding,Operator Note,"","",false,false,,,47,69,2025-11-17 13:08:48.641 +0700
669,Arc Spray,Part Name,Piston parking B,"",false,false,,,145,70,2025-11-17 13:20:52.739 +0700
670,Arc Spray,Model,"773","",false,true,,,146,70,2025-11-17 13:20:52.753 +0700
671,Arc Spray,Condition,New,"",true,false,,,147,70,2025-11-17 13:20:52.771 +0700
672,Arc Spray,Coating,Bond & Top,"",true,false,,,148,70,2025-11-17 13:20:52.798 +0700
673,Arc Spray,Surface Area,Round (Rotating),"",true,false,,,149,70,2025-11-17 13:20:52.821 +0700
674,Arc Spray,Rougness Blasting/Ra,"12","",false,true,,,150,70,2025-11-17 13:20:52.864 +0700
675,Arc Spray,Spec Diameter (Round)/Panjang (Flat),"469.9","",false,true,,,151,70,2025-11-17 13:20:52.890 +0700
676,Arc Spray,Spec Lenght (Round) / Lebar (Flat),"7","",false,true,,,152,70,2025-11-17 13:20:52.919 +0700
677,Arc Spray,Area Repair,ID Seal Contact,"",true,false,,,153,70,2025-11-17 13:20:52.944 +0700
678,Arc Spray,Diameter After Blast,"470.6","",false,true,,,154,70,2025-11-17 13:20:52.962 +0700
679,Arc Spray,Diameter After Bond,"470.3","",false,true,,,155,70,2025-11-17 13:20:52.979 +0700
680,Arc Spray,Diameter After Top,"468.8","",false,true,,,156,70,2025-11-17 13:20:53.006 +0700
681,Arc Spray,Material Bond Coat,AS175,"",true,false,,,157,70,2025-11-17 13:20:53.030 +0700
682,Arc Spray,Wire 1 Lot # Bond Coat,"25037693","",false,false,,,158,70,2025-11-17 13:20:53.064 +0700
683,Arc Spray,Wire 2 Lot # Bond Coat,"25037693","",false,false,,,159,70,2025-11-17 13:20:53.081 +0700
684,Arc Spray,Primary Air Pressure (Psi) Bond Coat,"80","",false,true,,,160,70,2025-11-17 13:20:53.101 +0700
685,Arc Spray,Arc Voltage (V) Bond Coat,"31","",false,true,,,161,70,2025-11-17 13:20:53.132 +0700
686,Arc Spray,Arc Current (Amps) Bond Coat,"160","",false,true,,,162,70,2025-11-17 13:20:53.146 +0700
687,Arc Spray,Rotation Speed of Part (rpm) Bond Coat,"80","",false,true,,,163,70,2025-11-17 13:20:53.163 +0700
688,Arc Spray,Traverse Rate of Gun (mm/s) Bond Coat,"5","",false,true,,,164,70,2025-11-17 13:20:53.180 +0700
689,Arc Spray,Bondcoat Robot cycle (Pass),"3","",false,true,,,165,70,2025-11-17 13:20:53.206 +0700
690,Arc Spray,Material Top Coat,AS130,"",true,false,,,166,70,2025-11-17 13:20:53.238 +0700
691,Arc Spray,Wire 1 Lot # Top Coat,"24033990","",false,false,,,167,70,2025-11-17 13:20:53.265 +0700
692,Arc Spray,Wire 2 Lot # Top Coat,"24033990","",false,false,,,168,70,2025-11-17 13:20:53.285 +0700
693,Arc Spray,Primary Air Pressure (Psi) Top Coat,"80","",false,true,,,169,70,2025-11-17 13:20:53.310 +0700
694,Arc Spray,Arc Voltage (V) Top Coat,"31","",false,true,,,170,70,2025-11-17 13:20:53.348 +0700
695,Arc Spray,Arc Current (Amps) Top Coat,"175","",false,true,,,171,70,2025-11-17 13:20:53.377 +0700
696,Arc Spray,Rotation Speed of Part (rpm) Top Coat,"80","",false,true,,,172,70,2025-11-17 13:20:53.402 +0700
697,Arc Spray,Traverse Rate of Gun (mm/s) Top Coat,"5","",false,true,,,173,70,2025-11-17 13:20:53.430 +0700
698,Arc Spray,Top coat Robot cycle (Pass),"4","",false,true,,,174,70,2025-11-17 13:20:53.455 +0700
699,Arc Spray,Dictol,Not Used,"",true,false,,,175,70,2025-11-17 13:20:53.476 +0700
700,Arc Spray,Part Name,Piston parking B,"",false,false,,,145,71,2025-11-17 13:21:00.805 +0700
701,Arc Spray,Model,"773","",false,true,,,146,71,2025-11-17 13:21:00.821 +0700
702,Arc Spray,Condition,New,"",true,false,,,147,71,2025-11-17 13:21:00.837 +0700
703,Arc Spray,Coating,Bond & Top,"",true,false,,,148,71,2025-11-17 13:21:00.854 +0700
704,Arc Spray,Surface Area,Round (Rotating),"",true,false,,,149,71,2025-11-17 13:21:00.919 +0700
705,Arc Spray,Rougness Blasting/Ra,"12","",false,true,,,150,71,2025-11-17 13:21:01.008 +0700
706,Arc Spray,Spec Diameter (Round)/Panjang (Flat),"469.9","",false,true,,,151,71,2025-11-17 13:21:01.028 +0700
707,Arc Spray,Spec Lenght (Round) / Lebar (Flat),"7","",false,true,,,152,71,2025-11-17 13:21:01.045 +0700
708,Arc Spray,Area Repair,ID Seal Contact,"",true,false,,,153,71,2025-11-17 13:21:01.076 +0700
709,Arc Spray,Diameter After Blast,"470.6","",false,true,,,154,71,2025-11-17 13:21:01.103 +0700
710,Arc Spray,Diameter After Bond,"470.3","",false,true,,,155,71,2025-11-17 13:21:01.120 +0700
711,Arc Spray,Diameter After Top,"468.8","",false,true,,,156,71,2025-11-17 13:21:01.139 +0700
712,Arc Spray,Material Bond Coat,AS175,"",true,false,,,157,71,2025-11-17 13:21:01.155 +0700
713,Arc Spray,Wire 1 Lot # Bond Coat,"25037693","",false,false,,,158,71,2025-11-17 13:21:01.178 +0700
714,Arc Spray,Wire 2 Lot # Bond Coat,"25037693","",false,false,,,159,71,2025-11-17 13:21:01.195 +0700
715,Arc Spray,Primary Air Pressure (Psi) Bond Coat,"80","",false,true,,,160,71,2025-11-17 13:21:01.213 +0700
716,Arc Spray,Arc Voltage (V) Bond Coat,"31","",false,true,,,161,71,2025-11-17 13:21:01.228 +0700
717,Arc Spray,Arc Current (Amps) Bond Coat,"160","",false,true,,,162,71,2025-11-17 13:21:01.270 +0700
718,Arc Spray,Rotation Speed of Part (rpm) Bond Coat,"80","",false,true,,,163,71,2025-11-17 13:21:01.315 +0700
719,Arc Spray,Traverse Rate of Gun (mm/s) Bond Coat,"5","",false,true,,,164,71,2025-11-17 13:21:01.328 +0700
720,Arc Spray,Bondcoat Robot cycle (Pass),"3","",false,true,,,165,71,2025-11-17 13:21:01.358 +0700
721,Arc Spray,Material Top Coat,AS130,"",true,false,,,166,71,2025-11-17 13:21:01.383 +0700
722,Arc Spray,Wire 1 Lot # Top Coat,"24033990","",false,false,,,167,71,2025-11-17 13:21:01.421 +0700
723,Arc Spray,Wire 2 Lot # Top Coat,"24033990","",false,false,,,168,71,2025-11-17 13:21:01.463 +0700
724,Arc Spray,Primary Air Pressure (Psi) Top Coat,"80","",false,true,,,169,71,2025-11-17 13:21:01.485 +0700
725,Arc Spray,Arc Voltage (V) Top Coat,"31","",false,true,,,170,71,2025-11-17 13:21:01.522 +0700
726,Arc Spray,Arc Current (Amps) Top Coat,"175","",false,true,,,171,71,2025-11-17 13:21:01.537 +0700
727,Arc Spray,Rotation Speed of Part (rpm) Top Coat,"80","",false,true,,,172,71,2025-11-17 13:21:01.564 +0700
728,Arc Spray,Traverse Rate of Gun (mm/s) Top Coat,"5","",false,true,,,173,71,2025-11-17 13:21:01.588 +0700
729,Arc Spray,Top coat Robot cycle (Pass),"4","",false,true,,,174,71,2025-11-17 13:21:01.604 +0700
730,Arc Spray,Dictol,Not Used,"",true,false,,,175,71,2025-11-17 13:21:01.630 +0700
731,Arc Spray,Part Name,Piston parking B,"",false,false,,,145,74,2025-11-17 13:34:48.998 +0700
732,Arc Spray,Model,"773","",false,true,,,146,74,2025-11-17 13:34:49.011 +0700
733,Arc Spray,Condition,New,"",true,false,,,147,74,2025-11-17 13:34:49.028 +0700
734,Arc Spray,Coating,Bond & Top,"",true,false,,,148,74,2025-11-17 13:34:49.058 +0700
735,Arc Spray,Surface Area,Round (Rotating),"",true,false,,,149,74,2025-11-17 13:34:49.085 +0700
736,Arc Spray,Rougness Blasting/Ra,"12","",false,true,,,150,74,2025-11-17 13:34:49.102 +0700
737,Arc Spray,Spec Diameter (Round)/Panjang (Flat),"546.1","",false,true,,,151,74,2025-11-17 13:34:49.123 +0700
738,Arc Spray,Spec Lenght (Round) / Lebar (Flat),"7","",false,true,,,152,74,2025-11-17 13:34:49.137 +0700
739,Arc Spray,Area Repair,ID Seal Contact,"",true,false,,,153,74,2025-11-17 13:34:49.371 +0700
740,Arc Spray,Diameter After Blast,"546.8","",false,true,,,154,74,2025-11-17 13:34:49.393 +0700
741,Arc Spray,Diameter After Bond,"546.5","",false,true,,,155,74,2025-11-17 13:34:49.413 +0700
742,Arc Spray,Diameter After Top,"545.0","",false,true,,,156,74,2025-11-17 13:34:49.428 +0700
743,Arc Spray,Material Bond Coat,AS175,"",true,false,,,157,74,2025-11-17 13:34:49.445 +0700
744,Arc Spray,Wire 1 Lot # Bond Coat,"25037693","",false,false,,,158,74,2025-11-17 13:34:49.494 +0700
745,Arc Spray,Wire 2 Lot # Bond Coat,"25037693","",false,false,,,159,74,2025-11-17 13:34:49.522 +0700
746,Arc Spray,Primary Air Pressure (Psi) Bond Coat,"80","",false,true,,,160,74,2025-11-17 13:34:49.547 +0700
747,Arc Spray,Arc Voltage (V) Bond Coat,"31","",false,true,,,161,74,2025-11-17 13:34:49.814 +0700
748,Arc Spray,Arc Current (Amps) Bond Coat,"160","",false,true,,,162,74,2025-11-17 13:34:49.842 +0700
749,Arc Spray,Rotation Speed of Part (rpm) Bond Coat,"80","",false,true,,,163,74,2025-11-17 13:34:49.874 +0700
750,Arc Spray,Traverse Rate of Gun (mm/s) Bond Coat,"5","",false,true,,,164,74,2025-11-17 13:34:49.897 +0700
751,Arc Spray,Bondcoat Robot cycle (Pass),"3","",false,true,,,165,74,2025-11-17 13:34:49.922 +0700
752,Arc Spray,Material Top Coat,AS130,"",true,false,,,166,74,2025-11-17 13:34:49.947 +0700
753,Arc Spray,Wire 1 Lot # Top Coat,"24033990","",false,false,,,167,74,2025-11-17 13:34:49.976 +0700
754,Arc Spray,Wire 2 Lot # Top Coat,"24033996","",false,false,,,168,74,2025-11-17 13:34:50.019 +0700
755,Arc Spray,Primary Air Pressure (Psi) Top Coat,"80","",false,true,,,169,74,2025-11-17 13:34:50.054 +0700
756,Arc Spray,Arc Voltage (V) Top Coat,"31","",false,true,,,170,74,2025-11-17 13:34:50.078 +0700
757,Arc Spray,Arc Current (Amps) Top Coat,"175","",false,true,,,171,74,2025-11-17 13:34:50.104 +0700
758,Arc Spray,Rotation Speed of Part (rpm) Top Coat,"80","",false,true,,,172,74,2025-11-17 13:34:50.133 +0700
759,Arc Spray,Traverse Rate of Gun (mm/s) Top Coat,"5","",false,true,,,173,74,2025-11-17 13:34:50.155 +0700
760,Arc Spray,Top coat Robot cycle (Pass),"4","",false,true,,,174,74,2025-11-17 13:34:50.184 +0700
761,Arc Spray,Dictol,Not Used,"",true,false,,,175,74,2025-11-17 13:34:50.215 +0700
762,Arc Spray,Part Name,Piston parking B,"",false,false,,,145,75,2025-11-17 13:34:53.295 +0700
763,Arc Spray,Model,"773","",false,true,,,146,75,2025-11-17 13:34:53.312 +0700
764,Arc Spray,Condition,New,"",true,false,,,147,75,2025-11-17 13:34:53.326 +0700
765,Arc Spray,Coating,Bond & Top,"",true,false,,,148,75,2025-11-17 13:34:53.353 +0700
766,Arc Spray,Surface Area,Round (Rotating),"",true,false,,,149,75,2025-11-17 13:34:53.377 +0700
767,Arc Spray,Rougness Blasting/Ra,"12","",false,true,,,150,75,2025-11-17 13:34:53.398 +0700
768,Arc Spray,Spec Diameter (Round)/Panjang (Flat),"546.1","",false,true,,,151,75,2025-11-17 13:34:53.410 +0700
769,Arc Spray,Spec Lenght (Round) / Lebar (Flat),"7","",false,true,,,152,75,2025-11-17 13:34:53.430 +0700
770,Arc Spray,Area Repair,ID Seal Contact,"",true,false,,,153,75,2025-11-17 13:34:53.444 +0700
771,Arc Spray,Diameter After Blast,"546.8","",false,true,,,154,75,2025-11-17 13:34:53.461 +0700
772,Arc Spray,Diameter After Bond,"546.5","",false,true,,,155,75,2025-11-17 13:34:53.486 +0700
773,Arc Spray,Diameter After Top,"545.0","",false,true,,,156,75,2025-11-17 13:34:53.504 +0700
774,Arc Spray,Material Bond Coat,AS175,"",true,false,,,157,75,2025-11-17 13:34:53.521 +0700
775,Arc Spray,Wire 1 Lot # Bond Coat,"25037693","",false,false,,,158,75,2025-11-17 13:34:53.537 +0700
776,Arc Spray,Wire 2 Lot # Bond Coat,"25037693","",false,false,,,159,75,2025-11-17 13:34:53.558 +0700
777,Arc Spray,Primary Air Pressure (Psi) Bond Coat,"80","",false,true,,,160,75,2025-11-17 13:34:53.581 +0700
778,Arc Spray,Arc Voltage (V) Bond Coat,"31","",false,true,,,161,75,2025-11-17 13:34:53.597 +0700
779,Arc Spray,Arc Current (Amps) Bond Coat,"160","",false,true,,,162,75,2025-11-17 13:34:53.614 +0700
780,Arc Spray,Rotation Speed of Part (rpm) Bond Coat,"80","",false,true,,,163,75,2025-11-17 13:34:53.629 +0700
781,Arc Spray,Traverse Rate of Gun (mm/s) Bond Coat,"5","",false,true,,,164,75,2025-11-17 13:34:53.646 +0700
782,Arc Spray,Bondcoat Robot cycle (Pass),"3","",false,true,,,165,75,2025-11-17 13:34:53.667 +0700
783,Arc Spray,Material Top Coat,AS130,"",true,false,,,166,75,2025-11-17 13:34:53.683 +0700
784,Arc Spray,Wire 1 Lot # Top Coat,"24033990","",false,false,,,167,75,2025-11-17 13:34:53.698 +0700
785,Arc Spray,Wire 2 Lot # Top Coat,"24033996","",false,false,,,168,75,2025-11-17 13:34:53.716 +0700
786,Arc Spray,Primary Air Pressure (Psi) Top Coat,"80","",false,true,,,169,75,2025-11-17 13:34:53.738 +0700
787,Arc Spray,Arc Voltage (V) Top Coat,"31","",false,true,,,170,75,2025-11-17 13:34:53.763 +0700
788,Arc Spray,Arc Current (Amps) Top Coat,"175","",false,true,,,171,75,2025-11-17 13:34:53.785 +0700
789,Arc Spray,Rotation Speed of Part (rpm) Top Coat,"80","",false,true,,,172,75,2025-11-17 13:34:53.808 +0700
790,Arc Spray,Traverse Rate of Gun (mm/s) Top Coat,"5","",false,true,,,173,75,2025-11-17 13:34:53.828 +0700
791,Arc Spray,Top coat Robot cycle (Pass),"4","",false,true,,,174,75,2025-11-17 13:34:53.851 +0700
792,Arc Spray,Dictol,Not Used,"",true,false,,,175,75,2025-11-17 13:34:53.888 +0700
793,MACHINING,Process Machining,Finishing,"",true,false,,,16,77,2025-11-17 13:46:38.441 +0700
794,MACHINING,Material Type,Manufacture/Raw Material,"",true,false,,,62,77,2025-11-17 13:46:38.487 +0700
795,MACHINING,Consumable Insert,BA101,"",true,false,,,17,77,2025-11-17 13:46:38.509 +0700
796,MACHINING,Length Machining,"",mm,false,true,,,20,77,2025-11-17 13:46:38.535 +0700
797,MACHINING,Dimension Before Machining,"28.45",mm,false,true,,,19,77,2025-11-17 13:46:38.558 +0700
798,MACHINING,Dimension After Machining,"28.25",mm,false,true,,,35,77,2025-11-17 13:46:38.575 +0700
799,MACHINING,RPM (Spindle Speed),"400",Rpm,false,true,,,26,77,2025-11-17 13:46:38.593 +0700
800,MACHINING,Feeding,"00.10",mm/rev,false,true,,,30,77,2025-11-17 13:46:38.611 +0700
801,MACHINING,Depth of Cut,"00.20",mm,false,true,,,32,77,2025-11-17 13:46:38.629 +0700
802,MACHINING,Lubrication,Dry,"",true,false,,,33,77,2025-11-17 13:46:38.643 +0700
803,MACHINING,Condition Material After Machining,On Spec,"",true,false,,,36,77,2025-11-17 13:46:38.672 +0700
804,MACHINING,Operator Note,Skim flatness,"",false,false,,,49,77,2025-11-17 13:46:38.692 +0700
805,SAW,Filler Material,Bohler EM12K,"",true,false,,,14,78,2025-11-17 14:43:13.681 +0700
806,SAW,Flux,LINCOLN A96S,"",true,true,,,144,78,2025-11-17 14:43:13.705 +0700
807,SAW,Wire Diameter,"1,0 mm","",true,false,,,15,78,2025-11-17 14:43:13.718 +0700
808,SAW,Diameter Before Welding,"176",mm,false,true,,,21,78,2025-11-17 14:43:13.735 +0700
809,SAW,Pre heat,"134",deg C,false,true,,,22,78,2025-11-17 14:43:13.750 +0700
810,SAW,Amperage,"280",A,false,true,,,23,78,2025-11-17 14:43:13.768 +0700
811,SAW,Voltage,"25",V,false,true,,,24,78,2025-11-17 14:43:13.784 +0700
812,SAW,Speed Frekuensi,"50",Hz,false,false,,,18,78,2025-11-17 14:43:13.806 +0700
813,SAW,Temperature After Welding,"166",deg C,false,true,,,25,78,2025-11-17 14:43:13.819 +0700
814,SAW,Diameter After Welding Area 1,"181",mm,false,true,,,27,78,2025-11-17 14:43:13.834 +0700
815,SAW,Diameter After Welding Area 2,"0",mm,false,true,,,28,78,2025-11-17 14:43:13.853 +0700
816,SAW,Lenght Welding,"240",mm,false,true,,,29,78,2025-11-17 14:43:13.903 +0700
817,SAW,Operator Note,"","",false,false,,,31,78,2025-11-17 14:43:13.922 +0700
818,SAW,Filler Material,Bohler EM12K,"",true,false,,,14,79,2025-11-17 14:43:22.164 +0700
819,SAW,Flux,LINCOLN A96S,"",true,true,,,144,79,2025-11-17 14:43:22.180 +0700
820,SAW,Wire Diameter,"1,0 mm","",true,false,,,15,79,2025-11-17 14:43:22.199 +0700
821,SAW,Diameter Before Welding,"176",mm,false,true,,,21,79,2025-11-17 14:43:22.219 +0700
822,SAW,Pre heat,"134",deg C,false,true,,,22,79,2025-11-17 14:43:22.243 +0700
823,SAW,Amperage,"280",A,false,true,,,23,79,2025-11-17 14:43:22.265 +0700
824,SAW,Voltage,"25",V,false,true,,,24,79,2025-11-17 14:43:22.294 +0700
825,SAW,Speed Frekuensi,"50",Hz,false,false,,,18,79,2025-11-17 14:43:22.312 +0700
826,SAW,Temperature After Welding,"166",deg C,false,true,,,25,79,2025-11-17 14:43:22.334 +0700
827,SAW,Diameter After Welding Area 1,"181",mm,false,true,,,27,79,2025-11-17 14:43:22.359 +0700
828,SAW,Diameter After Welding Area 2,"0",mm,false,true,,,28,79,2025-11-17 14:43:22.377 +0700
829,SAW,Lenght Welding,"240",mm,false,true,,,29,79,2025-11-17 14:43:22.402 +0700
830,SAW,Operator Note,"","",false,false,,,31,79,2025-11-17 14:43:22.419 +0700
831,MACHINING,Process Machining,Roughing,"",true,false,,,16,81,2025-11-17 16:31:14.530 +0700
832,MACHINING,Material Type,Manufacture/Raw Material,"",true,false,,,62,81,2025-11-17 16:31:14.556 +0700
833,MACHINING,Consumable Insert,BA101,"",true,false,,,17,81,2025-11-17 16:31:14.573 +0700
834,MACHINING,Length Machining,"196",mm,false,true,,,20,81,2025-11-17 16:31:14.617 +0700
835,MACHINING,Dimension Before Machining,"220",mm,false,true,,,19,81,2025-11-17 16:31:14.631 +0700
836,MACHINING,Dimension After Machining,"220",mm,false,true,,,35,81,2025-11-17 16:31:14.666 +0700
837,MACHINING,RPM (Spindle Speed),"52",Rpm,false,true,,,26,81,2025-11-17 16:31:14.684 +0700
838,MACHINING,Feeding,"3",mm/rev,false,true,,,30,81,2025-11-17 16:31:14.697 +0700
839,MACHINING,Depth of Cut,"3",mm,false,true,,,32,81,2025-11-17 16:31:14.727 +0700
840,MACHINING,Lubrication,Coolant,"",true,false,,,33,81,2025-11-17 16:31:14.742 +0700
841,MACHINING,Condition Material After Machining,Over Size,"",true,false,,,36,81,2025-11-17 16:31:14.761 +0700
842,MACHINING,Operator Note,Agus k,"",false,false,,,49,81,2025-11-17 16:31:14.773 +0700
843,Arc Spray,Part Name,Piston parking,"",false,false,,,145,84,2025-11-17 19:08:39.694 +0700
844,Arc Spray,Model,"773","",false,true,,,146,84,2025-11-17 19:08:39.711 +0700
845,Arc Spray,Condition,New,"",true,false,,,147,84,2025-11-17 19:08:39.734 +0700
846,Arc Spray,Coating,Bond,"",true,false,,,148,84,2025-11-17 19:08:39.757 +0700
847,Arc Spray,Surface Area,Flat (Non Rotating),"",true,false,,,149,84,2025-11-17 19:08:39.770 +0700
848,Arc Spray,Rougness Blasting/Ra,"0","",false,true,,,150,84,2025-11-17 19:08:39.786 +0700
849,Arc Spray,Spec Diameter (Round)/Panjang (Flat),"628.6","",false,true,,,151,84,2025-11-17 19:08:39.801 +0700
850,Arc Spray,Spec Lenght (Round) / Lebar (Flat),"0","",false,true,,,152,84,2025-11-17 19:08:39.820 +0700
851,Arc Spray,Area Repair,OD Bearing Contact,"",true,false,,,153,84,2025-11-17 19:08:39.858 +0700
852,Arc Spray,Diameter After Blast,"627.5","",false,true,,,154,84,2025-11-17 19:08:39.877 +0700
853,Arc Spray,Diameter After Bond,"628.25","",false,true,,,155,84,2025-11-17 19:08:39.894 +0700
854,Arc Spray,Diameter After Top,"629.8","",false,true,,,156,84,2025-11-17 19:08:39.910 +0700
855,Arc Spray,Material Bond Coat,AS175,"",true,false,,,157,84,2025-11-17 19:08:39.929 +0700
856,Arc Spray,Wire 1 Lot # Bond Coat,"25037693","",false,false,,,158,84,2025-11-17 19:08:39.952 +0700
857,Arc Spray,Wire 2 Lot # Bond Coat,"25037693","",false,false,,,159,84,2025-11-17 19:08:39.969 +0700
858,Arc Spray,Primary Air Pressure (Psi) Bond Coat,"80","",false,true,,,160,84,2025-11-17 19:08:39.987 +0700
859,Arc Spray,Arc Voltage (V) Bond Coat,"31","",false,true,,,161,84,2025-11-17 19:08:40.003 +0700
860,Arc Spray,Arc Current (Amps) Bond Coat,"175","",false,true,,,162,84,2025-11-17 19:08:40.025 +0700
861,Arc Spray,Rotation Speed of Part (rpm) Bond Coat,"17","",false,true,,,163,84,2025-11-17 19:08:40.058 +0700
862,Arc Spray,Traverse Rate of Gun (mm/s) Bond Coat,"250","",false,true,,,164,84,2025-11-17 19:08:40.075 +0700
863,Arc Spray,Bondcoat Robot cycle (Pass),"6","",false,true,,,165,84,2025-11-17 19:08:40.092 +0700
864,Arc Spray,Material Top Coat,AS130,"",true,false,,,166,84,2025-11-17 19:08:40.109 +0700
865,Arc Spray,Wire 1 Lot # Top Coat,"24033990","",false,false,,,167,84,2025-11-17 19:08:40.127 +0700
866,Arc Spray,Wire 2 Lot # Top Coat,"24033990","",false,false,,,168,84,2025-11-17 19:08:40.158 +0700
867,Arc Spray,Primary Air Pressure (Psi) Top Coat,"80","",false,true,,,169,84,2025-11-17 19:08:40.185 +0700
868,Arc Spray,Arc Voltage (V) Top Coat,"31","",false,true,,,170,84,2025-11-17 19:08:40.212 +0700
869,Arc Spray,Arc Current (Amps) Top Coat,"165","",false,true,,,171,84,2025-11-17 19:08:40.236 +0700
870,Arc Spray,Rotation Speed of Part (rpm) Top Coat,"17","",false,true,,,172,84,2025-11-17 19:08:40.261 +0700
871,Arc Spray,Traverse Rate of Gun (mm/s) Top Coat,"200","",false,true,,,173,84,2025-11-17 19:08:40.288 +0700
872,Arc Spray,Top coat Robot cycle (Pass),"6","",false,true,,,174,84,2025-11-17 19:08:40.310 +0700
873,Arc Spray,Dictol,Used,"",true,false,,,175,84,2025-11-17 19:08:40.335 +0700
874,MACHINING,Process Machining,Honing,"",true,false,,,16,86,2025-11-17 21:58:14.947 +0700
875,MACHINING,Material Type,Manufacture/Raw Material,"",true,false,,,62,86,2025-11-17 21:58:14.966 +0700
876,MACHINING,Consumable Insert,Stone w47a45,"",true,false,,,17,86,2025-11-17 21:58:14.999 +0700
877,MACHINING,Length Machining,"230.160",mm,false,true,,,20,86,2025-11-17 21:58:15.028 +0700
878,MACHINING,Dimension Before Machining,"88.750",mm,false,true,,,19,86,2025-11-17 21:58:15.052 +0700
879,MACHINING,Dimension After Machining,"88.945",mm,false,true,,,35,86,2025-11-17 21:58:15.068 +0700
880,MACHINING,RPM (Spindle Speed),"60",Rpm,false,true,,,26,86,2025-11-17 21:58:15.085 +0700
881,MACHINING,Feeding,"14",mm/rev,false,true,,,30,86,2025-11-17 21:58:15.100 +0700
882,MACHINING,Depth of Cut,"0.05",mm,false,true,,,32,86,2025-11-17 21:58:15.122 +0700
883,MACHINING,Lubrication,Coolant,"",true,false,,,33,86,2025-11-17 21:58:15.140 +0700
884,MACHINING,Condition Material After Machining,On Spec,"",true,false,,,36,86,2025-11-17 21:58:15.161 +0700
885,MACHINING,Operator Note,Lanjut proses berikutnya,"",false,false,,,49,86,2025-11-17 21:58:15.191 +0700
886,MACHINING,Process Machining,Roughing,"",true,false,,,16,87,2025-11-18 04:05:13.272 +0700
887,MACHINING,Material Type,Manufacture/Raw Material,"",true,false,,,62,87,2025-11-18 04:05:13.302 +0700
888,MACHINING,Consumable Insert,BA101,"",true,false,,,17,87,2025-11-18 04:05:13.317 +0700
889,MACHINING,Length Machining,"76",mm,false,true,,,20,87,2025-11-18 04:05:13.343 +0700
890,MACHINING,Dimension Before Machining,"224",mm,false,true,,,19,87,2025-11-18 04:05:13.358 +0700
891,MACHINING,Dimension After Machining,"227",mm,false,true,,,35,87,2025-11-18 04:05:13.373 +0700
892,MACHINING,RPM (Spindle Speed),"160",Rpm,false,true,,,26,87,2025-11-18 04:05:13.406 +0700
893,MACHINING,Feeding,"3",mm/rev,false,true,,,30,87,2025-11-18 04:05:13.425 +0700
894,MACHINING,Depth of Cut,"1",mm,false,true,,,32,87,2025-11-18 04:05:13.441 +0700
895,MACHINING,Lubrication,Dry,"",true,false,,,33,87,2025-11-18 04:05:13.458 +0700
896,MACHINING,Condition Material After Machining,On Spec,"",true,false,,,36,87,2025-11-18 04:05:13.475 +0700
897,MACHINING,Operator Note,Lanjut machining masih under ,"",false,false,,,49,87,2025-11-18 04:05:13.492 +0700
898,MACHINING,Process Machining,Roughing,"",true,false,,,16,88,2025-11-18 04:05:18.059 +0700
899,MACHINING,Material Type,Manufacture/Raw Material,"",true,false,,,62,88,2025-11-18 04:05:18.075 +0700
900,MACHINING,Consumable Insert,BA101,"",true,false,,,17,88,2025-11-18 04:05:18.091 +0700
901,MACHINING,Length Machining,"76",mm,false,true,,,20,88,2025-11-18 04:05:18.121 +0700
902,MACHINING,Dimension Before Machining,"224",mm,false,true,,,19,88,2025-11-18 04:05:18.135 +0700
903,MACHINING,Dimension After Machining,"227",mm,false,true,,,35,88,2025-11-18 04:05:18.150 +0700
904,MACHINING,RPM (Spindle Speed),"160",Rpm,false,true,,,26,88,2025-11-18 04:05:18.167 +0700
905,MACHINING,Feeding,"3",mm/rev,false,true,,,30,88,2025-11-18 04:05:18.186 +0700
906,MACHINING,Depth of Cut,"1",mm,false,true,,,32,88,2025-11-18 04:05:18.216 +0700
907,MACHINING,Lubrication,Dry,"",true,false,,,33,88,2025-11-18 04:05:18.240 +0700
908,MACHINING,Condition Material After Machining,On Spec,"",true,false,,,36,88,2025-11-18 04:05:18.268 +0700
909,MACHINING,Operator Note,Lanjut machining masih under ,"",false,false,,,49,88,2025-11-18 04:05:18.293 +0700
910,MACHINING,Process Machining,Finishing,"",true,false,,,16,89,2025-11-18 04:20:42.881 +0700
911,MACHINING,Material Type,Welding,"",true,false,,,62,89,2025-11-18 04:20:42.907 +0700
912,MACHINING,Consumable Insert,BA402,"",true,false,,,17,89,2025-11-18 04:20:42.942 +0700
913,MACHINING,Length Machining,"228.6",mm,false,true,,,20,89,2025-11-18 04:20:42.961 +0700
914,MACHINING,Dimension Before Machining,"231.7",mm,false,true,,,19,89,2025-11-18 04:20:42.995 +0700
915,MACHINING,Dimension After Machining,"238.25",mm,false,true,,,35,89,2025-11-18 04:20:43.029 +0700
916,MACHINING,RPM (Spindle Speed),"125",Rpm,false,true,,,26,89,2025-11-18 04:20:43.059 +0700
917,MACHINING,Feeding,"0.06",mm/rev,false,true,,,30,89,2025-11-18 04:20:43.075 +0700
918,MACHINING,Depth of Cut,"0.3",mm,false,true,,,32,89,2025-11-18 04:20:43.112 +0700
919,MACHINING,Lubrication,Dry,"",true,false,,,33,89,2025-11-18 04:20:43.155 +0700
920,MACHINING,Condition Material After Machining,On Spec,"",true,false,,,36,89,2025-11-18 04:20:43.183 +0700
921,MACHINING,Operator Note,Ada slag,"",false,false,,,49,89,2025-11-18 04:20:43.215 +0700
922,MACHINING,Process Machining,Honing,"",true,false,,,16,90,2025-11-18 07:41:52.617 +0700
923,MACHINING,Material Type,Manufacture/Raw Material,"",true,false,,,62,90,2025-11-18 07:41:52.644 +0700
924,MACHINING,Consumable Insert,Stone A45,"",true,false,,,17,90,2025-11-18 07:41:52.669 +0700
925,MACHINING,Length Machining,"75",mm,false,true,,,20,90,2025-11-18 07:41:52.686 +0700
926,MACHINING,Dimension Before Machining,"234.400",mm,false,true,,,19,90,2025-11-18 07:41:52.702 +0700
927,MACHINING,Dimension After Machining,"235.1",mm,false,true,,,35,90,2025-11-18 07:41:52.717 +0700
928,MACHINING,RPM (Spindle Speed),"65",Rpm,false,true,,,26,90,2025-11-18 07:41:52.740 +0700
929,MACHINING,Feeding,"2",mm/rev,false,true,,,30,90,2025-11-18 07:41:52.774 +0700
930,MACHINING,Depth of Cut,"0.7",mm,false,true,,,32,90,2025-11-18 07:41:52.794 +0700
931,MACHINING,Lubrication,Oil,"",true,false,,,33,90,2025-11-18 07:41:52.810 +0700
932,MACHINING,Condition Material After Machining,On Spec,"",true,false,,,36,90,2025-11-18 07:41:52.836 +0700
933,MACHINING,Operator Note,"","",false,false,,,49,90,2025-11-18 07:41:52.853 +0700
934,MACHINING,Process Machining,Honing,"",true,false,,,16,91,2025-11-18 07:42:00.785 +0700
935,MACHINING,Material Type,Manufacture/Raw Material,"",true,false,,,62,91,2025-11-18 07:42:00.801 +0700
936,MACHINING,Consumable Insert,Stone A45,"",true,false,,,17,91,2025-11-18 07:42:00.825 +0700
937,MACHINING,Length Machining,"75",mm,false,true,,,20,91,2025-11-18 07:42:00.857 +0700
938,MACHINING,Dimension Before Machining,"234.400",mm,false,true,,,19,91,2025-11-18 07:42:00.878 +0700
939,MACHINING,Dimension After Machining,"235.1",mm,false,true,,,35,91,2025-11-18 07:42:00.893 +0700
940,MACHINING,RPM (Spindle Speed),"65",Rpm,false,true,,,26,91,2025-11-18 07:42:00.922 +0700
941,MACHINING,Feeding,"2",mm/rev,false,true,,,30,91,2025-11-18 07:42:00.939 +0700
942,MACHINING,Depth of Cut,"0.7",mm,false,true,,,32,91,2025-11-18 07:42:00.964 +0700
943,MACHINING,Lubrication,Oil,"",true,false,,,33,91,2025-11-18 07:42:00.986 +0700
944,MACHINING,Condition Material After Machining,On Spec,"",true,false,,,36,91,2025-11-18 07:42:01.000 +0700
945,MACHINING,Operator Note,"","",false,false,,,49,91,2025-11-18 07:42:01.023 +0700
946,MACHINING,Process Machining,Honing,"",true,false,,,16,92,2025-11-18 07:42:04.559 +0700
947,MACHINING,Material Type,Manufacture/Raw Material,"",true,false,,,62,92,2025-11-18 07:42:04.574 +0700
948,MACHINING,Consumable Insert,Stone A45,"",true,false,,,17,92,2025-11-18 07:42:04.593 +0700
949,MACHINING,Length Machining,"75",mm,false,true,,,20,92,2025-11-18 07:42:04.612 +0700
950,MACHINING,Dimension Before Machining,"234.400",mm,false,true,,,19,92,2025-11-18 07:42:04.627 +0700
951,MACHINING,Dimension After Machining,"235.1",mm,false,true,,,35,92,2025-11-18 07:42:04.654 +0700
952,MACHINING,RPM (Spindle Speed),"65",Rpm,false,true,,,26,92,2025-11-18 07:42:04.672 +0700
953,MACHINING,Feeding,"2",mm/rev,false,true,,,30,92,2025-11-18 07:42:04.693 +0700
954,MACHINING,Depth of Cut,"0.7",mm,false,true,,,32,92,2025-11-18 07:42:04.722 +0700
955,MACHINING,Lubrication,Oil,"",true,false,,,33,92,2025-11-18 07:42:04.755 +0700
956,MACHINING,Condition Material After Machining,On Spec,"",true,false,,,36,92,2025-11-18 07:42:04.775 +0700
957,MACHINING,Operator Note,"","",false,false,,,49,92,2025-11-18 07:42:04.809 +0700
958,MACHINING,Process Machining,Honing,"",true,false,,,16,93,2025-11-18 07:43:12.291 +0700
959,MACHINING,Material Type,Manufacture/Raw Material,"",true,false,,,62,93,2025-11-18 07:43:12.313 +0700
960,MACHINING,Consumable Insert,Stone A45,"",true,false,,,17,93,2025-11-18 07:43:12.349 +0700
961,MACHINING,Length Machining,"75",mm,false,true,,,20,93,2025-11-18 07:43:12.370 +0700
962,MACHINING,Dimension Before Machining,"234.400",mm,false,true,,,19,93,2025-11-18 07:43:12.395 +0700
963,MACHINING,Dimension After Machining,"235.1",mm,false,true,,,35,93,2025-11-18 07:43:12.421 +0700
964,MACHINING,RPM (Spindle Speed),"65",Rpm,false,true,,,26,93,2025-11-18 07:43:12.452 +0700
965,MACHINING,Feeding,"2",mm/rev,false,true,,,30,93,2025-11-18 07:43:12.465 +0700
966,MACHINING,Depth of Cut,"0.7",mm,false,true,,,32,93,2025-11-18 07:43:12.491 +0700
967,MACHINING,Lubrication,Oil,"",true,false,,,33,93,2025-11-18 07:43:12.508 +0700
968,MACHINING,Condition Material After Machining,On Spec,"",true,false,,,36,93,2025-11-18 07:43:12.525 +0700
969,MACHINING,Operator Note,"","",false,false,,,49,93,2025-11-18 07:43:12.542 +0700
970,HCP - Final Polish,Dot Welds,Yes,"",true,false,,,93,96,2025-11-18 08:23:11.308 +0700
971,HCP - Final Polish,Cold/After Platting OD 1 (mm),"228.620",mm,false,true,,,94,96,2025-11-18 08:23:11.330 +0700
972,HCP - Final Polish,Cold/After Platting OD 2 (mm),"228.613",mm,false,true,,,95,96,2025-11-18 08:23:11.353 +0700
973,HCP - Final Polish,Cold/After Platting OD 3 (mm),"228.580",mm,false,true,,,96,96,2025-11-18 08:23:11.372 +0700
974,HCP - Final Polish,Cold/After Platting OD 4 (mm),"228.600",mm,false,true,,,97,96,2025-11-18 08:23:11.385 +0700
975,HCP - Final Polish,Cold/After Platting OD 5 (mm),"228.586",mm,false,true,,,98,96,2025-11-18 08:23:11.410 +0700
976,HCP - Final Polish,Cold/After Platting OD 6 (mm),"228.612",mm,false,true,,,99,96,2025-11-18 08:23:11.460 +0700
977,HCP - Final Polish,Cold/After Platting OD 7 (mm),"228.622",mm,false,true,,,100,96,2025-11-18 08:23:11.481 +0700
978,HCP - Final Polish,Cold/After Platting OD 8 (mm),"228.599",mm,false,true,,,101,96,2025-11-18 08:23:11.493 +0700
979,HCP - Final Polish,Cold/After Platting OD 9 (mm),"228.566",mm,false,true,,,102,96,2025-11-18 08:23:11.519 +0700
980,HCP - Final Polish,Cold/After Platting OD 10 (mm),"228.635",mm,false,true,,,103,96,2025-11-18 08:23:11.535 +0700
981,HCP - Final Polish,Finish OD 1 (mm),"228.553",mm,false,true,,,104,96,2025-11-18 08:23:11.560 +0700
982,HCP - Final Polish,Finish OD 2 (mm),"228.554",mm,false,true,,,105,96,2025-11-18 08:23:11.577 +0700
983,HCP - Final Polish,Finish OD 3 (mm),"228.550",mm,false,true,,,106,96,2025-11-18 08:23:11.601 +0700
984,HCP - Final Polish,Finish OD 4 (mm),"228.532",mm,false,true,,,107,96,2025-11-18 08:23:11.622 +0700
985,HCP - Final Polish,Finish OD 5 (mm),"228.549",mm,false,true,,,108,96,2025-11-18 08:23:11.636 +0700
986,HCP - Final Polish,Finish OD 6 (mm),"228.549",mm,false,true,,,109,96,2025-11-18 08:23:11.662 +0700
987,HCP - Final Polish,Finish OD 7 (mm),"228.532",mm,false,true,,,110,96,2025-11-18 08:23:11.742 +0700
988,HCP - Final Polish,Finish OD 8 (mm),"228.541",mm,false,true,,,111,96,2025-11-18 08:23:11.771 +0700
989,HCP - Final Polish,Finish OD 9 (mm),"228.543",mm,false,true,,,112,96,2025-11-18 08:23:11.787 +0700
990,HCP - Final Polish,Finish OD 10 (mm),"228.489",mm,false,true,,,113,96,2025-11-18 08:23:11.804 +0700
991,HCP - Final Polish,Finish Hardness 1 (HRC),"78.8",HRC,false,true,,,114,96,2025-11-18 08:23:11.832 +0700
992,HCP - Final Polish,Finish Hardness 2 (HRC),"77",HRC,false,true,,,115,96,2025-11-18 08:23:11.849 +0700
993,HCP - Final Polish,Finish Hardness 3 (HRC),"78.5",HRC,false,true,,,116,96,2025-11-18 08:23:11.883 +0700
994,HCP - Final Polish,Finish Hardness 4 (HRC),"72.2",HRC,false,true,,,117,96,2025-11-18 08:23:11.902 +0700
995,HCP - Final Polish,Finish Hardness 5 (HRC),"76.6",HRC,false,true,,,118,96,2025-11-18 08:23:11.935 +0700
996,HCP - Final Polish,Finish Thickness 1 (Micron),"237",Micron,false,true,,,119,96,2025-11-18 08:23:11.957 +0700
997,HCP - Final Polish,Finish Thickness 2 (Micron),"183",Micron,false,true,,,120,96,2025-11-18 08:23:11.984 +0700
998,HCP - Final Polish,Finish Thickness 3 (Micron),"170",Micron,false,true,,,121,96,2025-11-18 08:23:12.011 +0700
999,HCP - Final Polish,Finish Thickness 4 (Micron),"208",Micron,false,true,,,122,96,2025-11-18 08:23:12.038 +0700
1000,HCP - Final Polish,Finish Thickness 5 (Micron),"253",Micron,false,true,,,123,96,2025-11-18 08:23:12.072 +0700
1001,HCP - Final Polish,Finish Roughness Ra 1 (Micro),"118",Micron,false,true,,,124,96,2025-11-18 08:23:12.117 +0700
1002,HCP - Final Polish,Finish Roughness Ra 2 (Micro),"110",Micron,false,true,,,125,96,2025-11-18 08:23:12.137 +0700
1003,HCP - Final Polish,Finish Roughness Ra 3 (Micro),"111",Micron,false,true,,,126,96,2025-11-18 08:23:12.154 +0700
1004,HCP - Final Polish,Finish Roughness Ra 4 (Micro),"101",Micron,false,true,,,127,96,2025-11-18 08:23:12.194 +0700
1005,HCP - Final Polish,Finish Roughness Ra 5 (Micro),"140",Micron,false,true,,,128,96,2025-11-18 08:23:12.211 +0700
1006,HCP - Final Polish,Dot Welds,Yes,"",true,false,,,93,97,2025-11-18 08:23:12.213 +0700
1007,HCP - Final Polish,Finish Roughness Rz 1 (Micro),"1167",Micron,false,true,,,129,96,2025-11-18 08:23:12.236 +0700
1008,HCP - Final Polish,Cold/After Platting OD 1 (mm),"228.620",mm,false,true,,,94,97,2025-11-18 08:23:12.238 +0700
1009,HCP - Final Polish,Finish Roughness Rz 2 (Micro),"970",Micron,false,true,,,130,96,2025-11-18 08:23:12.254 +0700
1010,HCP - Final Polish,Cold/After Platting OD 2 (mm),"228.613",mm,false,true,,,95,97,2025-11-18 08:23:12.260 +0700
1011,HCP - Final Polish,Finish Roughness Rz 3 (Micro),"1106",Micron,false,true,,,131,96,2025-11-18 08:23:12.274 +0700
1012,HCP - Final Polish,Cold/After Platting OD 3 (mm),"228.580",mm,false,true,,,96,97,2025-11-18 08:23:12.283 +0700
1013,HCP - Final Polish,Finish Roughness Rz 4 (Micro),"1020",Micron,false,true,,,132,96,2025-11-18 08:23:12.286 +0700
1014,HCP - Final Polish,Cold/After Platting OD 4 (mm),"228.600",mm,false,true,,,97,97,2025-11-18 08:23:12.303 +0700
1015,HCP - Final Polish,Finish Roughness Rz 5 (Micro),"977",Micron,false,true,,,133,96,2025-11-18 08:23:12.311 +0700
1016,HCP - Final Polish,Cold/After Platting OD 5 (mm),"228.586",mm,false,true,,,98,97,2025-11-18 08:23:12.333 +0700
1017,HCP - Final Polish,Note Finish,"","",false,false,,,137,96,2025-11-18 08:23:12.339 +0700
1018,HCP - Final Polish,Cold/After Platting OD 6 (mm),"228.612",mm,false,true,,,99,97,2025-11-18 08:23:12.345 +0700
1019,HCP - Final Polish,Cold/After Platting OD 7 (mm),"228.622",mm,false,true,,,100,97,2025-11-18 08:23:13.305 +0700
1020,HCP - Final Polish,Cold/After Platting OD 8 (mm),"228.599",mm,false,true,,,101,97,2025-11-18 08:23:13.338 +0700
1021,HCP - Final Polish,Cold/After Platting OD 9 (mm),"228.566",mm,false,true,,,102,97,2025-11-18 08:23:13.380 +0700
1022,HCP - Final Polish,Cold/After Platting OD 10 (mm),"228.635",mm,false,true,,,103,97,2025-11-18 08:23:13.411 +0700
1023,HCP - Final Polish,Finish OD 1 (mm),"228.553",mm,false,true,,,104,97,2025-11-18 08:23:13.436 +0700
1024,HCP - Final Polish,Finish OD 2 (mm),"228.554",mm,false,true,,,105,97,2025-11-18 08:23:13.467 +0700
1025,HCP - Final Polish,Finish OD 3 (mm),"228.550",mm,false,true,,,106,97,2025-11-18 08:23:13.479 +0700
1026,HCP - Final Polish,Finish OD 4 (mm),"228.532",mm,false,true,,,107,97,2025-11-18 08:23:13.503 +0700
1027,HCP - Final Polish,Finish OD 5 (mm),"228.549",mm,false,true,,,108,97,2025-11-18 08:23:13.519 +0700
1028,HCP - Final Polish,Finish OD 6 (mm),"228.549",mm,false,true,,,109,97,2025-11-18 08:23:13.536 +0700
1029,HCP - Final Polish,Finish OD 7 (mm),"228.532",mm,false,true,,,110,97,2025-11-18 08:23:13.559 +0700
1030,HCP - Final Polish,Finish OD 8 (mm),"228.541",mm,false,true,,,111,97,2025-11-18 08:23:13.579 +0700
1031,HCP - Final Polish,Finish OD 9 (mm),"228.543",mm,false,true,,,112,97,2025-11-18 08:23:13.607 +0700
1032,HCP - Final Polish,Finish OD 10 (mm),"228.489",mm,false,true,,,113,97,2025-11-18 08:23:13.620 +0700
1033,HCP - Final Polish,Finish Hardness 1 (HRC),"78.8",HRC,false,true,,,114,97,2025-11-18 08:23:13.636 +0700
1034,HCP - Final Polish,Finish Hardness 2 (HRC),"77",HRC,false,true,,,115,97,2025-11-18 08:23:13.663 +0700
1035,HCP - Final Polish,Finish Hardness 3 (HRC),"78.5",HRC,false,true,,,116,97,2025-11-18 08:23:13.678 +0700
1036,HCP - Final Polish,Finish Hardness 4 (HRC),"72.2",HRC,false,true,,,117,97,2025-11-18 08:23:13.696 +0700
1037,HCP - Final Polish,Finish Hardness 5 (HRC),"76.6",HRC,false,true,,,118,97,2025-11-18 08:23:13.714 +0700
1038,HCP - Final Polish,Finish Thickness 1 (Micron),"237",Micron,false,true,,,119,97,2025-11-18 08:23:13.728 +0700
1039,HCP - Final Polish,Finish Thickness 2 (Micron),"183",Micron,false,true,,,120,97,2025-11-18 08:23:13.764 +0700
1040,HCP - Final Polish,Finish Thickness 3 (Micron),"170",Micron,false,true,,,121,97,2025-11-18 08:23:13.816 +0700
1041,HCP - Final Polish,Finish Thickness 4 (Micron),"208",Micron,false,true,,,122,97,2025-11-18 08:23:13.828 +0700
1042,HCP - Final Polish,Finish Thickness 5 (Micron),"253",Micron,false,true,,,123,97,2025-11-18 08:23:13.886 +0700
1043,HCP - Final Polish,Finish Roughness Ra 1 (Micro),"118",Micron,false,true,,,124,97,2025-11-18 08:23:13.913 +0700
1044,HCP - Final Polish,Finish Roughness Ra 2 (Micro),"110",Micron,false,true,,,125,97,2025-11-18 08:23:13.936 +0700
1045,HCP - Final Polish,Finish Roughness Ra 3 (Micro),"111",Micron,false,true,,,126,97,2025-11-18 08:23:13.970 +0700
1046,HCP - Final Polish,Finish Roughness Ra 4 (Micro),"101",Micron,false,true,,,127,97,2025-11-18 08:23:14.021 +0700
1047,HCP - Final Polish,Finish Roughness Ra 5 (Micro),"140",Micron,false,true,,,128,97,2025-11-18 08:23:14.050 +0700
1048,HCP - Final Polish,Finish Roughness Rz 1 (Micro),"1167",Micron,false,true,,,129,97,2025-11-18 08:23:14.071 +0700
1049,HCP - Final Polish,Finish Roughness Rz 2 (Micro),"970",Micron,false,true,,,130,97,2025-11-18 08:23:14.099 +0700
1050,HCP - Final Polish,Finish Roughness Rz 3 (Micro),"1106",Micron,false,true,,,131,97,2025-11-18 08:23:14.117 +0700
1051,HCP - Final Polish,Finish Roughness Rz 4 (Micro),"1020",Micron,false,true,,,132,97,2025-11-18 08:23:14.133 +0700
1052,HCP - Final Polish,Finish Roughness Rz 5 (Micro),"977",Micron,false,true,,,133,97,2025-11-18 08:23:14.149 +0700
1053,HCP - Final Polish,Note Finish,"","",false,false,,,137,97,2025-11-18 08:23:14.174 +0700
1054,HCP - Final Polish,Dot Welds,Yes,"",true,false,,,93,98,2025-11-18 08:26:32.828 +0700
1055,HCP - Final Polish,Cold/After Platting OD 1 (mm),"177.723",mm,false,true,,,94,98,2025-11-18 08:26:32.855 +0700
1056,HCP - Final Polish,Cold/After Platting OD 2 (mm),"",mm,false,true,,,95,98,2025-11-18 08:26:32.915 +0700
1057,HCP - Final Polish,Cold/After Platting OD 3 (mm),"",mm,false,true,,,96,98,2025-11-18 08:26:32.940 +0700
1058,HCP - Final Polish,Cold/After Platting OD 4 (mm),"",mm,false,true,,,97,98,2025-11-18 08:26:32.958 +0700
1059,HCP - Final Polish,Cold/After Platting OD 5 (mm),"",mm,false,true,,,98,98,2025-11-18 08:26:32.973 +0700
1060,HCP - Final Polish,Cold/After Platting OD 6 (mm),"",mm,false,true,,,99,98,2025-11-18 08:26:32.991 +0700
1061,HCP - Final Polish,Cold/After Platting OD 7 (mm),"",mm,false,true,,,100,98,2025-11-18 08:26:33.017 +0700
1144,MACHINING,Lubrication,Oil,"",true,false,,,33,105,2025-11-18 12:07:52.375 +0700
1062,HCP - Final Polish,Cold/After Platting OD 8 (mm),"",mm,false,true,,,101,98,2025-11-18 08:26:33.032 +0700
1063,HCP - Final Polish,Cold/After Platting OD 9 (mm),"",mm,false,true,,,102,98,2025-11-18 08:26:33.060 +0700
1064,HCP - Final Polish,Cold/After Platting OD 10 (mm),"",mm,false,true,,,103,98,2025-11-18 08:26:33.075 +0700
1065,HCP - Final Polish,Finish OD 1 (mm),"",mm,false,true,,,104,98,2025-11-18 08:26:33.089 +0700
1066,HCP - Final Polish,Finish OD 2 (mm),"177.710",mm,false,true,,,105,98,2025-11-18 08:26:33.111 +0700
1067,HCP - Final Polish,Finish OD 3 (mm),"",mm,false,true,,,106,98,2025-11-18 08:26:33.123 +0700
1068,HCP - Final Polish,Finish OD 4 (mm),"",mm,false,true,,,107,98,2025-11-18 08:26:33.138 +0700
1069,HCP - Final Polish,Finish OD 5 (mm),"",mm,false,true,,,108,98,2025-11-18 08:26:33.161 +0700
1070,HCP - Final Polish,Finish OD 6 (mm),"",mm,false,true,,,109,98,2025-11-18 08:26:33.173 +0700
1071,HCP - Final Polish,Finish OD 7 (mm),"",mm,false,true,,,110,98,2025-11-18 08:26:33.189 +0700
1072,HCP - Final Polish,Finish OD 8 (mm),"",mm,false,true,,,111,98,2025-11-18 08:26:33.213 +0700
1073,HCP - Final Polish,Finish OD 9 (mm),"",mm,false,true,,,112,98,2025-11-18 08:26:33.235 +0700
1074,HCP - Final Polish,Finish OD 10 (mm),"",mm,false,true,,,113,98,2025-11-18 08:26:33.314 +0700
1075,HCP - Final Polish,Finish Hardness 1 (HRC),"",HRC,false,true,,,114,98,2025-11-18 08:26:33.338 +0700
1076,HCP - Final Polish,Finish Hardness 2 (HRC),"78",HRC,false,true,,,115,98,2025-11-18 08:26:33.373 +0700
1077,HCP - Final Polish,Finish Hardness 3 (HRC),"",HRC,false,true,,,116,98,2025-11-18 08:26:33.396 +0700
1078,HCP - Final Polish,Finish Hardness 4 (HRC),"",HRC,false,true,,,117,98,2025-11-18 08:26:33.431 +0700
1079,HCP - Final Polish,Finish Hardness 5 (HRC),"",HRC,false,true,,,118,98,2025-11-18 08:26:33.462 +0700
1080,HCP - Final Polish,Finish Thickness 1 (Micron),"146",Micron,false,true,,,119,98,2025-11-18 08:26:33.489 +0700
1081,HCP - Final Polish,Finish Thickness 2 (Micron),"",Micron,false,true,,,120,98,2025-11-18 08:26:33.519 +0700
1082,HCP - Final Polish,Finish Thickness 3 (Micron),"",Micron,false,true,,,121,98,2025-11-18 08:26:33.540 +0700
1083,HCP - Final Polish,Finish Thickness 4 (Micron),"",Micron,false,true,,,122,98,2025-11-18 08:26:33.565 +0700
1084,HCP - Final Polish,Finish Thickness 5 (Micron),"",Micron,false,true,,,123,98,2025-11-18 08:26:33.589 +0700
1085,HCP - Final Polish,Finish Roughness Ra 1 (Micro),"",Micron,false,true,,,124,98,2025-11-18 08:26:33.621 +0700
1086,HCP - Final Polish,Finish Roughness Ra 2 (Micro),"116",Micron,false,true,,,125,98,2025-11-18 08:26:33.652 +0700
1087,HCP - Final Polish,Finish Roughness Ra 3 (Micro),"",Micron,false,true,,,126,98,2025-11-18 08:26:33.690 +0700
1088,HCP - Final Polish,Finish Roughness Ra 4 (Micro),"",Micron,false,true,,,127,98,2025-11-18 08:26:33.723 +0700
1089,HCP - Final Polish,Finish Roughness Ra 5 (Micro),"",Micron,false,true,,,128,98,2025-11-18 08:26:33.749 +0700
1090,HCP - Final Polish,Finish Roughness Rz 1 (Micro),"1.021",Micron,false,true,,,129,98,2025-11-18 08:26:33.774 +0700
1091,HCP - Final Polish,Finish Roughness Rz 2 (Micro),"",Micron,false,true,,,130,98,2025-11-18 08:26:33.797 +0700
1092,HCP - Final Polish,Finish Roughness Rz 3 (Micro),"",Micron,false,true,,,131,98,2025-11-18 08:26:33.826 +0700
1093,HCP - Final Polish,Finish Roughness Rz 4 (Micro),"",Micron,false,true,,,132,98,2025-11-18 08:26:33.848 +0700
1094,HCP - Final Polish,Finish Roughness Rz 5 (Micro),"",Micron,false,true,,,133,98,2025-11-18 08:26:33.874 +0700
1095,HCP - Final Polish,Note Finish,"","",false,false,,,137,98,2025-11-18 08:26:33.901 +0700
1096,SAW,Filler Material,Bohler EM12K,"",true,false,,,14,99,2025-11-18 10:19:18.230 +0700
1097,SAW,Flux,Bohler,"",true,true,,,144,99,2025-11-18 10:19:18.309 +0700
1098,SAW,Wire Diameter,"2,4 mm","",true,false,,,15,99,2025-11-18 10:19:18.339 +0700
1099,SAW,Diameter Before Welding,"176.5",mm,false,true,,,21,99,2025-11-18 10:19:18.353 +0700
1100,SAW,Pre heat,"156",deg C,false,true,,,22,99,2025-11-18 10:19:18.370 +0700
1101,SAW,Amperage,"290",A,false,true,,,23,99,2025-11-18 10:19:18.387 +0700
1102,SAW,Voltage,"25",V,false,true,,,24,99,2025-11-18 10:19:18.436 +0700
1103,SAW,Speed Frekuensi,"50",Hz,false,false,,,18,99,2025-11-18 10:19:18.454 +0700
1104,SAW,Temperature After Welding,"220",deg C,false,true,,,25,99,2025-11-18 10:19:18.471 +0700
1105,SAW,Diameter After Welding Area 1,"182",mm,false,true,,,27,99,2025-11-18 10:19:18.486 +0700
1106,SAW,Diameter After Welding Area 2,"0",mm,false,true,,,28,99,2025-11-18 10:19:18.503 +0700
1107,SAW,Lenght Welding,"400",mm,false,true,,,29,99,2025-11-18 10:19:18.521 +0700
1108,SAW,Operator Note,"","",false,false,,,31,99,2025-11-18 10:19:18.542 +0700
1109,SAW,Filler Material,Bohler EM12K,"",true,false,,,14,100,2025-11-18 10:19:27.492 +0700
1110,SAW,Flux,Bohler,"",true,true,,,144,100,2025-11-18 10:19:27.520 +0700
1111,SAW,Wire Diameter,"2,4 mm","",true,false,,,15,100,2025-11-18 10:19:27.552 +0700
1112,SAW,Diameter Before Welding,"176.5",mm,false,true,,,21,100,2025-11-18 10:19:27.575 +0700
1113,SAW,Pre heat,"156",deg C,false,true,,,22,100,2025-11-18 10:19:27.588 +0700
1114,SAW,Amperage,"290",A,false,true,,,23,100,2025-11-18 10:19:27.603 +0700
1115,SAW,Voltage,"25",V,false,true,,,24,100,2025-11-18 10:19:27.629 +0700
1116,SAW,Speed Frekuensi,"50",Hz,false,false,,,18,100,2025-11-18 10:19:27.658 +0700
1117,SAW,Temperature After Welding,"220",deg C,false,true,,,25,100,2025-11-18 10:19:27.678 +0700
1118,SAW,Diameter After Welding Area 1,"182",mm,false,true,,,27,100,2025-11-18 10:19:27.695 +0700
1119,SAW,Diameter After Welding Area 2,"0",mm,false,true,,,28,100,2025-11-18 10:19:27.712 +0700
1120,SAW,Lenght Welding,"400",mm,false,true,,,29,100,2025-11-18 10:19:27.730 +0700
1121,SAW,Operator Note,"","",false,false,,,31,100,2025-11-18 10:19:27.753 +0700
1122,SAW,Filler Material,Bohler EM12K,"",true,false,,,14,101,2025-11-18 10:19:31.337 +0700
1123,SAW,Flux,Bohler,"",true,true,,,144,101,2025-11-18 10:19:31.354 +0700
1124,SAW,Wire Diameter,"2,4 mm","",true,false,,,15,101,2025-11-18 10:19:31.371 +0700
1125,SAW,Diameter Before Welding,"176.5",mm,false,true,,,21,101,2025-11-18 10:19:31.387 +0700
1126,SAW,Pre heat,"156",deg C,false,true,,,22,101,2025-11-18 10:19:31.408 +0700
1127,SAW,Amperage,"290",A,false,true,,,23,101,2025-11-18 10:19:31.439 +0700
1128,SAW,Voltage,"25",V,false,true,,,24,101,2025-11-18 10:19:31.453 +0700
1129,SAW,Speed Frekuensi,"50",Hz,false,false,,,18,101,2025-11-18 10:19:31.474 +0700
1130,SAW,Temperature After Welding,"220",deg C,false,true,,,25,101,2025-11-18 10:19:31.499 +0700
1131,SAW,Diameter After Welding Area 1,"182",mm,false,true,,,27,101,2025-11-18 10:19:31.516 +0700
1132,SAW,Diameter After Welding Area 2,"0",mm,false,true,,,28,101,2025-11-18 10:19:31.539 +0700
1133,SAW,Lenght Welding,"400",mm,false,true,,,29,101,2025-11-18 10:19:31.553 +0700
1134,SAW,Operator Note,"","",false,false,,,31,101,2025-11-18 10:19:31.569 +0700
1135,MACHINING,Process Machining,Honing,"",true,false,,,16,105,2025-11-18 12:07:52.133 +0700
1136,MACHINING,Material Type,Manufacture/Raw Material,"",true,false,,,62,105,2025-11-18 12:07:52.177 +0700
1137,MACHINING,Consumable Insert,BA101,"",true,false,,,17,105,2025-11-18 12:07:52.196 +0700
1138,MACHINING,Length Machining,"425.575",mm,false,true,,,20,105,2025-11-18 12:07:52.238 +0700
1139,MACHINING,Dimension Before Machining,"202.7",mm,false,true,,,19,105,2025-11-18 12:07:52.260 +0700
1140,MACHINING,Dimension After Machining,"203.29",mm,false,true,,,35,105,2025-11-18 12:07:52.283 +0700
1141,MACHINING,RPM (Spindle Speed),"65",Rpm,false,true,,,26,105,2025-11-18 12:07:52.306 +0700
1142,MACHINING,Feeding,"2",mm/rev,false,true,,,30,105,2025-11-18 12:07:52.338 +0700
1143,MACHINING,Depth of Cut,"0.35",mm,false,true,,,32,105,2025-11-18 12:07:52.359 +0700
1145,MACHINING,Condition Material After Machining,On Spec,"",true,false,,,36,105,2025-11-18 12:07:52.392 +0700
1146,MACHINING,Operator Note,"","",false,false,,,49,105,2025-11-18 12:07:52.415 +0700
1147,MACHINING,Process Machining,Finishing,"",true,false,,,16,106,2025-11-18 14:44:10.225 +0700
1148,MACHINING,Material Type,Arc Spray,"",true,false,,,62,106,2025-11-18 14:44:10.243 +0700
1149,MACHINING,Consumable Insert,Dnmg,"",true,false,,,17,106,2025-11-18 14:44:10.266 +0700
1150,MACHINING,Length Machining,"32",mm,false,true,,,20,106,2025-11-18 14:44:10.291 +0700
1151,MACHINING,Dimension Before Machining,"728.59",mm,false,true,,,19,106,2025-11-18 14:44:10.309 +0700
1152,MACHINING,Dimension After Machining,"128.68",mm,false,true,,,35,106,2025-11-18 14:44:10.334 +0700
1153,MACHINING,RPM (Spindle Speed),"16",Rpm,false,true,,,26,106,2025-11-18 14:44:10.360 +0700
1154,MACHINING,Feeding,"0.2",mm/rev,false,true,,,30,106,2025-11-18 14:44:10.376 +0700
1155,MACHINING,Depth of Cut,"0.09",mm,false,true,,,32,106,2025-11-18 14:44:10.392 +0700
1156,MACHINING,Lubrication,Coolant,"",true,false,,,33,106,2025-11-18 14:44:10.409 +0700
1157,MACHINING,Condition Material After Machining,On Spec,"",true,false,,,36,106,2025-11-18 14:44:10.436 +0700
1158,MACHINING,Operator Note,"","",false,false,,,49,106,2025-11-18 14:44:10.461 +0700
1159,MACHINING,Process Machining,Finishing,"",true,false,,,16,107,2025-11-18 14:44:19.876 +0700
1160,MACHINING,Material Type,Arc Spray,"",true,false,,,62,107,2025-11-18 14:44:19.893 +0700
1161,MACHINING,Consumable Insert,Dnmg,"",true,false,,,17,107,2025-11-18 14:44:19.912 +0700
1162,MACHINING,Length Machining,"32",mm,false,true,,,20,107,2025-11-18 14:44:19.926 +0700
1163,MACHINING,Dimension Before Machining,"728.59",mm,false,true,,,19,107,2025-11-18 14:44:19.946 +0700
1164,MACHINING,Dimension After Machining,"128.68",mm,false,true,,,35,107,2025-11-18 14:44:19.961 +0700
1165,MACHINING,RPM (Spindle Speed),"16",Rpm,false,true,,,26,107,2025-11-18 14:44:19.988 +0700
1166,MACHINING,Feeding,"0.2",mm/rev,false,true,,,30,107,2025-11-18 14:44:20.003 +0700
1167,MACHINING,Depth of Cut,"0.09",mm,false,true,,,32,107,2025-11-18 14:44:20.019 +0700
1168,MACHINING,Lubrication,Coolant,"",true,false,,,33,107,2025-11-18 14:44:20.039 +0700
1169,MACHINING,Condition Material After Machining,On Spec,"",true,false,,,36,107,2025-11-18 14:44:20.062 +0700
1170,MACHINING,Operator Note,"","",false,false,,,49,107,2025-11-18 14:44:20.087 +0700
1171,MACHINING,Process Machining,Finishing,"",true,false,,,16,108,2025-11-18 14:45:36.327 +0700
1172,MACHINING,Material Type,Arc Spray,"",true,false,,,62,108,2025-11-18 14:45:36.339 +0700
1173,MACHINING,Consumable Insert,Dnmg,"",true,false,,,17,108,2025-11-18 14:45:36.359 +0700
1174,MACHINING,Length Machining,"30",mm,false,true,,,20,108,2025-11-18 14:45:36.371 +0700
1175,MACHINING,Dimension Before Machining,"692.05",mm,false,true,,,19,108,2025-11-18 14:45:36.392 +0700
1176,MACHINING,Dimension After Machining,"692.15",mm,false,true,,,35,108,2025-11-18 14:45:36.406 +0700
1177,MACHINING,RPM (Spindle Speed),"16",Rpm,false,true,,,26,108,2025-11-18 14:45:36.438 +0700
1178,MACHINING,Feeding,"0.2",mm/rev,false,true,,,30,108,2025-11-18 14:45:36.456 +0700
1179,MACHINING,Depth of Cut,"0.1",mm,false,true,,,32,108,2025-11-18 14:45:36.478 +0700
1180,MACHINING,Lubrication,Coolant,"",true,false,,,33,108,2025-11-18 14:45:36.499 +0700
1181,MACHINING,Condition Material After Machining,On Spec,"",true,false,,,36,108,2025-11-18 14:45:36.526 +0700
1182,MACHINING,Operator Note,"","",false,false,,,49,108,2025-11-18 14:45:36.541 +0700
1183,MACHINING,Process Machining,Finishing,"",true,false,,,16,109,2025-11-18 14:48:08.357 +0700
1184,MACHINING,Material Type,Welding,"",true,false,,,62,109,2025-11-18 14:48:08.395 +0700
1185,MACHINING,Consumable Insert,Ccmt302,"",true,false,,,17,109,2025-11-18 14:48:08.413 +0700
1186,MACHINING,Length Machining,"42",mm,false,true,,,20,109,2025-11-18 14:48:08.433 +0700
1187,MACHINING,Dimension Before Machining,"50",mm,false,true,,,19,109,2025-11-18 14:48:08.449 +0700
1188,MACHINING,Dimension After Machining,"71.385",mm,false,true,,,35,109,2025-11-18 14:48:08.468 +0700
1189,MACHINING,RPM (Spindle Speed),"160",Rpm,false,true,,,26,109,2025-11-18 14:48:08.502 +0700
1190,MACHINING,Feeding,"00.15",mm/rev,false,true,,,30,109,2025-11-18 14:48:08.522 +0700
1191,MACHINING,Depth of Cut,"0.5",mm,false,true,,,32,109,2025-11-18 14:48:08.538 +0700
1192,MACHINING,Lubrication,Dry,"",true,false,,,33,109,2025-11-18 14:48:08.564 +0700
1193,MACHINING,Condition Material After Machining,Under Size,"",true,false,,,36,109,2025-11-18 14:48:08.593 +0700
1194,MACHINING,Operator Note,Poros berulang mengakibatkan pengerjaan tidak masuk standar hours,"",false,false,,,49,109,2025-11-18 14:48:08.611 +0700
1195,MACHINING,Process Machining,Roughing,"",true,false,,,16,111,2025-11-18 16:45:36.999 +0700
1196,MACHINING,Material Type,Manufacture/Raw Material,"",true,false,,,62,111,2025-11-18 16:45:37.016 +0700
1197,MACHINING,Consumable Insert,BA101,"",true,false,,,17,111,2025-11-18 16:45:37.033 +0700
1198,MACHINING,Length Machining,"230",mm,false,true,,,20,111,2025-11-18 16:45:37.060 +0700
1199,MACHINING,Dimension Before Machining,"220",mm,false,true,,,19,111,2025-11-18 16:45:37.078 +0700
1200,MACHINING,Dimension After Machining,"244",mm,false,true,,,35,111,2025-11-18 16:45:37.168 +0700
1201,MACHINING,RPM (Spindle Speed),"57",Rpm,false,true,,,26,111,2025-11-18 16:45:37.180 +0700
1202,MACHINING,Feeding,"3",mm/rev,false,true,,,30,111,2025-11-18 16:45:37.204 +0700
1203,MACHINING,Depth of Cut,"3",mm,false,true,,,32,111,2025-11-18 16:45:37.222 +0700
1204,MACHINING,Lubrication,Coolant,"",true,false,,,33,111,2025-11-18 16:45:37.241 +0700
1205,MACHINING,Condition Material After Machining,Under Size,"",true,false,,,36,111,2025-11-18 16:45:37.269 +0700
1206,MACHINING,Operator Note,Agus kardian,"",false,false,,,49,111,2025-11-18 16:45:37.280 +0700
1207,MACHINING,Process Machining,Roughing,"",true,false,,,16,112,2025-11-18 16:47:35.030 +0700
1208,MACHINING,Material Type,Welding,"",true,false,,,62,112,2025-11-18 16:47:35.051 +0700
1209,MACHINING,Consumable Insert,BA101,"",true,false,,,17,112,2025-11-18 16:47:35.068 +0700
1210,MACHINING,Length Machining,"563",mm,false,true,,,20,112,2025-11-18 16:47:35.090 +0700
1211,MACHINING,Dimension Before Machining,"185",mm,false,true,,,19,112,2025-11-18 16:47:35.105 +0700
1212,MACHINING,Dimension After Machining,"177.55",mm,false,true,,,35,112,2025-11-18 16:47:35.118 +0700
1213,MACHINING,RPM (Spindle Speed),"225",Rpm,false,true,,,26,112,2025-11-18 16:47:35.134 +0700
1214,MACHINING,Feeding,"0.2",mm/rev,false,true,,,30,112,2025-11-18 16:47:35.164 +0700
1215,MACHINING,Depth of Cut,"2",mm,false,true,,,32,112,2025-11-18 16:47:35.177 +0700
1216,MACHINING,Lubrication,Dry,"",true,false,,,33,112,2025-11-18 16:47:35.194 +0700
1217,MACHINING,Condition Material After Machining,On Spec,"",true,false,,,36,112,2025-11-18 16:47:35.234 +0700
1218,MACHINING,Operator Note,Rifaldi,"",false,false,,,49,112,2025-11-18 16:47:35.265 +0700
1219,MACHINING,Process Machining,Roughing,"",true,false,,,16,113,2025-11-18 19:39:56.335 +0700
1220,MACHINING,Material Type,Welding,"",true,false,,,62,113,2025-11-18 19:39:56.358 +0700
1221,MACHINING,Consumable Insert,"","",true,false,,,17,113,2025-11-18 19:39:56.377 +0700
1222,MACHINING,Length Machining,"350",mm,false,true,,,20,113,2025-11-18 19:39:56.396 +0700
1223,MACHINING,Dimension Before Machining,"180",mm,false,true,,,19,113,2025-11-18 19:39:56.424 +0700
1224,MACHINING,Dimension After Machining,"177.6",mm,false,true,,,35,113,2025-11-18 19:39:56.457 +0700
1225,MACHINING,RPM (Spindle Speed),"125",Rpm,false,true,,,26,113,2025-11-18 19:39:56.478 +0700
1226,MACHINING,Feeding,"0.28",mm/rev,false,true,,,30,113,2025-11-18 19:39:56.502 +0700
1227,MACHINING,Depth of Cut,"1.5",mm,false,true,,,32,113,2025-11-18 19:39:56.533 +0700
1228,MACHINING,Lubrication,Dry,"",true,false,,,33,113,2025-11-18 19:39:56.551 +0700
1229,MACHINING,Condition Material After Machining,On Spec,"",true,false,,,36,113,2025-11-18 19:39:56.570 +0700
1230,MACHINING,Operator Note,"","",false,false,,,49,113,2025-11-18 19:39:56.584 +0700
1231,MACHINING,Process Machining,Finishing,"",true,false,,,16,114,2025-11-18 22:09:33.984 +0700
1232,MACHINING,Material Type,Manufacture/Raw Material,"",true,false,,,62,114,2025-11-18 22:09:34.004 +0700
1233,MACHINING,Consumable Insert,Stone w47a45,"",true,false,,,17,114,2025-11-18 22:09:34.022 +0700
1234,MACHINING,Length Machining,"425.575",mm,false,true,,,20,114,2025-11-18 22:09:34.035 +0700
1235,MACHINING,Dimension Before Machining,"203.290",mm,false,true,,,19,114,2025-11-18 22:09:34.075 +0700
1236,MACHINING,Dimension After Machining,"203.311",mm,false,true,,,35,114,2025-11-18 22:09:34.098 +0700
1237,MACHINING,RPM (Spindle Speed),"70",Rpm,false,true,,,26,114,2025-11-18 22:09:34.110 +0700
1238,MACHINING,Feeding,"15",mm/rev,false,true,,,30,114,2025-11-18 22:09:34.127 +0700
1239,MACHINING,Depth of Cut,"0.015",mm,false,true,,,32,114,2025-11-18 22:09:34.147 +0700
1240,MACHINING,Lubrication,Coolant,"",true,false,,,33,114,2025-11-18 22:09:34.178 +0700
1241,MACHINING,Condition Material After Machining,On Spec,"",true,false,,,36,114,2025-11-18 22:09:34.195 +0700
1242,MACHINING,Operator Note,Lanjut proses berikutnya,"",false,false,,,49,114,2025-11-18 22:09:34.216 +0700
1243,MACHINING,Process Machining,Finishing,"",true,false,,,16,115,2025-11-18 22:09:37.079 +0700
1244,MACHINING,Material Type,Manufacture/Raw Material,"",true,false,,,62,115,2025-11-18 22:09:37.096 +0700
1245,MACHINING,Consumable Insert,Stone w47a45,"",true,false,,,17,115,2025-11-18 22:09:37.110 +0700
1246,MACHINING,Length Machining,"425.575",mm,false,true,,,20,115,2025-11-18 22:09:37.140 +0700
1247,MACHINING,Dimension Before Machining,"203.290",mm,false,true,,,19,115,2025-11-18 22:09:37.167 +0700
1248,MACHINING,Dimension After Machining,"203.311",mm,false,true,,,35,115,2025-11-18 22:09:37.189 +0700
1249,MACHINING,RPM (Spindle Speed),"70",Rpm,false,true,,,26,115,2025-11-18 22:09:37.202 +0700
1250,MACHINING,Feeding,"15",mm/rev,false,true,,,30,115,2025-11-18 22:09:37.225 +0700
1251,MACHINING,Depth of Cut,"0.015",mm,false,true,,,32,115,2025-11-18 22:09:37.247 +0700
1252,MACHINING,Lubrication,Coolant,"",true,false,,,33,115,2025-11-18 22:09:37.267 +0700
1253,MACHINING,Condition Material After Machining,On Spec,"",true,false,,,36,115,2025-11-18 22:09:37.287 +0700
1254,MACHINING,Operator Note,Lanjut proses berikutnya,"",false,false,,,49,115,2025-11-18 22:09:37.303 +0700
1255,MACHINING,Process Machining,Roughing,"",true,false,,,16,116,2025-11-19 00:46:54.546 +0700
1256,MACHINING,Material Type,Welding,"",true,false,,,62,116,2025-11-19 00:46:54.586 +0700
1257,MACHINING,Consumable Insert,BA402,"",true,false,,,17,116,2025-11-19 00:46:54.606 +0700
1258,MACHINING,Length Machining,"270",mm,false,true,,,20,116,2025-11-19 00:46:54.630 +0700
1259,MACHINING,Dimension Before Machining,"166",mm,false,true,,,19,116,2025-11-19 00:46:54.654 +0700
1260,MACHINING,Dimension After Machining,"782.55",mm,false,true,,,35,116,2025-11-19 00:46:54.683 +0700
1261,MACHINING,RPM (Spindle Speed),"200",Rpm,false,true,,,26,116,2025-11-19 00:46:54.702 +0700
1262,MACHINING,Feeding,"0.010",mm/rev,false,true,,,30,116,2025-11-19 00:46:54.717 +0700
1263,MACHINING,Depth of Cut,"4",mm,false,true,,,32,116,2025-11-19 00:46:54.751 +0700
1264,MACHINING,Lubrication,Dry,"",true,false,,,33,116,2025-11-19 00:46:54.774 +0700
1265,MACHINING,Condition Material After Machining,On Spec,"",true,false,,,36,116,2025-11-19 00:46:54.795 +0700
1266,MACHINING,Operator Note,"","",false,false,,,49,116,2025-11-19 00:46:54.808 +0700
1267,MACHINING,Process Machining,Roughing,"",true,false,,,16,117,2025-11-19 00:46:58.817 +0700
1268,MACHINING,Material Type,Welding,"",true,false,,,62,117,2025-11-19 00:46:58.843 +0700
1269,MACHINING,Consumable Insert,BA402,"",true,false,,,17,117,2025-11-19 00:46:58.867 +0700
1270,MACHINING,Length Machining,"270",mm,false,true,,,20,117,2025-11-19 00:46:58.886 +0700
1271,MACHINING,Dimension Before Machining,"166",mm,false,true,,,19,117,2025-11-19 00:46:58.908 +0700
1272,MACHINING,Dimension After Machining,"782.55",mm,false,true,,,35,117,2025-11-19 00:46:58.934 +0700
1273,MACHINING,RPM (Spindle Speed),"200",Rpm,false,true,,,26,117,2025-11-19 00:46:58.958 +0700
1274,MACHINING,Feeding,"0.010",mm/rev,false,true,,,30,117,2025-11-19 00:46:58.979 +0700
1275,MACHINING,Depth of Cut,"4",mm,false,true,,,32,117,2025-11-19 00:46:58.992 +0700
1276,MACHINING,Lubrication,Dry,"",true,false,,,33,117,2025-11-19 00:46:59.016 +0700
1277,MACHINING,Condition Material After Machining,On Spec,"",true,false,,,36,117,2025-11-19 00:46:59.048 +0700
1278,MACHINING,Operator Note,"","",false,false,,,49,117,2025-11-19 00:46:59.072 +0700
1279,General Welding,Welding Process,Root,"",true,false,,,34,118,2025-11-19 08:16:12.337 +0700
1280,General Welding,Filler Material,Erni-1,"",true,false,,,37,118,2025-11-19 08:16:12.363 +0700
1281,General Welding,Electrode Type,GTAW,"",true,false,,,38,118,2025-11-19 08:16:12.393 +0700
1282,General Welding,Wire Diameter,"2,4 mm","",true,false,,,39,118,2025-11-19 08:16:12.410 +0700
1283,General Welding,Material Thickness,"","",false,true,,,48,118,2025-11-19 08:16:12.425 +0700
1284,General Welding,Position Welding,"1G","",true,false,,,40,118,2025-11-19 08:16:12.452 +0700
1285,General Welding,Pre heat,"68",deg C,false,true,,,41,118,2025-11-19 08:16:12.486 +0700
1286,General Welding,Gas Flowrate,"20",lpm,false,true,,,42,118,2025-11-19 08:16:12.499 +0700
1287,General Welding,Amperage,"100",A,false,true,,,43,118,2025-11-19 08:16:12.515 +0700
1288,General Welding,Voltage,"40",V,false,true,,,44,118,2025-11-19 08:16:12.531 +0700
1289,General Welding,Temperature After Welding,"45",deg C,false,true,,,45,118,2025-11-19 08:16:12.554 +0700
1290,General Welding,Treatment After Welding,brushing,"",true,false,,,46,118,2025-11-19 08:16:12.574 +0700
1291,General Welding,Operator Note,"","",false,false,,,47,118,2025-11-19 08:16:12.594 +0700
1292,HCP - Plating,Plating Time (hours),"4.00",Hours,false,true,,,50,119,2025-11-19 12:12:56.811 +0700
1293,HCP - Plating,Temperatur Plating (C),"55",Celcius,false,true,,,51,119,2025-11-19 12:12:56.831 +0700
1294,HCP - Plating,Arus Plating (A),"3000",Ampere,false,true,,,52,119,2025-11-19 12:12:56.849 +0700
1295,HCP - Plating,Voltage (V),"7.35",Volt,false,true,,,134,119,2025-11-19 12:12:56.861 +0700
1296,HCP - Plating,Number Tank,"3","",true,false,,,59,119,2025-11-19 12:12:56.882 +0700
1297,HCP - Plating,Jumlah Process Chrome (Kali),"1","",true,false,,,60,119,2025-11-19 12:12:56.903 +0700
1298,HCP - Plating,Defect,No Defect,"",true,false,,,54,119,2025-11-19 12:12:56.920 +0700
1299,HCP - Plating,Solving,CoS,"",true,false,,,53,119,2025-11-19 12:12:56.935 +0700
1300,HCP - Plating,Note Plating,"","",false,false,,,136,119,2025-11-19 12:12:56.953 +0700
1301,MACHINING,Process Machining,Finishing,"",true,false,,,16,120,2025-11-19 12:41:09.213 +0700
1302,MACHINING,Material Type,Manufacture/Raw Material,"",true,false,,,62,120,2025-11-19 12:41:09.232 +0700
1303,MACHINING,Consumable Insert,Dnmg,"",true,false,,,17,120,2025-11-19 12:41:09.254 +0700
1304,MACHINING,Length Machining,"23",mm,false,true,,,20,120,2025-11-19 12:41:09.268 +0700
1305,MACHINING,Dimension Before Machining,"469.8",mm,false,true,,,19,120,2025-11-19 12:41:09.297 +0700
1306,MACHINING,Dimension After Machining,"469.9",mm,false,true,,,35,120,2025-11-19 12:41:09.322 +0700
1307,MACHINING,RPM (Spindle Speed),"16",Rpm,false,true,,,26,120,2025-11-19 12:41:09.337 +0700
1308,MACHINING,Feeding,"0.2",mm/rev,false,true,,,30,120,2025-11-19 12:41:09.352 +0700
1309,MACHINING,Depth of Cut,"0.1",mm,false,true,,,32,120,2025-11-19 12:41:09.377 +0700
1310,MACHINING,Lubrication,Coolant,"",true,false,,,33,120,2025-11-19 12:41:09.398 +0700
1311,MACHINING,Condition Material After Machining,On Spec,"",true,false,,,36,120,2025-11-19 12:41:09.417 +0700
1312,MACHINING,Operator Note,"","",false,false,,,49,120,2025-11-19 12:41:09.440 +0700
1313,MACHINING,Process Machining,Finishing,"",true,false,,,16,121,2025-11-19 12:42:24.898 +0700
1314,MACHINING,Material Type,Manufacture/Raw Material,"",true,false,,,62,121,2025-11-19 12:42:24.924 +0700
1315,MACHINING,Consumable Insert,Dnmg,"",true,false,,,17,121,2025-11-19 12:42:24.948 +0700
1316,MACHINING,Length Machining,"21",mm,false,true,,,20,121,2025-11-19 12:42:24.973 +0700
1317,MACHINING,Dimension Before Machining,"546.05",mm,false,true,,,19,121,2025-11-19 12:42:24.993 +0700
1318,MACHINING,Dimension After Machining,"546.1",mm,false,true,,,35,121,2025-11-19 12:42:25.016 +0700
1319,MACHINING,RPM (Spindle Speed),"16",Rpm,false,true,,,26,121,2025-11-19 12:42:25.041 +0700
1320,MACHINING,Feeding,"0.2",mm/rev,false,true,,,30,121,2025-11-19 12:42:25.059 +0700
1321,MACHINING,Depth of Cut,"0.05",mm,false,true,,,32,121,2025-11-19 12:42:25.075 +0700
1322,MACHINING,Lubrication,Coolant,"",true,false,,,33,121,2025-11-19 12:42:25.093 +0700
1323,MACHINING,Condition Material After Machining,On Spec,"",true,false,,,36,121,2025-11-19 12:42:25.118 +0700
1324,MACHINING,Operator Note,"","",false,false,,,49,121,2025-11-19 12:42:25.144 +0700
1325,MACHINING,Process Machining,Finishing,"",true,false,,,16,122,2025-11-19 12:43:04.415 +0700
1326,MACHINING,Material Type,Manufacture/Raw Material,"",true,false,,,62,122,2025-11-19 12:43:04.440 +0700
1327,MACHINING,Consumable Insert,Dnmg,"",true,false,,,17,122,2025-11-19 12:43:04.463 +0700
1328,MACHINING,Length Machining,"21",mm,false,true,,,20,122,2025-11-19 12:43:04.480 +0700
1329,MACHINING,Dimension Before Machining,"628.95",mm,false,true,,,19,122,2025-11-19 12:43:04.497 +0700
1330,MACHINING,Dimension After Machining,"628.75",mm,false,true,,,35,122,2025-11-19 12:43:04.524 +0700
1331,MACHINING,RPM (Spindle Speed),"16",Rpm,false,true,,,26,122,2025-11-19 12:43:04.548 +0700
1332,MACHINING,Feeding,"0.2",mm/rev,false,true,,,30,122,2025-11-19 12:43:04.565 +0700
1333,MACHINING,Depth of Cut,"0.2",mm,false,true,,,32,122,2025-11-19 12:43:04.581 +0700
1334,MACHINING,Lubrication,Coolant,"",true,false,,,33,122,2025-11-19 12:43:04.599 +0700
1335,MACHINING,Condition Material After Machining,On Spec,"",true,false,,,36,122,2025-11-19 12:43:04.627 +0700
1336,MACHINING,Operator Note,"","",false,false,,,49,122,2025-11-19 12:43:04.655 +0700
1337,Arc Spray,Part Name,Wheel hub R,"",false,false,,,145,127,2025-11-19 13:04:00.604 +0700
1338,Arc Spray,Model,"773","",false,true,,,146,127,2025-11-19 13:04:00.658 +0700
1339,Arc Spray,Condition,New,"",true,false,,,147,127,2025-11-19 13:04:00.685 +0700
1340,Arc Spray,Coating,Bond & Top,"",true,false,,,148,127,2025-11-19 13:04:00.714 +0700
1341,Arc Spray,Surface Area,Round (Rotating),"",true,false,,,149,127,2025-11-19 13:04:00.727 +0700
1342,Arc Spray,Rougness Blasting/Ra,"12","",false,true,,,150,127,2025-11-19 13:04:00.748 +0700
1343,Arc Spray,Spec Diameter (Round)/Panjang (Flat),"346.012","",false,true,,,151,127,2025-11-19 13:04:00.762 +0700
1344,Arc Spray,Spec Lenght (Round) / Lebar (Flat),"50","",false,true,,,152,127,2025-11-19 13:04:00.779 +0700
1345,Arc Spray,Area Repair,ID Bearing Contact,"",true,false,,,153,127,2025-11-19 13:04:00.795 +0700
1346,Arc Spray,Diameter After Blast,"346.95","",false,true,,,154,127,2025-11-19 13:04:00.815 +0700
1347,Arc Spray,Diameter After Bond,"346.6","",false,true,,,155,127,2025-11-19 13:04:00.827 +0700
1348,Arc Spray,Diameter After Top,"344.9","",false,true,,,156,127,2025-11-19 13:04:00.844 +0700
1349,Arc Spray,Material Bond Coat,AS175,"",true,false,,,157,127,2025-11-19 13:04:00.861 +0700
1350,Arc Spray,Wire 1 Lot # Bond Coat,"22025560","",false,false,,,158,127,2025-11-19 13:04:00.881 +0700
1351,Arc Spray,Wire 2 Lot # Bond Coat,"25037693","",false,false,,,159,127,2025-11-19 13:04:00.894 +0700
1352,Arc Spray,Primary Air Pressure (Psi) Bond Coat,"80","",false,true,,,160,127,2025-11-19 13:04:00.916 +0700
1353,Arc Spray,Arc Voltage (V) Bond Coat,"31","",false,true,,,161,127,2025-11-19 13:04:00.928 +0700
1354,Arc Spray,Arc Current (Amps) Bond Coat,"160","",false,true,,,162,127,2025-11-19 13:04:00.944 +0700
1355,Arc Spray,Rotation Speed of Part (rpm) Bond Coat,"70","",false,true,,,163,127,2025-11-19 13:04:00.963 +0700
1356,Arc Spray,Traverse Rate of Gun (mm/s) Bond Coat,"3","",false,true,,,164,127,2025-11-19 13:04:00.989 +0700
1357,Arc Spray,Bondcoat Robot cycle (Pass),"6","",false,true,,,165,127,2025-11-19 13:04:01.002 +0700
1358,Arc Spray,Material Top Coat,AS130,"",true,false,,,166,127,2025-11-19 13:04:01.019 +0700
1359,Arc Spray,Wire 1 Lot # Top Coat,"24033994","",false,false,,,167,127,2025-11-19 13:04:01.036 +0700
1360,Arc Spray,Wire 2 Lot # Top Coat,"24033994","",false,false,,,168,127,2025-11-19 13:04:01.053 +0700
1361,Arc Spray,Primary Air Pressure (Psi) Top Coat,"80","",false,true,,,169,127,2025-11-19 13:04:01.080 +0700
1362,Arc Spray,Arc Voltage (V) Top Coat,"31","",false,true,,,170,127,2025-11-19 13:04:01.094 +0700
1363,Arc Spray,Arc Current (Amps) Top Coat,"175","",false,true,,,171,127,2025-11-19 13:04:01.121 +0700
1364,Arc Spray,Rotation Speed of Part (rpm) Top Coat,"70","",false,true,,,172,127,2025-11-19 13:04:01.135 +0700
1365,Arc Spray,Traverse Rate of Gun (mm/s) Top Coat,"5","",false,true,,,173,127,2025-11-19 13:04:01.151 +0700
1366,Arc Spray,Top coat Robot cycle (Pass),"40","",false,true,,,174,127,2025-11-19 13:04:01.170 +0700
1367,Arc Spray,Dictol,Not Used,"",true,false,,,175,127,2025-11-19 13:04:01.188 +0700
1368,Arc Spray,Part Name,Wheel hub R,"",false,false,,,145,128,2025-11-19 13:04:05.129 +0700
1369,Arc Spray,Model,"773","",false,true,,,146,128,2025-11-19 13:04:05.145 +0700
1370,Arc Spray,Condition,New,"",true,false,,,147,128,2025-11-19 13:04:05.174 +0700
1371,Arc Spray,Coating,Bond & Top,"",true,false,,,148,128,2025-11-19 13:04:05.190 +0700
1372,Arc Spray,Surface Area,Round (Rotating),"",true,false,,,149,128,2025-11-19 13:04:05.209 +0700
1373,Arc Spray,Rougness Blasting/Ra,"12","",false,true,,,150,128,2025-11-19 13:04:05.227 +0700
1374,Arc Spray,Spec Diameter (Round)/Panjang (Flat),"346.012","",false,true,,,151,128,2025-11-19 13:04:05.243 +0700
1375,Arc Spray,Spec Lenght (Round) / Lebar (Flat),"50","",false,true,,,152,128,2025-11-19 13:04:05.262 +0700
1376,Arc Spray,Area Repair,ID Bearing Contact,"",true,false,,,153,128,2025-11-19 13:04:05.284 +0700
1377,Arc Spray,Diameter After Blast,"346.95","",false,true,,,154,128,2025-11-19 13:04:05.311 +0700
1378,Arc Spray,Diameter After Bond,"346.6","",false,true,,,155,128,2025-11-19 13:04:05.329 +0700
1379,Arc Spray,Diameter After Top,"344.9","",false,true,,,156,128,2025-11-19 13:04:05.344 +0700
1380,Arc Spray,Material Bond Coat,AS175,"",true,false,,,157,128,2025-11-19 13:04:05.361 +0700
1381,Arc Spray,Wire 1 Lot # Bond Coat,"22025560","",false,false,,,158,128,2025-11-19 13:04:05.385 +0700
1382,Arc Spray,Wire 2 Lot # Bond Coat,"25037693","",false,false,,,159,128,2025-11-19 13:04:05.402 +0700
1383,Arc Spray,Primary Air Pressure (Psi) Bond Coat,"80","",false,true,,,160,128,2025-11-19 13:04:05.420 +0700
1384,Arc Spray,Arc Voltage (V) Bond Coat,"31","",false,true,,,161,128,2025-11-19 13:04:05.436 +0700
1385,Arc Spray,Arc Current (Amps) Bond Coat,"160","",false,true,,,162,128,2025-11-19 13:04:05.452 +0700
1386,Arc Spray,Rotation Speed of Part (rpm) Bond Coat,"70","",false,true,,,163,128,2025-11-19 13:04:05.469 +0700
1387,Arc Spray,Traverse Rate of Gun (mm/s) Bond Coat,"3","",false,true,,,164,128,2025-11-19 13:04:05.487 +0700
1388,Arc Spray,Bondcoat Robot cycle (Pass),"6","",false,true,,,165,128,2025-11-19 13:04:05.501 +0700
1389,Arc Spray,Material Top Coat,AS130,"",true,false,,,166,128,2025-11-19 13:04:05.521 +0700
1390,Arc Spray,Wire 1 Lot # Top Coat,"24033994","",false,false,,,167,128,2025-11-19 13:04:05.540 +0700
1391,Arc Spray,Wire 2 Lot # Top Coat,"24033994","",false,false,,,168,128,2025-11-19 13:04:05.560 +0700
1392,Arc Spray,Primary Air Pressure (Psi) Top Coat,"80","",false,true,,,169,128,2025-11-19 13:04:05.583 +0700
1393,Arc Spray,Arc Voltage (V) Top Coat,"31","",false,true,,,170,128,2025-11-19 13:04:05.594 +0700
1394,Arc Spray,Arc Current (Amps) Top Coat,"175","",false,true,,,171,128,2025-11-19 13:04:05.618 +0700
1395,Arc Spray,Rotation Speed of Part (rpm) Top Coat,"70","",false,true,,,172,128,2025-11-19 13:04:05.636 +0700
1396,Arc Spray,Traverse Rate of Gun (mm/s) Top Coat,"5","",false,true,,,173,128,2025-11-19 13:04:05.652 +0700
1397,Arc Spray,Top coat Robot cycle (Pass),"40","",false,true,,,174,128,2025-11-19 13:04:05.669 +0700
1398,Arc Spray,Dictol,Not Used,"",true,false,,,175,128,2025-11-19 13:04:05.692 +0700
1399,MACHINING,Process Machining,Finishing,"",true,false,,,16,129,2025-11-19 13:30:29.620 +0700
1400,MACHINING,Material Type,Manufacture/Raw Material,"",true,false,,,62,129,2025-11-19 13:30:29.633 +0700
1401,MACHINING,Consumable Insert,BA101,"",true,false,,,17,129,2025-11-19 13:30:29.666 +0700
1402,MACHINING,Length Machining,"34",mm,false,true,,,20,129,2025-11-19 13:30:29.693 +0700
1403,MACHINING,Dimension Before Machining,"88",mm,false,true,,,19,129,2025-11-19 13:30:29.712 +0700
1404,MACHINING,Dimension After Machining,"106",mm,false,true,,,35,129,2025-11-19 13:30:29.724 +0700
1405,MACHINING,RPM (Spindle Speed),"12",Rpm,false,true,,,26,129,2025-11-19 13:30:29.751 +0700
1406,MACHINING,Feeding,"2",mm/rev,false,true,,,30,129,2025-11-19 13:30:29.770 +0700
1407,MACHINING,Depth of Cut,"2",mm,false,true,,,32,129,2025-11-19 13:30:29.782 +0700
1408,MACHINING,Lubrication,Coolant,"",true,false,,,33,129,2025-11-19 13:30:29.808 +0700
1409,MACHINING,Condition Material After Machining,On Spec,"",true,false,,,36,129,2025-11-19 13:30:29.825 +0700
1410,MACHINING,Operator Note,Agus kardian,"",false,false,,,49,129,2025-11-19 13:30:29.849 +0700
1411,MACHINING,Process Machining,Finishing,"",true,false,,,16,131,2025-11-19 13:36:32.922 +0700
1412,MACHINING,Material Type,Welding,"",true,false,,,62,131,2025-11-19 13:36:32.949 +0700
1413,MACHINING,Consumable Insert,BA101,"",true,false,,,17,131,2025-11-19 13:36:32.972 +0700
1414,MACHINING,Length Machining,"889.4",mm,false,true,,,20,131,2025-11-19 13:36:32.997 +0700
1415,MACHINING,Dimension Before Machining,"179",mm,false,true,,,19,131,2025-11-19 13:36:33.034 +0700
1416,MACHINING,Dimension After Machining,"177.550",mm,false,true,,,35,131,2025-11-19 13:36:33.057 +0700
1417,MACHINING,RPM (Spindle Speed),"400",Rpm,false,true,,,26,131,2025-11-19 13:36:33.074 +0700
1418,MACHINING,Feeding,"00.10",mm/rev,false,true,,,30,131,2025-11-19 13:36:33.099 +0700
1419,MACHINING,Depth of Cut,"0.20",mm,false,true,,,32,131,2025-11-19 13:36:33.156 +0700
1420,MACHINING,Lubrication,Dry,"",true,false,,,33,131,2025-11-19 13:36:33.181 +0700
1421,MACHINING,Condition Material After Machining,Under Size,"",true,false,,,36,131,2025-11-19 13:36:33.203 +0700
1422,MACHINING,Operator Note,"","",false,false,,,49,131,2025-11-19 13:36:33.221 +0700
1423,HCP - Prepolish,Lenght (mm),"1075.6",mm,false,true,,,55,132,2025-11-19 14:18:58.199 +0700
1424,HCP - Prepolish,Top Spec (mm),"228.570",mm,false,true,,,56,132,2025-11-19 14:18:58.252 +0700
1425,HCP - Prepolish,Spec Dia (mm),"228.520",mm,false,true,,,57,132,2025-11-19 14:18:58.265 +0700
1426,HCP - Prepolish,Bottom Spec (mm),"228.470",mm,false,true,,,58,132,2025-11-19 14:18:58.287 +0700
1427,HCP - Prepolish,Condition,After Build Up Welding,"",true,false,,,61,132,2025-11-19 14:18:58.312 +0700
1428,HCP - Prepolish,Hardness Before 1 (HRC),"",HRC,false,true,,,63,132,2025-11-19 14:18:58.339 +0700
1429,HCP - Prepolish,Hardness Before 2 (HRC),"",HRC,false,true,,,64,132,2025-11-19 14:18:58.358 +0700
1430,HCP - Prepolish,Hardness Before 3 (HRC),"",HRC,false,true,,,65,132,2025-11-19 14:18:58.372 +0700
1431,HCP - Prepolish,Hardness Before 4 (HRC),"",HRC,false,true,,,66,132,2025-11-19 14:18:58.392 +0700
1432,HCP - Prepolish,Hardness Before 5 (HRC),"",HRC,false,true,,,67,132,2025-11-19 14:18:58.406 +0700
1433,HCP - Prepolish,Start OD 1 (mm),"029",mm,false,true,,,68,132,2025-11-19 14:18:58.433 +0700
1434,HCP - Prepolish,Start OD 2 (mm),"155",mm,false,true,,,69,132,2025-11-19 14:18:58.448 +0700
1435,HCP - Prepolish,Start OD 3 (mm),"160",mm,false,true,,,70,132,2025-11-19 14:18:58.466 +0700
1436,HCP - Prepolish,Start OD 4 (mm),"147",mm,false,true,,,71,132,2025-11-19 14:18:58.487 +0700
1437,HCP - Prepolish,Start OD 5 (mm),"074",mm,false,true,,,72,132,2025-11-19 14:18:58.509 +0700
1438,HCP - Prepolish,Start OD 6 (mm),"065",mm,false,true,,,73,132,2025-11-19 14:18:58.525 +0700
1439,HCP - Prepolish,Start OD 7 (mm),"152",mm,false,true,,,74,132,2025-11-19 14:18:58.544 +0700
1440,HCP - Prepolish,Start OD 8 (mm),"150",mm,false,true,,,75,132,2025-11-19 14:18:58.556 +0700
1441,HCP - Prepolish,Start OD 9 (mm),"154",mm,false,true,,,76,132,2025-11-19 14:18:58.573 +0700
1442,HCP - Prepolish,Start OD 10 (mm),"081",mm,false,true,,,77,132,2025-11-19 14:18:58.595 +0700
1443,HCP - Prepolish,Prep OD 1 (mm),"010",mm,false,true,,,78,132,2025-11-19 14:18:58.608 +0700
1444,HCP - Prepolish,Prep OD 2 (mm),"060",mm,false,true,,,79,132,2025-11-19 14:18:58.644 +0700
1445,HCP - Prepolish,Prep OD 3 (mm),"071",mm,false,true,,,80,132,2025-11-19 14:18:58.656 +0700
1446,HCP - Prepolish,Prep OD 4 (mm),"064",mm,false,true,,,81,132,2025-11-19 14:18:58.676 +0700
1447,HCP - Prepolish,Prep OD 5 (mm),"045",mm,false,true,,,82,132,2025-11-19 14:18:58.703 +0700
1448,HCP - Prepolish,Prep OD 6 (mm),"045",mm,false,true,,,83,132,2025-11-19 14:18:58.721 +0700
1449,HCP - Prepolish,Prep OD 7 (mm),"036",mm,false,true,,,84,132,2025-11-19 14:18:58.754 +0700
1450,HCP - Prepolish,Prep OD 8 (mm),"072",mm,false,true,,,85,132,2025-11-19 14:18:58.781 +0700
1451,HCP - Prepolish,Prep OD 9 (mm),"054",mm,false,true,,,86,132,2025-11-19 14:18:58.814 +0700
1452,HCP - Prepolish,Prep OD 10 (mm),"033",mm,false,true,,,87,132,2025-11-19 14:18:58.845 +0700
1453,HCP - Prepolish,Dot Welds,No,"",true,false,,,91,132,2025-11-19 14:18:58.865 +0700
1454,HCP - Prepolish,Tig Welds,Yes,"",true,false,,,92,132,2025-11-19 14:18:58.897 +0700
1455,HCP - Prepolish,Note Prep,"","",false,false,,,135,132,2025-11-19 14:18:58.927 +0700
1456,SAW,Filler Material,Bohler EM12K,"",true,false,,,14,133,2025-11-19 14:19:45.386 +0700
1457,SAW,Flux,Bohler,"",true,true,,,144,133,2025-11-19 14:19:45.415 +0700
1458,SAW,Wire Diameter,"2,4 mm","",true,false,,,15,133,2025-11-19 14:19:45.432 +0700
1459,SAW,Diameter Before Welding,"226",mm,false,true,,,21,133,2025-11-19 14:19:45.460 +0700
1460,SAW,Pre heat,"156",deg C,false,true,,,22,133,2025-11-19 14:19:45.485 +0700
1461,SAW,Amperage,"300",A,false,true,,,23,133,2025-11-19 14:19:45.498 +0700
1462,SAW,Voltage,"29",V,false,true,,,24,133,2025-11-19 14:19:45.517 +0700
1463,SAW,Speed Frekuensi,"39",Hz,false,false,,,18,133,2025-11-19 14:19:45.531 +0700
1464,SAW,Temperature After Welding,"178",deg C,false,true,,,25,133,2025-11-19 14:19:45.548 +0700
1465,SAW,Diameter After Welding Area 1,"231",mm,false,true,,,27,133,2025-11-19 14:19:45.568 +0700
1466,SAW,Diameter After Welding Area 2,"0",mm,false,true,,,28,133,2025-11-19 14:19:45.581 +0700
1467,SAW,Lenght Welding,"500",mm,false,true,,,29,133,2025-11-19 14:19:45.598 +0700
1468,SAW,Operator Note,"","",false,false,,,31,133,2025-11-19 14:19:45.619 +0700
1469,SAW,Filler Material,Bohler EM12K,"",true,false,,,14,134,2025-11-19 14:19:50.149 +0700
1470,SAW,Flux,Bohler,"",true,true,,,144,134,2025-11-19 14:19:50.172 +0700
1471,SAW,Wire Diameter,"2,4 mm","",true,false,,,15,134,2025-11-19 14:19:50.190 +0700
1472,SAW,Diameter Before Welding,"226",mm,false,true,,,21,134,2025-11-19 14:19:50.205 +0700
1473,SAW,Pre heat,"156",deg C,false,true,,,22,134,2025-11-19 14:19:50.224 +0700
1474,SAW,Amperage,"300",A,false,true,,,23,134,2025-11-19 14:19:50.240 +0700
1475,SAW,Voltage,"29",V,false,true,,,24,134,2025-11-19 14:19:50.255 +0700
1476,SAW,Speed Frekuensi,"39",Hz,false,false,,,18,134,2025-11-19 14:19:50.276 +0700
1477,SAW,Temperature After Welding,"178",deg C,false,true,,,25,134,2025-11-19 14:19:50.290 +0700
1478,SAW,Diameter After Welding Area 1,"231",mm,false,true,,,27,134,2025-11-19 14:19:50.319 +0700
1479,SAW,Diameter After Welding Area 2,"0",mm,false,true,,,28,134,2025-11-19 14:19:50.340 +0700
1480,SAW,Lenght Welding,"500",mm,false,true,,,29,134,2025-11-19 14:19:50.356 +0700
1481,SAW,Operator Note,"","",false,false,,,31,134,2025-11-19 14:19:50.380 +0700
1482,SAW,Filler Material,Bohler EM12K,"",true,false,,,14,135,2025-11-19 14:19:53.823 +0700
1483,SAW,Flux,Bohler,"",true,true,,,144,135,2025-11-19 14:19:53.838 +0700
1484,SAW,Wire Diameter,"2,4 mm","",true,false,,,15,135,2025-11-19 14:19:53.858 +0700
1485,SAW,Diameter Before Welding,"226",mm,false,true,,,21,135,2025-11-19 14:19:53.874 +0700
1486,SAW,Pre heat,"156",deg C,false,true,,,22,135,2025-11-19 14:19:53.902 +0700
1487,SAW,Amperage,"300",A,false,true,,,23,135,2025-11-19 14:19:53.923 +0700
1488,SAW,Voltage,"29",V,false,true,,,24,135,2025-11-19 14:19:53.939 +0700
1489,SAW,Speed Frekuensi,"39",Hz,false,false,,,18,135,2025-11-19 14:19:53.971 +0700
1490,SAW,Temperature After Welding,"178",deg C,false,true,,,25,135,2025-11-19 14:19:53.988 +0700
1491,SAW,Diameter After Welding Area 1,"231",mm,false,true,,,27,135,2025-11-19 14:19:54.010 +0700
1492,SAW,Diameter After Welding Area 2,"0",mm,false,true,,,28,135,2025-11-19 14:19:54.023 +0700
1493,SAW,Lenght Welding,"500",mm,false,true,,,29,135,2025-11-19 14:19:54.039 +0700
1494,SAW,Operator Note,"","",false,false,,,31,135,2025-11-19 14:19:54.064 +0700
1495,MACHINING,Process Machining,Roughing,"",true,false,,,16,136,2025-11-19 14:49:53.288 +0700
1496,MACHINING,Material Type,Welding,"",true,false,,,62,136,2025-11-19 14:49:53.311 +0700
1497,MACHINING,Consumable Insert,HSS 12 × 12,"",true,false,,,17,136,2025-11-19 14:49:53.339 +0700
1498,MACHINING,Length Machining,"5.6",mm,false,true,,,20,136,2025-11-19 14:49:53.355 +0700
1499,MACHINING,Dimension Before Machining,"182.6",mm,false,true,,,19,136,2025-11-19 14:49:53.370 +0700
1500,MACHINING,Dimension After Machining,"194.95",mm,false,true,,,35,136,2025-11-19 14:49:53.396 +0700
1501,MACHINING,RPM (Spindle Speed),"25",Rpm,false,true,,,26,136,2025-11-19 14:49:53.434 +0700
1502,MACHINING,Feeding,"0.08",mm/rev,false,true,,,30,136,2025-11-19 14:49:53.453 +0700
1503,MACHINING,Depth of Cut,"5.1",mm,false,true,,,32,136,2025-11-19 14:49:53.475 +0700
1504,MACHINING,Lubrication,Dry,"",true,false,,,33,136,2025-11-19 14:49:53.501 +0700
1505,MACHINING,Condition Material After Machining,On Spec,"",true,false,,,36,136,2025-11-19 14:49:53.520 +0700
1506,MACHINING,Operator Note,Grooving,"",false,false,,,49,136,2025-11-19 14:49:53.544 +0700
1507,MACHINING,Process Machining,Roughing,"",true,false,,,16,137,2025-11-19 14:50:48.209 +0700
1508,MACHINING,Material Type,Welding,"",true,false,,,62,137,2025-11-19 14:50:48.241 +0700
1509,MACHINING,Consumable Insert,CCMT 302,"",true,false,,,17,137,2025-11-19 14:50:48.261 +0700
1510,MACHINING,Length Machining,"15",mm,false,true,,,20,137,2025-11-19 14:50:48.285 +0700
1511,MACHINING,Dimension Before Machining,"182.6",mm,false,true,,,19,137,2025-11-19 14:50:48.307 +0700
1512,MACHINING,Dimension After Machining,"203.22",mm,false,true,,,35,137,2025-11-19 14:50:48.328 +0700
1513,MACHINING,RPM (Spindle Speed),"125",Rpm,false,true,,,26,137,2025-11-19 14:50:48.351 +0700
1514,MACHINING,Feeding,"0.13",mm/rev,false,true,,,30,137,2025-11-19 14:50:48.369 +0700
1515,MACHINING,Depth of Cut,"2",mm,false,true,,,32,137,2025-11-19 14:50:48.395 +0700
1516,MACHINING,Lubrication,Dry,"",true,false,,,33,137,2025-11-19 14:50:48.414 +0700
1517,MACHINING,Condition Material After Machining,Under Size,"",true,false,,,36,137,2025-11-19 14:50:48.429 +0700
1518,MACHINING,Operator Note,"","",false,false,,,49,137,2025-11-19 14:50:48.452 +0700
1519,MACHINING,Process Machining,Finishing,"",true,false,,,16,138,2025-11-19 14:51:04.167 +0700
1520,MACHINING,Material Type,Welding,"",true,false,,,62,138,2025-11-19 14:51:04.190 +0700
1521,MACHINING,Consumable Insert,CCMT 302,"",true,false,,,17,138,2025-11-19 14:51:04.217 +0700
1522,MACHINING,Length Machining,"15",mm,false,true,,,20,138,2025-11-19 14:51:04.250 +0700
1523,MACHINING,Dimension Before Machining,"182.6",mm,false,true,,,19,138,2025-11-19 14:51:04.277 +0700
1524,MACHINING,Dimension After Machining,"203.22",mm,false,true,,,35,138,2025-11-19 14:51:04.294 +0700
1525,MACHINING,RPM (Spindle Speed),"125",Rpm,false,true,,,26,138,2025-11-19 14:51:04.314 +0700
1526,MACHINING,Feeding,"0.08",mm/rev,false,true,,,30,138,2025-11-19 14:51:04.326 +0700
1527,MACHINING,Depth of Cut,"0.4",mm,false,true,,,32,138,2025-11-19 14:51:04.352 +0700
1528,MACHINING,Lubrication,Dry,"",true,false,,,33,138,2025-11-19 14:51:04.368 +0700
1529,MACHINING,Condition Material After Machining,On Spec,"",true,false,,,36,138,2025-11-19 14:51:04.393 +0700
1530,MACHINING,Operator Note,"","",false,false,,,49,138,2025-11-19 14:51:04.416 +0700
1531,MACHINING,Process Machining,Finishing,"",true,false,,,16,139,2025-11-19 14:52:41.397 +0700
1532,MACHINING,Material Type,Welding,"",true,false,,,62,139,2025-11-19 14:52:41.429 +0700
1533,MACHINING,Consumable Insert,CCMT 302,"",true,false,,,17,139,2025-11-19 14:52:41.449 +0700
1534,MACHINING,Length Machining,"188",mm,false,true,,,20,139,2025-11-19 14:52:41.473 +0700
1535,MACHINING,Dimension Before Machining,"187",mm,false,true,,,19,139,2025-11-19 14:52:41.491 +0700
1536,MACHINING,Dimension After Machining,"187.48",mm,false,true,,,35,139,2025-11-19 14:52:41.508 +0700
1537,MACHINING,RPM (Spindle Speed),"125",Rpm,false,true,,,26,139,2025-11-19 14:52:41.530 +0700
1538,MACHINING,Feeding,"0.08",mm/rev,false,true,,,30,139,2025-11-19 14:52:41.549 +0700
1539,MACHINING,Depth of Cut,"0.5",mm,false,true,,,32,139,2025-11-19 14:52:41.574 +0700
1540,MACHINING,Lubrication,Dry,"",true,false,,,33,139,2025-11-19 14:52:41.589 +0700
1541,MACHINING,Condition Material After Machining,Oval,"",true,false,,,36,139,2025-11-19 14:52:41.607 +0700
1542,MACHINING,Operator Note,Dimensi hasil machining oval 20 micron,"",false,false,,,49,139,2025-11-19 14:52:41.634 +0700
1543,MACHINING,Process Machining,Roughing,"",true,false,,,16,142,2025-11-19 16:43:51.194 +0700
1544,MACHINING,Material Type,Manufacture/Raw Material,"",true,false,,,62,142,2025-11-19 16:43:51.209 +0700
1545,MACHINING,Consumable Insert,BA101,"",true,false,,,17,142,2025-11-19 16:43:51.291 +0700
1546,MACHINING,Length Machining,"1426",mm,false,true,,,20,142,2025-11-19 16:43:51.308 +0700
1547,MACHINING,Dimension Before Machining,"125",mm,false,true,,,19,142,2025-11-19 16:43:51.390 +0700
1548,MACHINING,Dimension After Machining,"120",mm,false,true,,,35,142,2025-11-19 16:43:51.408 +0700
1549,MACHINING,RPM (Spindle Speed),"225",Rpm,false,true,,,26,142,2025-11-19 16:43:51.468 +0700
1550,MACHINING,Feeding,"0.25",mm/rev,false,true,,,30,142,2025-11-19 16:43:51.515 +0700
1551,MACHINING,Depth of Cut,"1",mm,false,true,,,32,142,2025-11-19 16:43:51.533 +0700
1552,MACHINING,Lubrication,Dry,"",true,false,,,33,142,2025-11-19 16:43:51.610 +0700
1553,MACHINING,Condition Material After Machining,Tapper,"",true,false,,,36,142,2025-11-19 16:43:51.904 +0700
1554,MACHINING,Operator Note,Hasil machiningan oval dan tper,"",false,false,,,49,142,2025-11-19 16:43:51.926 +0700
1555,MACHINING,Process Machining,Roughing,"",true,false,,,16,143,2025-11-19 16:44:48.328 +0700
1556,MACHINING,Material Type,Manufacture/Raw Material,"",true,false,,,62,143,2025-11-19 16:44:48.389 +0700
1557,MACHINING,Consumable Insert,BA101,"",true,false,,,17,143,2025-11-19 16:44:48.406 +0700
1558,MACHINING,Length Machining,"1426",mm,false,true,,,20,143,2025-11-19 16:44:48.421 +0700
1559,MACHINING,Dimension Before Machining,"125",mm,false,true,,,19,143,2025-11-19 16:44:48.452 +0700
1560,MACHINING,Dimension After Machining,"120",mm,false,true,,,35,143,2025-11-19 16:44:48.517 +0700
1561,MACHINING,RPM (Spindle Speed),"225",Rpm,false,true,,,26,143,2025-11-19 16:44:48.894 +0700
1562,MACHINING,Feeding,"0.25",mm/rev,false,true,,,30,143,2025-11-19 16:44:49.023 +0700
1563,MACHINING,Depth of Cut,"0.5",mm,false,true,,,32,143,2025-11-19 16:44:49.069 +0700
1564,MACHINING,Lubrication,Dry,"",true,false,,,33,143,2025-11-19 16:44:49.133 +0700
1565,MACHINING,Condition Material After Machining,On Spec,"",true,false,,,36,143,2025-11-19 16:44:49.213 +0700
1566,MACHINING,Operator Note,Hasil machiningan taper,"",false,false,,,49,143,2025-11-19 16:44:49.235 +0700
1567,MACHINING,Process Machining,Finishing,"",true,false,,,16,144,2025-11-19 16:47:09.683 +0700
1568,MACHINING,Material Type,Welding,"",true,false,,,62,144,2025-11-19 16:47:09.709 +0700
1569,MACHINING,Consumable Insert,Dcmt,"",true,false,,,17,144,2025-11-19 16:47:09.742 +0700
1570,MACHINING,Length Machining,"86",mm,false,true,,,20,144,2025-11-19 16:47:09.768 +0700
1571,MACHINING,Dimension Before Machining,"0",mm,false,true,,,19,144,2025-11-19 16:47:09.789 +0700
1572,MACHINING,Dimension After Machining,"30",mm,false,true,,,35,144,2025-11-19 16:47:09.806 +0700
1573,MACHINING,RPM (Spindle Speed),"66",Rpm,false,true,,,26,144,2025-11-19 16:47:09.828 +0700
1574,MACHINING,Feeding,"00.15",mm/rev,false,true,,,30,144,2025-11-19 16:47:09.855 +0700
1575,MACHINING,Depth of Cut,"0.5",mm,false,true,,,32,144,2025-11-19 16:47:09.870 +0700
1576,MACHINING,Lubrication,Dry,"",true,false,,,33,144,2025-11-19 16:47:09.886 +0700
1577,MACHINING,Condition Material After Machining,Under Size,"",true,false,,,36,144,2025-11-19 16:47:09.907 +0700
1578,MACHINING,Operator Note,"","",false,false,,,49,144,2025-11-19 16:47:09.931 +0700
1579,HCP - Plating,Plating Time (hours),"4",Hours,false,true,,,50,145,2025-11-19 17:16:14.382 +0700
1580,HCP - Plating,Temperatur Plating (C),"55",Celcius,false,true,,,51,145,2025-11-19 17:16:14.403 +0700
1581,HCP - Plating,Arus Plating (A),"575",Ampere,false,true,,,52,145,2025-11-19 17:16:14.418 +0700
1582,HCP - Plating,Voltage (V),"8.6",Volt,false,true,,,134,145,2025-11-19 17:16:14.436 +0700
1583,HCP - Plating,Number Tank,"1","",true,false,,,59,145,2025-11-19 17:16:14.473 +0700
1584,HCP - Plating,Jumlah Process Chrome (Kali),"1","",true,false,,,60,145,2025-11-19 17:16:14.493 +0700
1585,HCP - Plating,Defect,No Defect,"",true,false,,,54,145,2025-11-19 17:16:14.508 +0700
1586,HCP - Plating,Solving,Final polish,"",true,false,,,53,145,2025-11-19 17:16:14.531 +0700
1587,HCP - Plating,Note Plating,"","",false,false,,,136,145,2025-11-19 17:16:14.550 +0700
1588,HCP - Plating,Plating Time (hours),"4",Hours,false,true,,,50,146,2025-11-19 17:20:49.894 +0700
1589,HCP - Plating,Temperatur Plating (C),"55",Celcius,false,true,,,51,146,2025-11-19 17:20:49.909 +0700
1590,HCP - Plating,Arus Plating (A),"400",Ampere,false,true,,,52,146,2025-11-19 17:20:49.930 +0700
1591,HCP - Plating,Voltage (V),"8.9",Volt,false,true,,,134,146,2025-11-19 17:20:49.967 +0700
1592,HCP - Plating,Number Tank,"3","",true,false,,,59,146,2025-11-19 17:20:49.982 +0700
1593,HCP - Plating,Jumlah Process Chrome (Kali),"2","",true,false,,,60,146,2025-11-19 17:20:50.006 +0700
1594,HCP - Plating,Defect,No Defect,"",true,false,,,54,146,2025-11-19 17:20:50.025 +0700
1595,HCP - Plating,Solving,Final polish,"",true,false,,,53,146,2025-11-19 17:20:50.060 +0700
1596,HCP - Plating,Note Plating,"","",false,false,,,136,146,2025-11-19 17:20:50.073 +0700
1597,HCP - Plating,Plating Time (hours),"14",Hours,false,true,,,50,147,2025-11-19 17:24:02.613 +0700
1598,HCP - Plating,Temperatur Plating (C),"55",Celcius,false,true,,,51,147,2025-11-19 17:24:02.646 +0700
1599,HCP - Plating,Arus Plating (A),"2000",Ampere,false,true,,,52,147,2025-11-19 17:24:02.663 +0700
1600,HCP - Plating,Voltage (V),"",Volt,false,true,,,134,147,2025-11-19 17:24:02.683 +0700
1601,HCP - Plating,Number Tank,"1","",true,false,,,59,147,2025-11-19 17:24:02.701 +0700
1602,HCP - Plating,Jumlah Process Chrome (Kali),"1","",true,false,,,60,147,2025-11-19 17:24:02.716 +0700
1603,HCP - Plating,Defect,No Defect,"",true,false,,,54,147,2025-11-19 17:24:02.752 +0700
1604,HCP - Plating,Solving,Final polish,"",true,false,,,53,147,2025-11-19 17:24:02.768 +0700
1605,HCP - Plating,Note Plating,"","",false,false,,,136,147,2025-11-19 17:24:02.784 +0700
1606,MACHINING,Process Machining,Honing,"",true,false,,,16,150,2025-11-19 20:35:01.571 +0700
1607,MACHINING,Material Type,Manufacture/Raw Material,"",true,false,,,62,150,2025-11-19 20:35:01.596 +0700
1608,MACHINING,Consumable Insert,Stone A45,"",true,false,,,17,150,2025-11-19 20:35:01.630 +0700
1609,MACHINING,Length Machining,"50.00",mm,false,true,,,20,150,2025-11-19 20:35:01.653 +0700
1610,MACHINING,Dimension Before Machining,"101.300",mm,false,true,,,19,150,2025-11-19 20:35:01.677 +0700
1611,MACHINING,Dimension After Machining,"101.700",mm,false,true,,,35,150,2025-11-19 20:35:01.695 +0700
1612,MACHINING,RPM (Spindle Speed),"60",Rpm,false,true,,,26,150,2025-11-19 20:35:01.721 +0700
1613,MACHINING,Feeding,"12",mm/rev,false,true,,,30,150,2025-11-19 20:35:01.736 +0700
1614,MACHINING,Depth of Cut,"0.020",mm,false,true,,,32,150,2025-11-19 20:35:01.754 +0700
1615,MACHINING,Lubrication,Coolant,"",true,false,,,33,150,2025-11-19 20:35:01.782 +0700
1616,MACHINING,Condition Material After Machining,On Spec,"",true,false,,,36,150,2025-11-19 20:35:01.797 +0700
1617,MACHINING,Operator Note,Lanjut proses berikutnya,"",false,false,,,49,150,2025-11-19 20:35:01.817 +0700
1618,MACHINING,Process Machining,Roughing,"",true,false,,,16,151,2025-11-20 04:27:02.869 +0700
1619,MACHINING,Material Type,Manufacture/Raw Material,"",true,false,,,62,151,2025-11-20 04:27:02.898 +0700
1620,MACHINING,Consumable Insert,BA402,"",true,false,,,17,151,2025-11-20 04:27:02.920 +0700
1621,MACHINING,Length Machining,"522",mm,false,true,,,20,151,2025-11-20 04:27:02.939 +0700
1622,MACHINING,Dimension Before Machining,"124",mm,false,true,,,19,151,2025-11-20 04:27:02.955 +0700
1623,MACHINING,Dimension After Machining,"140",mm,false,true,,,35,151,2025-11-20 04:27:02.979 +0700
1624,MACHINING,RPM (Spindle Speed),"315",Rpm,false,true,,,26,151,2025-11-20 04:27:02.997 +0700
1625,MACHINING,Feeding,"0.06",mm/rev,false,true,,,30,151,2025-11-20 04:27:03.024 +0700
1626,MACHINING,Depth of Cut,"3",mm,false,true,,,32,151,2025-11-20 04:27:03.043 +0700
1627,MACHINING,Lubrication,Dry,"",true,false,,,33,151,2025-11-20 04:27:03.073 +0700
1628,MACHINING,Condition Material After Machining,On Spec,"",true,false,,,36,151,2025-11-20 04:27:03.088 +0700
1629,MACHINING,Operator Note,"","",false,false,,,49,151,2025-11-20 04:27:03.107 +0700
1630,SAW,Filler Material,Bohler EM12K,"",true,false,,,14,152,2025-11-20 10:29:47.074 +0700
1631,SAW,Flux,Bohler,"",true,true,,,144,152,2025-11-20 10:29:47.091 +0700
1632,SAW,Wire Diameter,"2,4 mm","",true,false,,,15,152,2025-11-20 10:29:47.107 +0700
1633,SAW,Diameter Before Welding,"227",mm,false,true,,,21,152,2025-11-20 10:29:47.131 +0700
1634,SAW,Pre heat,"160",deg C,false,true,,,22,152,2025-11-20 10:29:47.149 +0700
1635,SAW,Amperage,"300",A,false,true,,,23,152,2025-11-20 10:29:47.183 +0700
1636,SAW,Voltage,"30",V,false,true,,,24,152,2025-11-20 10:29:47.199 +0700
1637,SAW,Speed Frekuensi,"40",Hz,false,false,,,18,152,2025-11-20 10:29:47.233 +0700
1638,SAW,Temperature After Welding,"223",deg C,false,true,,,25,152,2025-11-20 10:29:47.248 +0700
1639,SAW,Diameter After Welding Area 1,"231",mm,false,true,,,27,152,2025-11-20 10:29:47.278 +0700
1640,SAW,Diameter After Welding Area 2,"0",mm,false,true,,,28,152,2025-11-20 10:29:47.292 +0700
1641,SAW,Lenght Welding,"285",mm,false,true,,,29,152,2025-11-20 10:29:47.305 +0700
1642,SAW,Operator Note,"","",false,false,,,31,152,2025-11-20 10:29:47.329 +0700
1643,SAW,Filler Material,Bohler EM12K,"",true,false,,,14,153,2025-11-20 10:29:51.055 +0700
1644,SAW,Flux,Bohler,"",true,true,,,144,153,2025-11-20 10:29:51.072 +0700
1645,SAW,Wire Diameter,"2,4 mm","",true,false,,,15,153,2025-11-20 10:29:51.090 +0700
1646,SAW,Diameter Before Welding,"227",mm,false,true,,,21,153,2025-11-20 10:29:51.115 +0700
1647,SAW,Pre heat,"160",deg C,false,true,,,22,153,2025-11-20 10:29:51.133 +0700
1648,SAW,Amperage,"300",A,false,true,,,23,153,2025-11-20 10:29:51.157 +0700
1649,SAW,Voltage,"30",V,false,true,,,24,153,2025-11-20 10:29:51.172 +0700
1650,SAW,Speed Frekuensi,"40",Hz,false,false,,,18,153,2025-11-20 10:29:51.190 +0700
1651,SAW,Temperature After Welding,"223",deg C,false,true,,,25,153,2025-11-20 10:29:51.207 +0700
1652,SAW,Diameter After Welding Area 1,"231",mm,false,true,,,27,153,2025-11-20 10:29:51.229 +0700
1653,SAW,Diameter After Welding Area 2,"0",mm,false,true,,,28,153,2025-11-20 10:29:51.246 +0700
1654,SAW,Lenght Welding,"285",mm,false,true,,,29,153,2025-11-20 10:29:51.265 +0700
1655,SAW,Operator Note,"","",false,false,,,31,153,2025-11-20 10:29:51.280 +0700
1656,MACHINING,Process Machining,Roughing,"",true,false,,,16,154,2025-11-20 12:23:29.220 +0700
1657,MACHINING,Material Type,Manufacture/Raw Material,"",true,false,,,62,154,2025-11-20 12:23:29.247 +0700
1658,MACHINING,Consumable Insert,Dnmg,"",true,false,,,17,154,2025-11-20 12:23:29.274 +0700
1659,MACHINING,Length Machining,"23",mm,false,true,,,20,154,2025-11-20 12:23:29.289 +0700
1660,MACHINING,Dimension Before Machining,"628.6",mm,false,true,,,19,154,2025-11-20 12:23:29.310 +0700
1661,MACHINING,Dimension After Machining,"628.1",mm,false,true,,,35,154,2025-11-20 12:23:29.327 +0700
1662,MACHINING,RPM (Spindle Speed),"16",Rpm,false,true,,,26,154,2025-11-20 12:23:29.339 +0700
1663,MACHINING,Feeding,"0.2",mm/rev,false,true,,,30,154,2025-11-20 12:23:29.356 +0700
1664,MACHINING,Depth of Cut,"0.5",mm,false,true,,,32,154,2025-11-20 12:23:29.383 +0700
1665,MACHINING,Lubrication,Dry,"",true,false,,,33,154,2025-11-20 12:23:29.405 +0700
1666,MACHINING,Condition Material After Machining,On Spec,"",true,false,,,36,154,2025-11-20 12:23:29.423 +0700
1667,MACHINING,Operator Note,"","",false,false,,,49,154,2025-11-20 12:23:29.442 +0700
1668,MACHINING,Process Machining,Finishing,"",true,false,,,16,155,2025-11-20 12:23:50.746 +0700
1669,MACHINING,Material Type,Manufacture/Raw Material,"",true,false,,,62,155,2025-11-20 12:23:50.793 +0700
1670,MACHINING,Consumable Insert,Dnmg,"",true,false,,,17,155,2025-11-20 12:23:50.805 +0700
1671,MACHINING,Length Machining,"23",mm,false,true,,,20,155,2025-11-20 12:23:50.826 +0700
1672,MACHINING,Dimension Before Machining,"628.1",mm,false,true,,,19,155,2025-11-20 12:23:50.837 +0700
1673,MACHINING,Dimension After Machining,"627.9",mm,false,true,,,35,155,2025-11-20 12:23:50.855 +0700
1674,MACHINING,RPM (Spindle Speed),"16",Rpm,false,true,,,26,155,2025-11-20 12:23:50.876 +0700
1675,MACHINING,Feeding,"0.2",mm/rev,false,true,,,30,155,2025-11-20 12:23:50.896 +0700
1676,MACHINING,Depth of Cut,"0.2",mm,false,true,,,32,155,2025-11-20 12:23:50.914 +0700
1677,MACHINING,Lubrication,Dry,"",true,false,,,33,155,2025-11-20 12:23:50.930 +0700
1678,MACHINING,Condition Material After Machining,On Spec,"",true,false,,,36,155,2025-11-20 12:23:50.947 +0700
1679,MACHINING,Operator Note,"","",false,false,,,49,155,2025-11-20 12:23:50.970 +0700
1680,MACHINING,Process Machining,Roughing,"",true,false,,,16,156,2025-11-20 12:25:02.091 +0700
1681,MACHINING,Material Type,Manufacture/Raw Material,"",true,false,,,62,156,2025-11-20 12:25:02.119 +0700
1682,MACHINING,Consumable Insert,Dnmg,"",true,false,,,17,156,2025-11-20 12:25:02.136 +0700
1683,MACHINING,Length Machining,"23",mm,false,true,,,20,156,2025-11-20 12:25:02.153 +0700
1684,MACHINING,Dimension Before Machining,"546.1",mm,false,true,,,19,156,2025-11-20 12:25:02.170 +0700
1685,MACHINING,Dimension After Machining,"546.6",mm,false,true,,,35,156,2025-11-20 12:25:02.201 +0700
1686,MACHINING,RPM (Spindle Speed),"16",Rpm,false,true,,,26,156,2025-11-20 12:25:02.228 +0700
1687,MACHINING,Feeding,"0.2",mm/rev,false,true,,,30,156,2025-11-20 12:25:02.245 +0700
1688,MACHINING,Depth of Cut,"0.5",mm,false,true,,,32,156,2025-11-20 12:25:02.268 +0700
1689,MACHINING,Lubrication,Dry,"",true,false,,,33,156,2025-11-20 12:25:02.295 +0700
1690,MACHINING,Condition Material After Machining,On Spec,"",true,false,,,36,156,2025-11-20 12:25:02.324 +0700
1691,MACHINING,Operator Note,"","",false,false,,,49,156,2025-11-20 12:25:02.380 +0700
1692,MACHINING,Process Machining,Finishing,"",true,false,,,16,157,2025-11-20 12:25:21.859 +0700
1693,MACHINING,Material Type,Manufacture/Raw Material,"",true,false,,,62,157,2025-11-20 12:25:21.879 +0700
1694,MACHINING,Consumable Insert,Dnmg,"",true,false,,,17,157,2025-11-20 12:25:21.949 +0700
1695,MACHINING,Length Machining,"23",mm,false,true,,,20,157,2025-11-20 12:25:21.978 +0700
1696,MACHINING,Dimension Before Machining,"546.6",mm,false,true,,,19,157,2025-11-20 12:25:21.995 +0700
1697,MACHINING,Dimension After Machining,"546.8",mm,false,true,,,35,157,2025-11-20 12:25:22.011 +0700
1698,MACHINING,RPM (Spindle Speed),"16",Rpm,false,true,,,26,157,2025-11-20 12:25:22.027 +0700
1699,MACHINING,Feeding,"0.2",mm/rev,false,true,,,30,157,2025-11-20 12:25:22.053 +0700
1700,MACHINING,Depth of Cut,"0.2",mm,false,true,,,32,157,2025-11-20 12:25:22.092 +0700
1701,MACHINING,Lubrication,Dry,"",true,false,,,33,157,2025-11-20 12:25:22.111 +0700
1702,MACHINING,Condition Material After Machining,On Spec,"",true,false,,,36,157,2025-11-20 12:25:22.127 +0700
1703,MACHINING,Operator Note,"","",false,false,,,49,157,2025-11-20 12:25:22.160 +0700
1704,MACHINING,Process Machining,Roughing,"",true,false,,,16,159,2025-11-20 12:26:12.443 +0700
1705,MACHINING,Material Type,Manufacture/Raw Material,"",true,false,,,62,159,2025-11-20 12:26:12.482 +0700
1706,MACHINING,Consumable Insert,Dnmg,"",true,false,,,17,159,2025-11-20 12:26:12.503 +0700
1707,MACHINING,Length Machining,"23",mm,false,true,,,20,159,2025-11-20 12:26:12.527 +0700
1708,MACHINING,Dimension Before Machining,"469.9",mm,false,true,,,19,159,2025-11-20 12:26:12.542 +0700
1709,MACHINING,Dimension After Machining,"470.4",mm,false,true,,,35,159,2025-11-20 12:26:12.559 +0700
1710,MACHINING,RPM (Spindle Speed),"16",Rpm,false,true,,,26,159,2025-11-20 12:26:12.576 +0700
1711,MACHINING,Feeding,"0.2",mm/rev,false,true,,,30,159,2025-11-20 12:26:12.599 +0700
1712,MACHINING,Depth of Cut,"0.5",mm,false,true,,,32,159,2025-11-20 12:26:12.627 +0700
1713,MACHINING,Lubrication,Dry,"",true,false,,,33,159,2025-11-20 12:26:12.643 +0700
1714,MACHINING,Condition Material After Machining,On Spec,"",true,false,,,36,159,2025-11-20 12:26:12.660 +0700
1715,MACHINING,Operator Note,"","",false,false,,,49,159,2025-11-20 12:26:12.686 +0700
1716,MACHINING,Process Machining,Finishing,"",true,false,,,16,160,2025-11-20 12:26:59.405 +0700
1717,MACHINING,Material Type,Manufacture/Raw Material,"",true,false,,,62,160,2025-11-20 12:26:59.425 +0700
1718,MACHINING,Consumable Insert,Dnmg,"",true,false,,,17,160,2025-11-20 12:26:59.442 +0700
1719,MACHINING,Length Machining,"23",mm,false,true,,,20,160,2025-11-20 12:26:59.468 +0700
1720,MACHINING,Dimension Before Machining,"470.4",mm,false,true,,,19,160,2025-11-20 12:26:59.496 +0700
1721,MACHINING,Dimension After Machining,"470.6",mm,false,true,,,35,160,2025-11-20 12:26:59.516 +0700
1722,MACHINING,RPM (Spindle Speed),"16",Rpm,false,true,,,26,160,2025-11-20 12:26:59.534 +0700
1723,MACHINING,Feeding,"0.2",mm/rev,false,true,,,30,160,2025-11-20 12:26:59.549 +0700
1724,MACHINING,Depth of Cut,"0.2",mm,false,true,,,32,160,2025-11-20 12:26:59.576 +0700
1725,MACHINING,Lubrication,Dry,"",true,false,,,33,160,2025-11-20 12:26:59.629 +0700
1726,MACHINING,Condition Material After Machining,On Spec,"",true,false,,,36,160,2025-11-20 12:26:59.643 +0700
1727,MACHINING,Operator Note,"","",false,false,,,49,160,2025-11-20 12:26:59.672 +0700
1728,MACHINING,Process Machining,Honing,"",true,false,,,16,161,2025-11-20 12:28:47.500 +0700
1729,MACHINING,Material Type,Manufacture/Raw Material,"",true,false,,,62,161,2025-11-20 12:28:47.514 +0700
1730,MACHINING,Consumable Insert,M45,"",true,false,,,17,161,2025-11-20 12:28:47.541 +0700
1731,MACHINING,Length Machining,"240",mm,false,true,,,20,161,2025-11-20 12:28:47.560 +0700
1732,MACHINING,Dimension Before Machining,"88.015",mm,false,true,,,19,161,2025-11-20 12:28:47.572 +0700
1733,MACHINING,Dimension After Machining,"90.015",mm,false,true,,,35,161,2025-11-20 12:28:47.590 +0700
1734,MACHINING,RPM (Spindle Speed),"65",Rpm,false,true,,,26,161,2025-11-20 12:28:47.638 +0700
1735,MACHINING,Feeding,"15",mm/rev,false,true,,,30,161,2025-11-20 12:28:47.670 +0700
1736,MACHINING,Depth of Cut,"2.00",mm,false,true,,,32,161,2025-11-20 12:28:47.700 +0700
1737,MACHINING,Lubrication,Oil,"",true,false,,,33,161,2025-11-20 12:28:47.737 +0700
1738,MACHINING,Condition Material After Machining,On Spec,"",true,false,,,36,161,2025-11-20 12:28:47.772 +0700
1739,MACHINING,Operator Note,"","",false,false,,,49,161,2025-11-20 12:28:47.800 +0700
1740,MACHINING,Process Machining,Honing,"",true,false,,,16,162,2025-11-20 12:28:51.066 +0700
1741,MACHINING,Material Type,Manufacture/Raw Material,"",true,false,,,62,162,2025-11-20 12:28:51.081 +0700
1742,MACHINING,Consumable Insert,M45,"",true,false,,,17,162,2025-11-20 12:28:51.102 +0700
1743,MACHINING,Length Machining,"240",mm,false,true,,,20,162,2025-11-20 12:28:51.121 +0700
1744,MACHINING,Dimension Before Machining,"88.015",mm,false,true,,,19,162,2025-11-20 12:28:51.152 +0700
1745,MACHINING,Dimension After Machining,"90.015",mm,false,true,,,35,162,2025-11-20 12:28:51.164 +0700
1746,MACHINING,RPM (Spindle Speed),"65",Rpm,false,true,,,26,162,2025-11-20 12:28:51.181 +0700
1747,MACHINING,Feeding,"15",mm/rev,false,true,,,30,162,2025-11-20 12:28:51.197 +0700
1748,MACHINING,Depth of Cut,"2.00",mm,false,true,,,32,162,2025-11-20 12:28:51.224 +0700
1749,MACHINING,Lubrication,Oil,"",true,false,,,33,162,2025-11-20 12:28:51.245 +0700
1750,MACHINING,Condition Material After Machining,On Spec,"",true,false,,,36,162,2025-11-20 12:28:51.265 +0700
1751,MACHINING,Operator Note,"","",false,false,,,49,162,2025-11-20 12:28:51.281 +0700
1752,MACHINING,Process Machining,Finishing,"",true,false,,,16,163,2025-11-20 12:55:55.905 +0700
1753,MACHINING,Material Type,Manufacture/Raw Material,"",true,false,,,62,163,2025-11-20 12:55:55.928 +0700
1754,MACHINING,Consumable Insert,BA101,"",true,false,,,17,163,2025-11-20 12:55:55.942 +0700
1755,MACHINING,Length Machining,"225",mm,false,true,,,20,163,2025-11-20 12:55:55.962 +0700
1756,MACHINING,Dimension Before Machining,"231",mm,false,true,,,19,163,2025-11-20 12:55:55.988 +0700
1757,MACHINING,Dimension After Machining,"228.350",mm,false,true,,,35,163,2025-11-20 12:55:56.005 +0700
1758,MACHINING,RPM (Spindle Speed),"225",Rpm,false,true,,,26,163,2025-11-20 12:55:56.019 +0700
1759,MACHINING,Feeding,"1",mm/rev,false,true,,,30,163,2025-11-20 12:55:56.041 +0700
1760,MACHINING,Depth of Cut,"2",mm,false,true,,,32,163,2025-11-20 12:55:56.058 +0700
1761,MACHINING,Lubrication,Coolant,"",true,false,,,33,163,2025-11-20 12:55:56.081 +0700
1762,MACHINING,Condition Material After Machining,On Spec,"",true,false,,,36,163,2025-11-20 12:55:56.108 +0700
1763,MACHINING,Operator Note,Agus kardian,"",false,false,,,49,163,2025-11-20 12:55:56.126 +0700
1764,HCP - Prepolish,Lenght (mm),"2135",mm,false,true,,,55,164,2025-11-20 13:32:49.804 +0700
1765,HCP - Prepolish,Top Spec (mm),"144.968",mm,false,true,,,56,164,2025-11-20 13:32:49.828 +0700
1766,HCP - Prepolish,Spec Dia (mm),"144.930",mm,false,true,,,57,164,2025-11-20 13:32:49.849 +0700
1767,HCP - Prepolish,Bottom Spec (mm),"144.892",mm,false,true,,,58,164,2025-11-20 13:32:49.883 +0700
1768,HCP - Prepolish,Condition,Normal/Rechrome,"",true,false,,,61,164,2025-11-20 13:32:49.900 +0700
1769,HCP - Prepolish,Hardness Before 1 (HRC),"",HRC,false,true,,,63,164,2025-11-20 13:32:49.915 +0700
1770,HCP - Prepolish,Hardness Before 2 (HRC),"",HRC,false,true,,,64,164,2025-11-20 13:32:49.937 +0700
1771,HCP - Prepolish,Hardness Before 3 (HRC),"",HRC,false,true,,,65,164,2025-11-20 13:32:49.957 +0700
1772,HCP - Prepolish,Hardness Before 4 (HRC),"",HRC,false,true,,,66,164,2025-11-20 13:32:49.985 +0700
1773,HCP - Prepolish,Hardness Before 5 (HRC),"",HRC,false,true,,,67,164,2025-11-20 13:32:50.000 +0700
1774,HCP - Prepolish,Start OD 1 (mm),"922",mm,false,true,,,68,164,2025-11-20 13:32:50.016 +0700
1775,HCP - Prepolish,Start OD 2 (mm),"923",mm,false,true,,,69,164,2025-11-20 13:32:50.034 +0700
1776,HCP - Prepolish,Start OD 3 (mm),"923",mm,false,true,,,70,164,2025-11-20 13:32:50.049 +0700
1777,HCP - Prepolish,Start OD 4 (mm),"922",mm,false,true,,,71,164,2025-11-20 13:32:50.075 +0700
1778,HCP - Prepolish,Start OD 5 (mm),"893",mm,false,true,,,72,164,2025-11-20 13:32:50.093 +0700
1779,HCP - Prepolish,Start OD 6 (mm),"894",mm,false,true,,,73,164,2025-11-20 13:32:50.107 +0700
1780,HCP - Prepolish,Start OD 7 (mm),"867",mm,false,true,,,74,164,2025-11-20 13:32:50.124 +0700
1781,HCP - Prepolish,Start OD 8 (mm),"867",mm,false,true,,,75,164,2025-11-20 13:32:50.142 +0700
1782,HCP - Prepolish,Start OD 9 (mm),"835",mm,false,true,,,76,164,2025-11-20 13:32:50.157 +0700
1783,HCP - Prepolish,Start OD 10 (mm),"837",mm,false,true,,,77,164,2025-11-20 13:32:50.189 +0700
1784,HCP - Prepolish,Prep OD 1 (mm),"676",mm,false,true,,,78,164,2025-11-20 13:32:50.207 +0700
1785,HCP - Prepolish,Prep OD 2 (mm),"682",mm,false,true,,,79,164,2025-11-20 13:32:50.224 +0700
1786,HCP - Prepolish,Prep OD 3 (mm),"783",mm,false,true,,,80,164,2025-11-20 13:32:50.246 +0700
1787,HCP - Prepolish,Prep OD 4 (mm),"779",mm,false,true,,,81,164,2025-11-20 13:32:50.265 +0700
1788,HCP - Prepolish,Prep OD 5 (mm),"784",mm,false,true,,,82,164,2025-11-20 13:32:50.292 +0700
1789,HCP - Prepolish,Prep OD 6 (mm),"780",mm,false,true,,,83,164,2025-11-20 13:32:50.315 +0700
1790,HCP - Prepolish,Prep OD 7 (mm),"787",mm,false,true,,,84,164,2025-11-20 13:32:50.337 +0700
1791,HCP - Prepolish,Prep OD 8 (mm),"786",mm,false,true,,,85,164,2025-11-20 13:32:50.364 +0700
1792,HCP - Prepolish,Prep OD 9 (mm),"721",mm,false,true,,,86,164,2025-11-20 13:32:50.395 +0700
1793,HCP - Prepolish,Prep OD 10 (mm),"715",mm,false,true,,,87,164,2025-11-20 13:32:50.415 +0700
1794,HCP - Prepolish,Dot Welds,No,"",true,false,,,91,164,2025-11-20 13:32:50.440 +0700
1795,HCP - Prepolish,Tig Welds,No,"",true,false,,,92,164,2025-11-20 13:32:50.465 +0700
1796,HCP - Prepolish,Note Prep,"","",false,false,,,135,164,2025-11-20 13:32:50.498 +0700
1797,HCP - Final Polish,Dot Welds,No,"",true,false,,,93,165,2025-11-20 14:25:55.637 +0700
1798,HCP - Final Polish,Cold/After Platting OD 1 (mm),"50.820",mm,false,true,,,94,165,2025-11-20 14:25:55.660 +0700
1799,HCP - Final Polish,Cold/After Platting OD 2 (mm),"50.833",mm,false,true,,,95,165,2025-11-20 14:25:55.683 +0700
1800,HCP - Final Polish,Cold/After Platting OD 3 (mm),"50.822",mm,false,true,,,96,165,2025-11-20 14:25:55.695 +0700
1801,HCP - Final Polish,Cold/After Platting OD 4 (mm),"50.825",mm,false,true,,,97,165,2025-11-20 14:25:55.729 +0700
1802,HCP - Final Polish,Cold/After Platting OD 5 (mm),"50.831",mm,false,true,,,98,165,2025-11-20 14:25:55.746 +0700
1803,HCP - Final Polish,Cold/After Platting OD 6 (mm),"50.822",mm,false,true,,,99,165,2025-11-20 14:25:55.762 +0700
1804,HCP - Final Polish,Cold/After Platting OD 7 (mm),"50.835",mm,false,true,,,100,165,2025-11-20 14:25:55.828 +0700
1805,HCP - Final Polish,Cold/After Platting OD 8 (mm),"50.820",mm,false,true,,,101,165,2025-11-20 14:25:55.848 +0700
1806,HCP - Final Polish,Cold/After Platting OD 9 (mm),"50.825",mm,false,true,,,102,165,2025-11-20 14:25:55.866 +0700
1807,HCP - Final Polish,Cold/After Platting OD 10 (mm),"50.833",mm,false,true,,,103,165,2025-11-20 14:25:55.879 +0700
1808,HCP - Final Polish,Finish OD 1 (mm),"50.768",mm,false,true,,,104,165,2025-11-20 14:25:55.930 +0700
1809,HCP - Final Polish,Finish OD 2 (mm),"50.751",mm,false,true,,,105,165,2025-11-20 14:25:55.960 +0700
1810,HCP - Final Polish,Finish OD 3 (mm),"50.758",mm,false,true,,,106,165,2025-11-20 14:25:55.984 +0700
1811,HCP - Final Polish,Finish OD 4 (mm),"50.753",mm,false,true,,,107,165,2025-11-20 14:25:55.998 +0700
1812,HCP - Final Polish,Finish OD 5 (mm),"50.768",mm,false,true,,,108,165,2025-11-20 14:25:56.013 +0700
1813,HCP - Final Polish,Finish OD 6 (mm),"50.774",mm,false,true,,,109,165,2025-11-20 14:25:56.044 +0700
1814,HCP - Final Polish,Finish OD 7 (mm),"50.771",mm,false,true,,,110,165,2025-11-20 14:25:56.067 +0700
1815,HCP - Final Polish,Finish OD 8 (mm),"50.754",mm,false,true,,,111,165,2025-11-20 14:25:56.083 +0700
1816,HCP - Final Polish,Finish OD 9 (mm),"50.756",mm,false,true,,,112,165,2025-11-20 14:25:56.098 +0700
1817,HCP - Final Polish,Finish OD 10 (mm),"50.736",mm,false,true,,,113,165,2025-11-20 14:25:56.114 +0700
1818,HCP - Final Polish,Finish Hardness 1 (HRC),"79.2",HRC,false,true,,,114,165,2025-11-20 14:25:56.146 +0700
1819,HCP - Final Polish,Finish Hardness 2 (HRC),"78.3",HRC,false,true,,,115,165,2025-11-20 14:25:56.172 +0700
1820,HCP - Final Polish,Finish Hardness 3 (HRC),"70.3",HRC,false,true,,,116,165,2025-11-20 14:25:56.191 +0700
1821,HCP - Final Polish,Finish Hardness 4 (HRC),"78.4",HRC,false,true,,,117,165,2025-11-20 14:25:56.203 +0700
1822,HCP - Final Polish,Finish Hardness 5 (HRC),"73.3",HRC,false,true,,,118,165,2025-11-20 14:25:56.219 +0700
1823,HCP - Final Polish,Finish Thickness 1 (Micron),"136",Micron,false,true,,,119,165,2025-11-20 14:25:56.244 +0700
1824,HCP - Final Polish,Finish Thickness 2 (Micron),"120",Micron,false,true,,,120,165,2025-11-20 14:25:56.264 +0700
1825,HCP - Final Polish,Finish Thickness 3 (Micron),"106",Micron,false,true,,,121,165,2025-11-20 14:25:56.281 +0700
1826,HCP - Final Polish,Finish Thickness 4 (Micron),"107",Micron,false,true,,,122,165,2025-11-20 14:25:56.298 +0700
1827,HCP - Final Polish,Finish Thickness 5 (Micron),"101",Micron,false,true,,,123,165,2025-11-20 14:25:56.315 +0700
1828,HCP - Final Polish,Finish Roughness Ra 1 (Micro),"334",Micron,false,true,,,124,165,2025-11-20 14:25:56.341 +0700
1829,HCP - Final Polish,Finish Roughness Ra 2 (Micro),"363",Micron,false,true,,,125,165,2025-11-20 14:25:56.357 +0700
1830,HCP - Final Polish,Finish Roughness Ra 3 (Micro),"294",Micron,false,true,,,126,165,2025-11-20 14:25:56.377 +0700
1831,HCP - Final Polish,Finish Roughness Ra 4 (Micro),"316",Micron,false,true,,,127,165,2025-11-20 14:25:56.399 +0700
1832,HCP - Final Polish,Finish Roughness Ra 5 (Micro),"262",Micron,false,true,,,128,165,2025-11-20 14:25:56.416 +0700
1833,HCP - Final Polish,Finish Roughness Rz 1 (Micro),"2.670",Micron,false,true,,,129,165,2025-11-20 14:25:56.441 +0700
1834,HCP - Final Polish,Finish Roughness Rz 2 (Micro),"2.678",Micron,false,true,,,130,165,2025-11-20 14:25:56.460 +0700
1835,HCP - Final Polish,Finish Roughness Rz 3 (Micro),"2.294",Micron,false,true,,,131,165,2025-11-20 14:25:56.484 +0700
1836,HCP - Final Polish,Finish Roughness Rz 4 (Micro),"2.531",Micron,false,true,,,132,165,2025-11-20 14:25:56.500 +0700
1837,HCP - Final Polish,Finish Roughness Rz 5 (Micro),"1.860",Micron,false,true,,,133,165,2025-11-20 14:25:56.520 +0700
1838,HCP - Final Polish,Note Finish,Sekian terimakasih,"",false,false,,,137,165,2025-11-20 14:25:56.558 +0700
1839,HCP - Final Polish,Dot Welds,No,"",true,false,,,93,166,2025-11-20 14:26:13.895 +0700
1840,HCP - Final Polish,Cold/After Platting OD 1 (mm),"50.820",mm,false,true,,,94,166,2025-11-20 14:26:13.911 +0700
1841,HCP - Final Polish,Cold/After Platting OD 2 (mm),"50.833",mm,false,true,,,95,166,2025-11-20 14:26:13.941 +0700
1842,HCP - Final Polish,Cold/After Platting OD 3 (mm),"50.822",mm,false,true,,,96,166,2025-11-20 14:26:13.954 +0700
1843,HCP - Final Polish,Cold/After Platting OD 4 (mm),"50.825",mm,false,true,,,97,166,2025-11-20 14:26:13.971 +0700
1844,HCP - Final Polish,Cold/After Platting OD 5 (mm),"50.831",mm,false,true,,,98,166,2025-11-20 14:26:13.987 +0700
1845,HCP - Final Polish,Cold/After Platting OD 6 (mm),"50.822",mm,false,true,,,99,166,2025-11-20 14:26:14.007 +0700
1846,HCP - Final Polish,Cold/After Platting OD 7 (mm),"50.835",mm,false,true,,,100,166,2025-11-20 14:26:14.022 +0700
1847,HCP - Final Polish,Cold/After Platting OD 8 (mm),"50.820",mm,false,true,,,101,166,2025-11-20 14:26:14.049 +0700
1848,HCP - Final Polish,Cold/After Platting OD 9 (mm),"50.825",mm,false,true,,,102,166,2025-11-20 14:26:14.061 +0700
1849,HCP - Final Polish,Cold/After Platting OD 10 (mm),"50.833",mm,false,true,,,103,166,2025-11-20 14:26:14.078 +0700
1850,HCP - Final Polish,Finish OD 1 (mm),"50.768",mm,false,true,,,104,166,2025-11-20 14:26:14.095 +0700
1851,HCP - Final Polish,Finish OD 2 (mm),"50.751",mm,false,true,,,105,166,2025-11-20 14:26:14.111 +0700
1852,HCP - Final Polish,Finish OD 3 (mm),"50.758",mm,false,true,,,106,166,2025-11-20 14:26:14.128 +0700
1853,HCP - Final Polish,Finish OD 4 (mm),"50.753",mm,false,true,,,107,166,2025-11-20 14:26:14.151 +0700
1854,HCP - Final Polish,Finish OD 5 (mm),"50.768",mm,false,true,,,108,166,2025-11-20 14:26:14.163 +0700
1855,HCP - Final Polish,Finish OD 6 (mm),"50.774",mm,false,true,,,109,166,2025-11-20 14:26:14.178 +0700
1856,HCP - Final Polish,Finish OD 7 (mm),"50.771",mm,false,true,,,110,166,2025-11-20 14:26:14.195 +0700
1857,HCP - Final Polish,Finish OD 8 (mm),"50.754",mm,false,true,,,111,166,2025-11-20 14:26:14.212 +0700
1858,HCP - Final Polish,Finish OD 9 (mm),"50.756",mm,false,true,,,112,166,2025-11-20 14:26:14.229 +0700
1859,HCP - Final Polish,Finish OD 10 (mm),"50.736",mm,false,true,,,113,166,2025-11-20 14:26:14.253 +0700
1860,HCP - Final Polish,Finish Hardness 1 (HRC),"79.2",HRC,false,true,,,114,166,2025-11-20 14:26:14.270 +0700
1861,HCP - Final Polish,Finish Hardness 2 (HRC),"78.3",HRC,false,true,,,115,166,2025-11-20 14:26:14.287 +0700
1862,HCP - Final Polish,Finish Hardness 3 (HRC),"70.3",HRC,false,true,,,116,166,2025-11-20 14:26:14.305 +0700
1863,HCP - Final Polish,Finish Hardness 4 (HRC),"78.4",HRC,false,true,,,117,166,2025-11-20 14:26:14.321 +0700
1864,HCP - Final Polish,Finish Hardness 5 (HRC),"73.3",HRC,false,true,,,118,166,2025-11-20 14:26:14.356 +0700
1865,HCP - Final Polish,Finish Thickness 1 (Micron),"136",Micron,false,true,,,119,166,2025-11-20 14:26:14.371 +0700
1866,HCP - Final Polish,Finish Thickness 2 (Micron),"120",Micron,false,true,,,120,166,2025-11-20 14:26:14.391 +0700
1867,HCP - Final Polish,Finish Thickness 3 (Micron),"106",Micron,false,true,,,121,166,2025-11-20 14:26:14.419 +0700
1868,HCP - Final Polish,Dot Welds,No,"",true,false,,,93,167,2025-11-20 14:26:14.436 +0700
1869,HCP - Final Polish,Finish Thickness 4 (Micron),"107",Micron,false,true,,,122,166,2025-11-20 14:26:14.438 +0700
1870,HCP - Final Polish,Cold/After Platting OD 1 (mm),"50.820",mm,false,true,,,94,167,2025-11-20 14:26:14.461 +0700
1871,HCP - Final Polish,Finish Thickness 5 (Micron),"101",Micron,false,true,,,123,166,2025-11-20 14:26:14.464 +0700
1873,HCP - Final Polish,Finish Roughness Ra 1 (Micro),"334",Micron,false,true,,,124,166,2025-11-20 14:26:14.487 +0700
1874,HCP - Final Polish,Cold/After Platting OD 3 (mm),"50.822",mm,false,true,,,96,167,2025-11-20 14:26:14.498 +0700
1875,HCP - Final Polish,Finish Roughness Ra 2 (Micro),"363",Micron,false,true,,,125,166,2025-11-20 14:26:14.506 +0700
1876,HCP - Final Polish,Cold/After Platting OD 4 (mm),"50.825",mm,false,true,,,97,167,2025-11-20 14:26:14.520 +0700
1879,HCP - Final Polish,Finish Roughness Ra 4 (Micro),"316",Micron,false,true,,,127,166,2025-11-20 14:26:14.556 +0700
1883,HCP - Final Polish,Finish Roughness Rz 1 (Micro),"2.670",Micron,false,true,,,129,166,2025-11-20 14:26:14.595 +0700
1885,HCP - Final Polish,Finish Roughness Rz 2 (Micro),"2.678",Micron,false,true,,,130,166,2025-11-20 14:26:14.612 +0700
1887,HCP - Final Polish,Finish Roughness Rz 3 (Micro),"2.294",Micron,false,true,,,131,166,2025-11-20 14:26:14.629 +0700
1890,HCP - Final Polish,Finish OD 1 (mm),"50.768",mm,false,true,,,104,167,2025-11-20 14:26:14.663 +0700
1892,HCP - Final Polish,Finish OD 2 (mm),"50.751",mm,false,true,,,105,167,2025-11-20 14:26:14.678 +0700
1872,HCP - Final Polish,Cold/After Platting OD 2 (mm),"50.833",mm,false,true,,,95,167,2025-11-20 14:26:14.479 +0700
1877,HCP - Final Polish,Finish Roughness Ra 3 (Micro),"294",Micron,false,true,,,126,166,2025-11-20 14:26:14.522 +0700
1878,HCP - Final Polish,Cold/After Platting OD 5 (mm),"50.831",mm,false,true,,,98,167,2025-11-20 14:26:14.555 +0700
1880,HCP - Final Polish,Cold/After Platting OD 6 (mm),"50.822",mm,false,true,,,99,167,2025-11-20 14:26:14.571 +0700
1881,HCP - Final Polish,Finish Roughness Ra 5 (Micro),"262",Micron,false,true,,,128,166,2025-11-20 14:26:14.581 +0700
1882,HCP - Final Polish,Cold/After Platting OD 7 (mm),"50.835",mm,false,true,,,100,167,2025-11-20 14:26:14.590 +0700
1884,HCP - Final Polish,Cold/After Platting OD 8 (mm),"50.820",mm,false,true,,,101,167,2025-11-20 14:26:14.604 +0700
1886,HCP - Final Polish,Cold/After Platting OD 9 (mm),"50.825",mm,false,true,,,102,167,2025-11-20 14:26:14.620 +0700
1888,HCP - Final Polish,Cold/After Platting OD 10 (mm),"50.833",mm,false,true,,,103,167,2025-11-20 14:26:14.637 +0700
1889,HCP - Final Polish,Finish Roughness Rz 4 (Micro),"2.531",Micron,false,true,,,132,166,2025-11-20 14:26:14.657 +0700
1891,HCP - Final Polish,Finish Roughness Rz 5 (Micro),"1.860",Micron,false,true,,,133,166,2025-11-20 14:26:14.670 +0700
1893,HCP - Final Polish,Note Finish,Sekian terimakasih,"",false,false,,,137,166,2025-11-20 14:26:14.687 +0700
1894,HCP - Final Polish,Finish OD 3 (mm),"50.758",mm,false,true,,,106,167,2025-11-20 14:26:14.697 +0700
1895,HCP - Final Polish,Finish OD 4 (mm),"50.753",mm,false,true,,,107,167,2025-11-20 14:26:15.727 +0700
1896,HCP - Final Polish,Finish OD 5 (mm),"50.768",mm,false,true,,,108,167,2025-11-20 14:26:15.741 +0700
1897,HCP - Final Polish,Finish OD 6 (mm),"50.774",mm,false,true,,,109,167,2025-11-20 14:26:15.755 +0700
1898,HCP - Final Polish,Finish OD 7 (mm),"50.771",mm,false,true,,,110,167,2025-11-20 14:26:15.784 +0700
1899,HCP - Final Polish,Finish OD 8 (mm),"50.754",mm,false,true,,,111,167,2025-11-20 14:26:15.799 +0700
1900,HCP - Final Polish,Finish OD 9 (mm),"50.756",mm,false,true,,,112,167,2025-11-20 14:26:15.814 +0700
1901,HCP - Final Polish,Finish OD 10 (mm),"50.736",mm,false,true,,,113,167,2025-11-20 14:26:15.844 +0700
1902,HCP - Final Polish,Finish Hardness 1 (HRC),"79.2",HRC,false,true,,,114,167,2025-11-20 14:26:15.856 +0700
1903,HCP - Final Polish,Finish Hardness 2 (HRC),"78.3",HRC,false,true,,,115,167,2025-11-20 14:26:15.885 +0700
1904,HCP - Final Polish,Finish Hardness 3 (HRC),"70.3",HRC,false,true,,,116,167,2025-11-20 14:26:15.902 +0700
1905,HCP - Final Polish,Finish Hardness 4 (HRC),"78.4",HRC,false,true,,,117,167,2025-11-20 14:26:15.914 +0700
1906,HCP - Final Polish,Finish Hardness 5 (HRC),"73.3",HRC,false,true,,,118,167,2025-11-20 14:26:15.932 +0700
1907,HCP - Final Polish,Finish Thickness 1 (Micron),"136",Micron,false,true,,,119,167,2025-11-20 14:26:15.947 +0700
1908,HCP - Final Polish,Finish Thickness 2 (Micron),"120",Micron,false,true,,,120,167,2025-11-20 14:26:15.963 +0700
1909,HCP - Final Polish,Finish Thickness 3 (Micron),"106",Micron,false,true,,,121,167,2025-11-20 14:26:15.987 +0700
1910,HCP - Final Polish,Finish Thickness 4 (Micron),"107",Micron,false,true,,,122,167,2025-11-20 14:26:16.005 +0700
1911,HCP - Final Polish,Finish Thickness 5 (Micron),"101",Micron,false,true,,,123,167,2025-11-20 14:26:16.021 +0700
1912,HCP - Final Polish,Finish Roughness Ra 1 (Micro),"334",Micron,false,true,,,124,167,2025-11-20 14:26:16.038 +0700
1913,HCP - Final Polish,Finish Roughness Ra 2 (Micro),"363",Micron,false,true,,,125,167,2025-11-20 14:26:16.055 +0700
1914,HCP - Final Polish,Finish Roughness Ra 3 (Micro),"294",Micron,false,true,,,126,167,2025-11-20 14:26:16.072 +0700
1915,HCP - Final Polish,Finish Roughness Ra 4 (Micro),"316",Micron,false,true,,,127,167,2025-11-20 14:26:16.097 +0700
1916,HCP - Final Polish,Finish Roughness Ra 5 (Micro),"262",Micron,false,true,,,128,167,2025-11-20 14:26:16.114 +0700
1917,HCP - Final Polish,Finish Roughness Rz 1 (Micro),"2.670",Micron,false,true,,,129,167,2025-11-20 14:26:16.130 +0700
1918,HCP - Final Polish,Finish Roughness Rz 2 (Micro),"2.678",Micron,false,true,,,130,167,2025-11-20 14:26:16.147 +0700
1919,HCP - Final Polish,Finish Roughness Rz 3 (Micro),"2.294",Micron,false,true,,,131,167,2025-11-20 14:26:16.163 +0700
1920,HCP - Final Polish,Finish Roughness Rz 4 (Micro),"2.531",Micron,false,true,,,132,167,2025-11-20 14:26:16.192 +0700
1921,HCP - Final Polish,Finish Roughness Rz 5 (Micro),"1.860",Micron,false,true,,,133,167,2025-11-20 14:26:16.206 +0700
1922,HCP - Final Polish,Note Finish,Sekian terimakasih,"",false,false,,,137,167,2025-11-20 14:26:16.223 +0700
1923,MACHINING,Process Machining,Roughing,"",true,false,,,16,168,2025-11-20 14:51:31.159 +0700
1924,MACHINING,Material Type,Manufacture/Raw Material,"",true,false,,,62,168,2025-11-20 14:51:31.183 +0700
1925,MACHINING,Consumable Insert,Dnmg,"",true,false,,,17,168,2025-11-20 14:51:31.209 +0700
1926,MACHINING,Length Machining,"23",mm,false,true,,,20,168,2025-11-20 14:51:31.254 +0700
1927,MACHINING,Dimension Before Machining,"628.6",mm,false,true,,,19,168,2025-11-20 14:51:31.272 +0700
1928,MACHINING,Dimension After Machining,"628.1",mm,false,true,,,35,168,2025-11-20 14:51:31.299 +0700
1929,MACHINING,RPM (Spindle Speed),"16",Rpm,false,true,,,26,168,2025-11-20 14:51:31.324 +0700
1930,MACHINING,Feeding,"0.2",mm/rev,false,true,,,30,168,2025-11-20 14:51:31.365 +0700
1931,MACHINING,Depth of Cut,"0.5",mm,false,true,,,32,168,2025-11-20 14:51:31.383 +0700
1932,MACHINING,Lubrication,Dry,"",true,false,,,33,168,2025-11-20 14:51:31.402 +0700
1933,MACHINING,Condition Material After Machining,On Spec,"",true,false,,,36,168,2025-11-20 14:51:31.418 +0700
1934,MACHINING,Operator Note,"","",false,false,,,49,168,2025-11-20 14:51:31.436 +0700
1935,MACHINING,Process Machining,Finishing,"",true,false,,,16,169,2025-11-20 14:51:55.111 +0700
1936,MACHINING,Material Type,Manufacture/Raw Material,"",true,false,,,62,169,2025-11-20 14:51:55.130 +0700
1937,MACHINING,Consumable Insert,Dnmg,"",true,false,,,17,169,2025-11-20 14:51:55.155 +0700
1938,MACHINING,Length Machining,"23",mm,false,true,,,20,169,2025-11-20 14:51:55.172 +0700
1939,MACHINING,Dimension Before Machining,"628.1",mm,false,true,,,19,169,2025-11-20 14:51:55.212 +0700
1940,MACHINING,Dimension After Machining,"627.6",mm,false,true,,,35,169,2025-11-20 14:51:55.234 +0700
1941,MACHINING,RPM (Spindle Speed),"16",Rpm,false,true,,,26,169,2025-11-20 14:51:55.249 +0700
1942,MACHINING,Feeding,"0.2",mm/rev,false,true,,,30,169,2025-11-20 14:51:55.276 +0700
1943,MACHINING,Depth of Cut,"0.5",mm,false,true,,,32,169,2025-11-20 14:51:55.306 +0700
1944,MACHINING,Lubrication,Dry,"",true,false,,,33,169,2025-11-20 14:51:55.328 +0700
1945,MACHINING,Condition Material After Machining,On Spec,"",true,false,,,36,169,2025-11-20 14:51:55.340 +0700
1946,MACHINING,Operator Note,"","",false,false,,,49,169,2025-11-20 14:51:55.365 +0700
1947,MACHINING,Process Machining,Roughing,"",true,false,,,16,170,2025-11-20 14:53:02.482 +0700
1948,MACHINING,Material Type,Manufacture/Raw Material,"",true,false,,,62,170,2025-11-20 14:53:02.499 +0700
1949,MACHINING,Consumable Insert,Dnmg,"",true,false,,,17,170,2025-11-20 14:53:02.538 +0700
1950,MACHINING,Length Machining,"23",mm,false,true,,,20,170,2025-11-20 14:53:02.558 +0700
1951,MACHINING,Dimension Before Machining,"546.1",mm,false,true,,,19,170,2025-11-20 14:53:02.574 +0700
1952,MACHINING,Dimension After Machining,"546.6",mm,false,true,,,35,170,2025-11-20 14:53:02.589 +0700
1953,MACHINING,RPM (Spindle Speed),"16",Rpm,false,true,,,26,170,2025-11-20 14:53:02.605 +0700
1954,MACHINING,Feeding,"0.2",mm/rev,false,true,,,30,170,2025-11-20 14:53:02.671 +0700
1955,MACHINING,Depth of Cut,"0.5",mm,false,true,,,32,170,2025-11-20 14:53:02.690 +0700
1956,MACHINING,Lubrication,Dry,"",true,false,,,33,170,2025-11-20 14:53:02.704 +0700
1957,MACHINING,Condition Material After Machining,On Spec,"",true,false,,,36,170,2025-11-20 14:53:02.730 +0700
1958,MACHINING,Operator Note,"","",false,false,,,49,170,2025-11-20 14:53:02.749 +0700
1959,MACHINING,Process Machining,Roughing,"",true,false,,,16,171,2025-11-20 14:53:15.407 +0700
1960,MACHINING,Material Type,Manufacture/Raw Material,"",true,false,,,62,171,2025-11-20 14:53:15.431 +0700
1961,MACHINING,Consumable Insert,Dnmg,"",true,false,,,17,171,2025-11-20 14:53:15.445 +0700
1962,MACHINING,Length Machining,"23",mm,false,true,,,20,171,2025-11-20 14:53:15.463 +0700
1963,MACHINING,Dimension Before Machining,"546.6",mm,false,true,,,19,171,2025-11-20 14:53:15.478 +0700
1964,MACHINING,Dimension After Machining,"546.8",mm,false,true,,,35,171,2025-11-20 14:53:15.496 +0700
1965,MACHINING,RPM (Spindle Speed),"16",Rpm,false,true,,,26,171,2025-11-20 14:53:15.520 +0700
1966,MACHINING,Feeding,"0.2",mm/rev,false,true,,,30,171,2025-11-20 14:53:15.538 +0700
1967,MACHINING,Depth of Cut,"0.2",mm,false,true,,,32,171,2025-11-20 14:53:15.554 +0700
1968,MACHINING,Lubrication,Dry,"",true,false,,,33,171,2025-11-20 14:53:15.571 +0700
1969,MACHINING,Condition Material After Machining,On Spec,"",true,false,,,36,171,2025-11-20 14:53:15.586 +0700
1970,MACHINING,Operator Note,"","",false,false,,,49,171,2025-11-20 14:53:15.606 +0700
1971,MACHINING,Process Machining,Roughing,"",true,false,,,16,172,2025-11-20 14:54:25.415 +0700
1972,MACHINING,Material Type,Manufacture/Raw Material,"",true,false,,,62,172,2025-11-20 14:54:25.437 +0700
1973,MACHINING,Consumable Insert,Dnmg,"",true,false,,,17,172,2025-11-20 14:54:25.461 +0700
1974,MACHINING,Length Machining,"23",mm,false,true,,,20,172,2025-11-20 14:54:25.474 +0700
1975,MACHINING,Dimension Before Machining,"469.9",mm,false,true,,,19,172,2025-11-20 14:54:25.493 +0700
1976,MACHINING,Dimension After Machining,"470.4",mm,false,true,,,35,172,2025-11-20 14:54:25.516 +0700
1977,MACHINING,RPM (Spindle Speed),"16",Rpm,false,true,,,26,172,2025-11-20 14:54:25.536 +0700
1978,MACHINING,Feeding,"0.2",mm/rev,false,true,,,30,172,2025-11-20 14:54:25.551 +0700
1979,MACHINING,Depth of Cut,"0.5",mm,false,true,,,32,172,2025-11-20 14:54:25.568 +0700
1980,MACHINING,Lubrication,Dry,"",true,false,,,33,172,2025-11-20 14:54:25.587 +0700
1981,MACHINING,Condition Material After Machining,On Spec,"",true,false,,,36,172,2025-11-20 14:54:25.602 +0700
1982,MACHINING,Operator Note,Salah op nomber,"",false,false,,,49,172,2025-11-20 14:54:25.620 +0700
1983,MACHINING,Process Machining,Finishing,"",true,false,,,16,173,2025-11-20 14:54:55.718 +0700
1984,MACHINING,Material Type,Manufacture/Raw Material,"",true,false,,,62,173,2025-11-20 14:54:55.749 +0700
1985,MACHINING,Consumable Insert,Dnmg,"",true,false,,,17,173,2025-11-20 14:54:55.772 +0700
1986,MACHINING,Length Machining,"23",mm,false,true,,,20,173,2025-11-20 14:54:55.784 +0700
1987,MACHINING,Dimension Before Machining,"470.4",mm,false,true,,,19,173,2025-11-20 14:54:55.820 +0700
1988,MACHINING,Dimension After Machining,"470.6",mm,false,true,,,35,173,2025-11-20 14:54:55.873 +0700
1989,MACHINING,RPM (Spindle Speed),"16",Rpm,false,true,,,26,173,2025-11-20 14:54:55.886 +0700
1990,MACHINING,Feeding,"0.2",mm/rev,false,true,,,30,173,2025-11-20 14:54:55.925 +0700
1991,MACHINING,Depth of Cut,"0.2",mm,false,true,,,32,173,2025-11-20 14:54:55.944 +0700
1992,MACHINING,Lubrication,Dry,"",true,false,,,33,173,2025-11-20 14:54:55.962 +0700
1993,MACHINING,Condition Material After Machining,On Spec,"",true,false,,,36,173,2025-11-20 14:54:55.978 +0700
1994,MACHINING,Operator Note,Salah op nomber,"",false,false,,,49,173,2025-11-20 14:54:55.993 +0700
1995,MACHINING,Process Machining,Roughing,"",true,false,,,16,174,2025-11-20 16:45:32.032 +0700
1996,MACHINING,Material Type,Welding,"",true,false,,,62,174,2025-11-20 16:45:32.055 +0700
1997,MACHINING,Consumable Insert,BA101,"",true,false,,,17,174,2025-11-20 16:45:32.080 +0700
1998,MACHINING,Length Machining,"",mm,false,true,,,20,174,2025-11-20 16:45:32.119 +0700
1999,MACHINING,Dimension Before Machining,"",mm,false,true,,,19,174,2025-11-20 16:45:32.141 +0700
2000,MACHINING,Dimension After Machining,"",mm,false,true,,,35,174,2025-11-20 16:45:32.161 +0700
2001,MACHINING,RPM (Spindle Speed),"9.5",Rpm,false,true,,,26,174,2025-11-20 16:45:32.178 +0700
2002,MACHINING,Feeding,"0.2",mm/rev,false,true,,,30,174,2025-11-20 16:45:32.194 +0700
2003,MACHINING,Depth of Cut,"0.50",mm,false,true,,,32,174,2025-11-20 16:45:32.215 +0700
2004,MACHINING,Lubrication,Coolant,"",true,false,,,33,174,2025-11-20 16:45:32.245 +0700
2005,MACHINING,Condition Material After Machining,On Spec,"",true,false,,,36,174,2025-11-20 16:45:32.262 +0700
2006,MACHINING,Operator Note,Skim ex tig weld,"",false,false,,,49,174,2025-11-20 16:45:32.277 +0700
2007,MACHINING,Process Machining,Finishing,"",true,false,,,16,175,2025-11-20 16:46:10.252 +0700
2008,MACHINING,Material Type,Manufacture/Raw Material,"",true,false,,,62,175,2025-11-20 16:46:10.283 +0700
2009,MACHINING,Consumable Insert,BA101,"",true,false,,,17,175,2025-11-20 16:46:10.318 +0700
2010,MACHINING,Length Machining,"",mm,false,true,,,20,175,2025-11-20 16:46:10.343 +0700
2011,MACHINING,Dimension Before Machining,"",mm,false,true,,,19,175,2025-11-20 16:46:10.366 +0700
2012,MACHINING,Dimension After Machining,"",mm,false,true,,,35,175,2025-11-20 16:46:10.405 +0700
2013,MACHINING,RPM (Spindle Speed),"95",Rpm,false,true,,,26,175,2025-11-20 16:46:10.425 +0700
2014,MACHINING,Feeding,"12",mm/rev,false,true,,,30,175,2025-11-20 16:46:10.442 +0700
2015,MACHINING,Depth of Cut,"0.50",mm,false,true,,,32,175,2025-11-20 16:46:10.464 +0700
2016,MACHINING,Lubrication,Coolant,"",true,false,,,33,175,2025-11-20 16:46:10.493 +0700
2017,MACHINING,Condition Material After Machining,On Spec,"",true,false,,,36,175,2025-11-20 16:46:10.512 +0700
2018,MACHINING,Operator Note,Thread pipe ,"",false,false,,,49,175,2025-11-20 16:46:10.524 +0700
2019,MACHINING,Process Machining,Roughing,"",true,false,,,16,176,2025-11-20 16:54:45.290 +0700
2020,MACHINING,Material Type,Manufacture/Raw Material,"",true,false,,,62,176,2025-11-20 16:54:45.322 +0700
2021,MACHINING,Consumable Insert,BA101,"",true,false,,,17,176,2025-11-20 16:54:45.339 +0700
2022,MACHINING,Length Machining,"60",mm,false,true,,,20,176,2025-11-20 16:54:45.354 +0700
2023,MACHINING,Dimension Before Machining,"173",mm,false,true,,,19,176,2025-11-20 16:54:45.370 +0700
2024,MACHINING,Dimension After Machining,"171.5",mm,false,true,,,35,176,2025-11-20 16:54:45.389 +0700
2025,MACHINING,RPM (Spindle Speed),"63",Rpm,false,true,,,26,176,2025-11-20 16:54:45.409 +0700
2026,MACHINING,Feeding,"0.13",mm/rev,false,true,,,30,176,2025-11-20 16:54:45.435 +0700
2027,MACHINING,Depth of Cut,"0.5",mm,false,true,,,32,176,2025-11-20 16:54:45.459 +0700
2028,MACHINING,Lubrication,Coolant,"",true,false,,,33,176,2025-11-20 16:54:45.478 +0700
2029,MACHINING,Condition Material After Machining,Lanjut,"",true,false,,,36,176,2025-11-20 16:54:45.493 +0700
2030,MACHINING,Operator Note,"","",false,false,,,49,176,2025-11-20 16:54:45.527 +0700
2031,MACHINING,Process Machining,Honing,"",true,false,,,16,178,2025-11-20 18:36:53.753 +0700
2032,MACHINING,Material Type,Manufacture/Raw Material,"",true,false,,,62,178,2025-11-20 18:36:53.793 +0700
2033,MACHINING,Consumable Insert,Stone W47A45,"",true,false,,,17,178,2025-11-20 18:36:53.809 +0700
2034,MACHINING,Length Machining,"726.60",mm,false,true,,,20,178,2025-11-20 18:36:53.823 +0700
2035,MACHINING,Dimension Before Machining,"88.90",mm,false,true,,,19,178,2025-11-20 18:36:53.850 +0700
2036,MACHINING,Dimension After Machining,"88.150",mm,false,true,,,35,178,2025-11-20 18:36:53.873 +0700
2037,MACHINING,RPM (Spindle Speed),"70",Rpm,false,true,,,26,178,2025-11-20 18:36:53.897 +0700
2038,MACHINING,Feeding,"15",mm/rev,false,true,,,30,178,2025-11-20 18:36:53.914 +0700
2039,MACHINING,Depth of Cut,"0.010",mm,false,true,,,32,178,2025-11-20 18:36:53.933 +0700
2040,MACHINING,Lubrication,Coolant,"",true,false,,,33,178,2025-11-20 18:36:53.950 +0700
2041,MACHINING,Condition Material After Machining,On Spec,"",true,false,,,36,178,2025-11-20 18:36:53.966 +0700
2042,MACHINING,Operator Note,Lanjut proses selanjutnya,"",false,false,,,49,178,2025-11-20 18:36:53.985 +0700
2043,HCP - Plating,Plating Time (hours),"8",Hours,false,true,,,50,179,2025-11-20 21:55:25.756 +0700
2044,HCP - Plating,Temperatur Plating (C),"55",Celcius,false,true,,,51,179,2025-11-20 21:55:25.796 +0700
2045,HCP - Plating,Arus Plating (A),"1300",Ampere,false,true,,,52,179,2025-11-20 21:55:25.824 +0700
2046,HCP - Plating,Voltage (V),"8.50",Volt,false,true,,,134,179,2025-11-20 21:55:25.858 +0700
2047,HCP - Plating,Number Tank,"1","",true,false,,,59,179,2025-11-20 21:55:25.874 +0700
2048,HCP - Plating,Jumlah Process Chrome (Kali),"1","",true,false,,,60,179,2025-11-20 21:55:25.895 +0700
2049,HCP - Plating,Defect,No Defect,"",true,false,,,54,179,2025-11-20 21:55:25.924 +0700
2050,HCP - Plating,Solving,Final polish,"",true,false,,,53,179,2025-11-20 21:55:25.945 +0700
2051,HCP - Plating,Note Plating,"","",false,false,,,136,179,2025-11-20 21:55:25.965 +0700
2052,MACHINING,Process Machining,Roughing,"",true,false,,,16,180,2025-11-21 08:47:54.697 +0700
2053,MACHINING,Material Type,Manufacture/Raw Material,"",true,false,,,62,180,2025-11-21 08:47:54.741 +0700
2054,MACHINING,Consumable Insert,BA101,"",true,false,,,17,180,2025-11-21 08:47:54.762 +0700
2055,MACHINING,Length Machining,"201",mm,false,true,,,20,180,2025-11-21 08:47:54.793 +0700
2056,MACHINING,Dimension Before Machining,"89.93",mm,false,true,,,19,180,2025-11-21 08:47:54.810 +0700
2057,MACHINING,Dimension After Machining,"31",mm,false,true,,,35,180,2025-11-21 08:47:54.825 +0700
2058,MACHINING,RPM (Spindle Speed),"300",Rpm,false,true,,,26,180,2025-11-21 08:47:54.853 +0700
2059,MACHINING,Feeding,"0.1",mm/rev,false,true,,,30,180,2025-11-21 08:47:54.871 +0700
2060,MACHINING,Depth of Cut,"5",mm,false,true,,,32,180,2025-11-21 08:47:54.898 +0700
2061,MACHINING,Lubrication,Coolant,"",true,false,,,33,180,2025-11-21 08:47:54.919 +0700
2062,MACHINING,Condition Material After Machining,Over Size,"",true,false,,,36,180,2025-11-21 08:47:54.949 +0700
2063,MACHINING,Operator Note,"","",false,false,,,49,180,2025-11-21 08:47:54.975 +0700
2064,MACHINING,Process Machining,Finishing,"",true,false,,,16,181,2025-11-21 08:48:44.817 +0700
2065,MACHINING,Material Type,Manufacture/Raw Material,"",true,false,,,62,181,2025-11-21 08:48:44.840 +0700
2066,MACHINING,Consumable Insert,BA101,"",true,false,,,17,181,2025-11-21 08:48:44.859 +0700
2067,MACHINING,Length Machining,"201",mm,false,true,,,20,181,2025-11-21 08:48:44.883 +0700
2068,MACHINING,Dimension Before Machining,"31",mm,false,true,,,19,181,2025-11-21 08:48:44.907 +0700
2069,MACHINING,Dimension After Machining,"30.05",mm,false,true,,,35,181,2025-11-21 08:48:44.940 +0700
2070,MACHINING,RPM (Spindle Speed),"300",Rpm,false,true,,,26,181,2025-11-21 08:48:44.959 +0700
2071,MACHINING,Feeding,"0.1",mm/rev,false,true,,,30,181,2025-11-21 08:48:44.974 +0700
2072,MACHINING,Depth of Cut,"1",mm,false,true,,,32,181,2025-11-21 08:48:45.008 +0700
2073,MACHINING,Lubrication,Coolant,"",true,false,,,33,181,2025-11-21 08:48:45.024 +0700
2074,MACHINING,Condition Material After Machining,On Spec,"",true,false,,,36,181,2025-11-21 08:48:45.045 +0700
2075,MACHINING,Operator Note,Hasil machining oval,"",false,false,,,49,181,2025-11-21 08:48:45.059 +0700
2076,MACHINING,Process Machining,Honing,"",true,false,,,16,182,2025-11-21 09:17:03.810 +0700
2077,MACHINING,Material Type,Manufacture/Raw Material,"",true,false,,,62,182,2025-11-21 09:17:03.850 +0700
2078,MACHINING,Consumable Insert,W45,"",true,false,,,17,182,2025-11-21 09:17:03.882 +0700
2079,MACHINING,Length Machining,"50.00",mm,false,true,,,20,182,2025-11-21 09:17:03.903 +0700
2080,MACHINING,Dimension Before Machining,"139.7",mm,false,true,,,19,182,2025-11-21 09:17:03.952 +0700
2081,MACHINING,Dimension After Machining,"140.1",mm,false,true,,,35,182,2025-11-21 09:17:03.967 +0700
2082,MACHINING,RPM (Spindle Speed),"65",Rpm,false,true,,,26,182,2025-11-21 09:17:03.992 +0700
2083,MACHINING,Feeding,"15",mm/rev,false,true,,,30,182,2025-11-21 09:17:04.010 +0700
2084,MACHINING,Depth of Cut,"0.4",mm,false,true,,,32,182,2025-11-21 09:17:04.032 +0700
2085,MACHINING,Lubrication,Oil,"",true,false,,,33,182,2025-11-21 09:17:04.054 +0700
2086,MACHINING,Condition Material After Machining,On Spec,"",true,false,,,36,182,2025-11-21 09:17:04.072 +0700
2087,MACHINING,Operator Note,"","",false,false,,,49,182,2025-11-21 09:17:04.094 +0700
2088,MACHINING,Process Machining,Roughing,"",true,false,,,16,184,2025-11-21 14:45:45.671 +0700
2089,MACHINING,Material Type,Manufacture/Raw Material,"",true,false,,,62,184,2025-11-21 14:45:45.728 +0700
2090,MACHINING,Consumable Insert,BA101,"",true,false,,,17,184,2025-11-21 14:45:45.745 +0700
2091,MACHINING,Length Machining,"16.800",mm,false,true,,,20,184,2025-11-21 14:45:45.761 +0700
2092,MACHINING,Dimension Before Machining,"256",mm,false,true,,,19,184,2025-11-21 14:45:45.780 +0700
2093,MACHINING,Dimension After Machining,"254",mm,false,true,,,35,184,2025-11-21 14:45:45.794 +0700
2094,MACHINING,RPM (Spindle Speed),"57",Rpm,false,true,,,26,184,2025-11-21 14:45:45.830 +0700
2095,MACHINING,Feeding,"2",mm/rev,false,true,,,30,184,2025-11-21 14:45:45.846 +0700
2096,MACHINING,Depth of Cut,"500",mm,false,true,,,32,184,2025-11-21 14:45:45.863 +0700
2097,MACHINING,Lubrication,Coolant,"",true,false,,,33,184,2025-11-21 14:45:45.883 +0700
2098,MACHINING,Condition Material After Machining,On Spec,"",true,false,,,36,184,2025-11-21 14:45:45.896 +0700
2099,MACHINING,Operator Note,Agus kardian,"",false,false,,,49,184,2025-11-21 14:45:45.934 +0700
2100,MACHINING,Process Machining,Roughing,"",true,false,,,16,186,2025-11-21 16:32:37.466 +0700
2101,MACHINING,Material Type,Arc Spray,"",true,false,,,62,186,2025-11-21 16:32:37.491 +0700
2102,MACHINING,Consumable Insert,Dnmg,"",true,false,,,17,186,2025-11-21 16:32:37.511 +0700
2103,MACHINING,Length Machining,"40",mm,false,true,,,20,186,2025-11-21 16:32:37.534 +0700
2104,MACHINING,Dimension Before Machining,"214.4",mm,false,true,,,19,186,2025-11-21 16:32:37.549 +0700
2105,MACHINING,Dimension After Machining,"215.6",mm,false,true,,,35,186,2025-11-21 16:32:37.566 +0700
2106,MACHINING,RPM (Spindle Speed),"16",Rpm,false,true,,,26,186,2025-11-21 16:32:37.590 +0700
2107,MACHINING,Feeding,"0.2",mm/rev,false,true,,,30,186,2025-11-21 16:32:37.612 +0700
2108,MACHINING,Depth of Cut,"0.4",mm,false,true,,,32,186,2025-11-21 16:32:37.642 +0700
2109,MACHINING,Lubrication,Coolant,"",true,false,,,33,186,2025-11-21 16:32:37.661 +0700
2110,MACHINING,Condition Material After Machining,On Spec,"",true,false,,,36,186,2025-11-21 16:32:37.673 +0700
2111,MACHINING,Operator Note,"","",false,false,,,49,186,2025-11-21 16:32:37.708 +0700
2112,MACHINING,Process Machining,Finishing,"",true,false,,,16,187,2025-11-21 16:33:20.399 +0700
2113,MACHINING,Material Type,Arc Spray,"",true,false,,,62,187,2025-11-21 16:33:20.433 +0700
2114,MACHINING,Consumable Insert,Dnmg,"",true,false,,,17,187,2025-11-21 16:33:20.445 +0700
2115,MACHINING,Length Machining,"40",mm,false,true,,,20,187,2025-11-21 16:33:20.472 +0700
2116,MACHINING,Dimension Before Machining,"215.6",mm,false,true,,,19,187,2025-11-21 16:33:20.490 +0700
2117,MACHINING,Dimension After Machining,"215.85",mm,false,true,,,35,187,2025-11-21 16:33:20.514 +0700
2118,MACHINING,RPM (Spindle Speed),"16",Rpm,false,true,,,26,187,2025-11-21 16:33:20.532 +0700
2119,MACHINING,Feeding,"0.2",mm/rev,false,true,,,30,187,2025-11-21 16:33:20.547 +0700
2120,MACHINING,Depth of Cut,"0.2",mm,false,true,,,32,187,2025-11-21 16:33:20.572 +0700
2121,MACHINING,Lubrication,Coolant,"",true,false,,,33,187,2025-11-21 16:33:20.593 +0700
2122,MACHINING,Condition Material After Machining,On Spec,"",true,false,,,36,187,2025-11-21 16:33:20.606 +0700
2123,MACHINING,Operator Note,"","",false,false,,,49,187,2025-11-21 16:33:20.623 +0700
2124,MACHINING,Process Machining,Roughing,"",true,false,,,16,188,2025-11-21 16:34:19.586 +0700
2125,MACHINING,Material Type,Arc Spray,"",true,false,,,62,188,2025-11-21 16:34:19.613 +0700
2126,MACHINING,Consumable Insert,Dnmg,"",true,false,,,17,188,2025-11-21 16:34:19.637 +0700
2127,MACHINING,Length Machining,"40",mm,false,true,,,20,188,2025-11-21 16:34:19.664 +0700
2128,MACHINING,Dimension Before Machining,"252.6",mm,false,true,,,19,188,2025-11-21 16:34:19.679 +0700
2129,MACHINING,Dimension After Machining,"253.8",mm,false,true,,,35,188,2025-11-21 16:34:19.698 +0700
2130,MACHINING,RPM (Spindle Speed),"16",Rpm,false,true,,,26,188,2025-11-21 16:34:19.721 +0700
2131,MACHINING,Feeding,"0.2",mm/rev,false,true,,,30,188,2025-11-21 16:34:19.749 +0700
2132,MACHINING,Depth of Cut,"0.4",mm,false,true,,,32,188,2025-11-21 16:34:19.778 +0700
2133,MACHINING,Lubrication,Coolant,"",true,false,,,33,188,2025-11-21 16:34:19.971 +0700
2134,MACHINING,Condition Material After Machining,On Spec,"",true,false,,,36,188,2025-11-21 16:34:19.988 +0700
2135,MACHINING,Operator Note,"","",false,false,,,49,188,2025-11-21 16:34:20.005 +0700
2136,MACHINING,Process Machining,Roughing,"",true,false,,,16,189,2025-11-21 16:34:42.249 +0700
2137,MACHINING,Material Type,Arc Spray,"",true,false,,,62,189,2025-11-21 16:34:42.278 +0700
2138,MACHINING,Consumable Insert,Dnmg,"",true,false,,,17,189,2025-11-21 16:34:42.295 +0700
2139,MACHINING,Length Machining,"40",mm,false,true,,,20,189,2025-11-21 16:34:42.312 +0700
2140,MACHINING,Dimension Before Machining,"253.8",mm,false,true,,,19,189,2025-11-21 16:34:42.336 +0700
2141,MACHINING,Dimension After Machining,"253.95",mm,false,true,,,35,189,2025-11-21 16:34:42.358 +0700
2142,MACHINING,RPM (Spindle Speed),"16",Rpm,false,true,,,26,189,2025-11-21 16:34:42.368 +0700
2143,MACHINING,Feeding,"0.2",mm/rev,false,true,,,30,189,2025-11-21 16:34:42.385 +0700
2144,MACHINING,Depth of Cut,"0.15",mm,false,true,,,32,189,2025-11-21 16:34:42.402 +0700
2145,MACHINING,Lubrication,Coolant,"",true,false,,,33,189,2025-11-21 16:34:42.420 +0700
2146,MACHINING,Condition Material After Machining,On Spec,"",true,false,,,36,189,2025-11-21 16:34:42.440 +0700
2147,MACHINING,Operator Note,"","",false,false,,,49,189,2025-11-21 16:34:42.453 +0700
2148,MACHINING,Process Machining,Finishing,"",true,false,,,16,190,2025-11-21 16:34:47.915 +0700
2149,MACHINING,Material Type,Arc Spray,"",true,false,,,62,190,2025-11-21 16:34:47.935 +0700
2150,MACHINING,Consumable Insert,Dnmg,"",true,false,,,17,190,2025-11-21 16:34:47.959 +0700
2151,MACHINING,Length Machining,"40",mm,false,true,,,20,190,2025-11-21 16:34:47.986 +0700
2152,MACHINING,Dimension Before Machining,"253.8",mm,false,true,,,19,190,2025-11-21 16:34:48.009 +0700
2153,MACHINING,Dimension After Machining,"253.95",mm,false,true,,,35,190,2025-11-21 16:34:48.030 +0700
2154,MACHINING,RPM (Spindle Speed),"16",Rpm,false,true,,,26,190,2025-11-21 16:34:48.047 +0700
2155,MACHINING,Feeding,"0.2",mm/rev,false,true,,,30,190,2025-11-21 16:34:48.069 +0700
2156,MACHINING,Depth of Cut,"0.15",mm,false,true,,,32,190,2025-11-21 16:34:48.088 +0700
2157,MACHINING,Lubrication,Coolant,"",true,false,,,33,190,2025-11-21 16:34:48.111 +0700
2158,MACHINING,Condition Material After Machining,On Spec,"",true,false,,,36,190,2025-11-21 16:34:48.130 +0700
2159,MACHINING,Operator Note,"","",false,false,,,49,190,2025-11-21 16:34:48.145 +0700
2160,MACHINING,Process Machining,Finishing,"",true,false,,,16,191,2025-11-21 19:48:54.778 +0700
2161,MACHINING,Material Type,Welding,"",true,false,,,62,191,2025-11-21 19:48:54.818 +0700
2162,MACHINING,Consumable Insert,HSS,"",true,false,,,17,191,2025-11-21 19:48:54.836 +0700
2163,MACHINING,Length Machining,"4.57",mm,false,true,,,20,191,2025-11-21 19:48:54.858 +0700
2164,MACHINING,Dimension Before Machining,"158.72",mm,false,true,,,19,191,2025-11-21 19:48:54.878 +0700
2165,MACHINING,Dimension After Machining,"165.86",mm,false,true,,,35,191,2025-11-21 19:48:54.920 +0700
2166,MACHINING,RPM (Spindle Speed),"31.5",Rpm,false,true,,,26,191,2025-11-21 19:48:54.932 +0700
2167,MACHINING,Feeding,"0",mm/rev,false,true,,,30,191,2025-11-21 19:48:54.965 +0700
2168,MACHINING,Depth of Cut,"0.3",mm,false,true,,,32,191,2025-11-21 19:48:54.993 +0700
2169,MACHINING,Lubrication,Oil,"",true,false,,,33,191,2025-11-21 19:48:55.023 +0700
2170,MACHINING,Condition Material After Machining,On Spec,"",true,false,,,36,191,2025-11-21 19:48:55.043 +0700
2171,MACHINING,Operator Note,Proses grooving,"",false,false,,,49,191,2025-11-21 19:48:55.063 +0700
2172,MACHINING,Process Machining,Honing,"",true,false,,,16,192,2025-11-21 21:59:01.038 +0700
2173,MACHINING,Material Type,Manufacture/Raw Material,"",true,false,,,62,192,2025-11-21 21:59:01.072 +0700
2174,MACHINING,Consumable Insert,Stone W47A45,"",true,false,,,17,192,2025-11-21 21:59:01.094 +0700
2175,MACHINING,Length Machining,"425.45",mm,false,true,,,20,192,2025-11-21 21:59:01.109 +0700
2176,MACHINING,Dimension Before Machining,"203.25",mm,false,true,,,19,192,2025-11-21 21:59:01.127 +0700
2177,MACHINING,Dimension After Machining,"203.38",mm,false,true,,,35,192,2025-11-21 21:59:01.143 +0700
2178,MACHINING,RPM (Spindle Speed),"70",Rpm,false,true,,,26,192,2025-11-21 21:59:01.165 +0700
2179,MACHINING,Feeding,"15",mm/rev,false,true,,,30,192,2025-11-21 21:59:01.188 +0700
2180,MACHINING,Depth of Cut,"0.020",mm,false,true,,,32,192,2025-11-21 21:59:01.201 +0700
2181,MACHINING,Lubrication,Coolant,"",true,false,,,33,192,2025-11-21 21:59:01.215 +0700
2182,MACHINING,Condition Material After Machining,On Spec,"",true,false,,,36,192,2025-11-21 21:59:01.235 +0700
2183,MACHINING,Operator Note,Lanjut proses berikutnya,"",false,false,,,49,192,2025-11-21 21:59:01.250 +0700
2184,MACHINING,Process Machining,Roughing,"",true,false,,,16,193,2025-11-22 04:08:09.420 +0700
2185,MACHINING,Material Type,Arc Spray,"",true,false,,,62,193,2025-11-22 04:08:09.445 +0700
2186,MACHINING,Consumable Insert,"","",true,false,,,17,193,2025-11-22 04:08:09.463 +0700
2187,MACHINING,Length Machining,"10",mm,false,true,,,20,193,2025-11-22 04:08:09.483 +0700
2188,MACHINING,Dimension Before Machining,"7",mm,false,true,,,19,193,2025-11-22 04:08:09.504 +0700
2189,MACHINING,Dimension After Machining,"12",mm,false,true,,,35,193,2025-11-22 04:08:09.518 +0700
2190,MACHINING,RPM (Spindle Speed),"110",Rpm,false,true,,,26,193,2025-11-22 04:08:09.545 +0700
2191,MACHINING,Feeding,"4",mm/rev,false,true,,,30,193,2025-11-22 04:08:09.560 +0700
2192,MACHINING,Depth of Cut,"1",mm,false,true,,,32,193,2025-11-22 04:08:09.580 +0700
2193,MACHINING,Lubrication,Dry,"",true,false,,,33,193,2025-11-22 04:08:09.608 +0700
2194,MACHINING,Condition Material After Machining,On Spec,"",true,false,,,36,193,2025-11-22 04:08:09.627 +0700
2195,MACHINING,Operator Note,.,"",false,false,,,49,193,2025-11-22 04:08:09.652 +0700
2196,ID WELD,Pass No,"1",Number,false,true,,,1,194,2025-11-22 10:15:27.295 +0700
2197,ID WELD,Filler Material,KISWEL K71TLF,"",true,false,,,2,194,2025-11-22 10:15:27.314 +0700
2198,ID WELD,Wire Diameter,"1,2 mm","",true,false,,,3,194,2025-11-22 10:15:27.329 +0700
2199,ID WELD,Diameter Before Welding,"93",mm,false,true,,,5,194,2025-11-22 10:15:27.354 +0700
2200,ID WELD,Pre heat,"133",deg C,false,true,,,6,194,2025-11-22 10:15:27.386 +0700
2201,ID WELD,Gas Flowrate,"30",lpm,false,true,,,7,194,2025-11-22 10:15:27.405 +0700
2202,ID WELD,Amperage,"189",A,false,true,,,8,194,2025-11-22 10:15:27.421 +0700
2203,ID WELD,Voltage,"25.7",V,false,true,,,9,194,2025-11-22 10:15:27.442 +0700
2204,ID WELD,Control Speed,"06.7",Hz,false,true,,,4,194,2025-11-22 10:15:27.458 +0700
2205,ID WELD,Temperature After Welding,"181",deg C,false,true,,,10,194,2025-11-22 10:15:27.489 +0700
2206,ID WELD,Diameter After Welding,"101",mm,false,true,,,11,194,2025-11-22 10:15:27.504 +0700
2207,ID WELD,Lenght Welding,"124",mm,false,true,,,12,194,2025-11-22 10:15:27.523 +0700
2208,ID WELD,Operator Note,"","",false,false,,,13,194,2025-11-22 10:15:27.540 +0700
2209,ID WELD,Pass No,"1",Number,false,true,,,1,195,2025-11-22 13:46:57.347 +0700
2210,ID WELD,Filler Material,KISWEL K71TLF,"",true,false,,,2,195,2025-11-22 13:46:57.371 +0700
2211,ID WELD,Wire Diameter,"1,2 mm","",true,false,,,3,195,2025-11-22 13:46:57.384 +0700
2212,ID WELD,Diameter Before Welding,"152",mm,false,true,,,5,195,2025-11-22 13:46:57.401 +0700
2213,ID WELD,Pre heat,"137",deg C,false,true,,,6,195,2025-11-22 13:46:57.432 +0700
2214,ID WELD,Gas Flowrate,"30",lpm,false,true,,,7,195,2025-11-22 13:46:57.463 +0700
2215,ID WELD,Amperage,"202",A,false,true,,,8,195,2025-11-22 13:46:57.478 +0700
2216,ID WELD,Voltage,"26.0",V,false,true,,,9,195,2025-11-22 13:46:57.500 +0700
2217,ID WELD,Control Speed,"05.7",Hz,false,true,,,4,195,2025-11-22 13:46:57.534 +0700
2218,ID WELD,Temperature After Welding,"197",deg C,false,true,,,10,195,2025-11-22 13:46:57.552 +0700
2219,ID WELD,Diameter After Welding,"146",mm,false,true,,,11,195,2025-11-22 13:46:57.572 +0700
2220,ID WELD,Lenght Welding,"176",mm,false,true,,,12,195,2025-11-22 13:46:57.586 +0700
2221,ID WELD,Operator Note,"","",false,false,,,13,195,2025-11-22 13:46:57.602 +0700
2222,MACHINING,Process Machining,Roughing,"",true,false,,,16,196,2025-11-24 07:27:53.268 +0700
2223,MACHINING,Material Type,Chrome,"",true,false,,,62,196,2025-11-24 07:27:53.428 +0700
2224,MACHINING,Consumable Insert,Dnmg,"",true,false,,,17,196,2025-11-24 07:27:53.448 +0700
2225,MACHINING,Length Machining,"200",mm,false,true,,,20,196,2025-11-24 07:27:53.470 +0700
2226,MACHINING,Dimension Before Machining,"228",mm,false,true,,,19,196,2025-11-24 07:27:53.490 +0700
2227,MACHINING,Dimension After Machining,"226",mm,false,true,,,35,196,2025-11-24 07:27:53.514 +0700
2228,MACHINING,RPM (Spindle Speed),"95",Rpm,false,true,,,26,196,2025-11-24 07:27:53.533 +0700
2229,MACHINING,Feeding,"0.2",mm/rev,false,true,,,30,196,2025-11-24 07:27:53.548 +0700
2230,MACHINING,Depth of Cut,"0.5",mm,false,true,,,32,196,2025-11-24 07:27:53.565 +0700
2231,MACHINING,Lubrication,Coolant,"",true,false,,,33,196,2025-11-24 07:27:53.583 +0700
2232,MACHINING,Condition Material After Machining,Under Size,"",true,false,,,36,196,2025-11-24 07:27:53.599 +0700
2233,MACHINING,Operator Note,Strip done,"",false,false,,,49,196,2025-11-24 07:27:53.633 +0700
2234,MACHINING,Process Machining,Roughing,"",true,false,,,16,197,2025-11-24 07:28:23.337 +0700
2235,MACHINING,Material Type,Chrome,"",true,false,,,62,197,2025-11-24 07:28:23.372 +0700
2236,MACHINING,Consumable Insert,Dnmg,"",true,false,,,17,197,2025-11-24 07:28:23.402 +0700
2237,MACHINING,Length Machining,"320",mm,false,true,,,20,197,2025-11-24 07:28:23.421 +0700
2238,MACHINING,Dimension Before Machining,"228",mm,false,true,,,19,197,2025-11-24 07:28:23.449 +0700
2239,MACHINING,Dimension After Machining,"226",mm,false,true,,,35,197,2025-11-24 07:28:23.472 +0700
2240,MACHINING,RPM (Spindle Speed),"95",Rpm,false,true,,,26,197,2025-11-24 07:28:23.496 +0700
2241,MACHINING,Feeding,"0.2",mm/rev,false,true,,,30,197,2025-11-24 07:28:23.518 +0700
2242,MACHINING,Depth of Cut,"0.5",mm,false,true,,,32,197,2025-11-24 07:28:23.533 +0700
2243,MACHINING,Lubrication,Coolant,"",true,false,,,33,197,2025-11-24 07:28:23.550 +0700
2244,MACHINING,Condition Material After Machining,Under Size,"",true,false,,,36,197,2025-11-24 07:28:23.566 +0700
2245,MACHINING,Operator Note,Strip done,"",false,false,,,49,197,2025-11-24 07:28:23.623 +0700
2246,MACHINING,Process Machining,Roughing,"",true,false,,,16,198,2025-11-24 07:29:40.593 +0700
2247,MACHINING,Material Type,Ex tube,"",true,false,,,62,198,2025-11-24 07:29:40.627 +0700
2248,MACHINING,Consumable Insert,Dnmg,"",true,false,,,17,198,2025-11-24 07:29:40.657 +0700
2249,MACHINING,Length Machining,"80",mm,false,true,,,20,198,2025-11-24 07:29:40.682 +0700
2250,MACHINING,Dimension Before Machining,"100",mm,false,true,,,19,198,2025-11-24 07:29:40.699 +0700
2251,MACHINING,Dimension After Machining,"120",mm,false,true,,,35,198,2025-11-24 07:29:40.717 +0700
2252,MACHINING,RPM (Spindle Speed),"225",Rpm,false,true,,,26,198,2025-11-24 07:29:40.731 +0700
2253,MACHINING,Feeding,"0.2",mm/rev,false,true,,,30,198,2025-11-24 07:29:40.759 +0700
2254,MACHINING,Depth of Cut,"4",mm,false,true,,,32,198,2025-11-24 07:29:40.784 +0700
2255,MACHINING,Lubrication,Dry,"",true,false,,,33,198,2025-11-24 07:29:40.798 +0700
2256,MACHINING,Condition Material After Machining,Over Size,"",true,false,,,36,198,2025-11-24 07:29:40.815 +0700
2257,MACHINING,Operator Note,Strip done,"",false,false,,,49,198,2025-11-24 07:29:40.832 +0700
2258,ID WELD,Pass No,"",Number,false,true,,,1,199,2025-11-24 12:17:38.879 +0700
2259,ID WELD,Filler Material,KISWEL K71TLF,"",true,false,,,2,199,2025-11-24 12:17:38.953 +0700
2260,ID WELD,Wire Diameter,"1,2 mm","",true,false,,,3,199,2025-11-24 12:17:38.975 +0700
2261,ID WELD,Diameter Before Welding,"",mm,false,true,,,5,199,2025-11-24 12:17:39.006 +0700
2262,ID WELD,Pre heat,"120",deg C,false,true,,,6,199,2025-11-24 12:17:39.029 +0700
2263,ID WELD,Gas Flowrate,"30",lpm,false,true,,,7,199,2025-11-24 12:17:39.046 +0700
2264,ID WELD,Amperage,"200",A,false,true,,,8,199,2025-11-24 12:17:39.064 +0700
2265,ID WELD,Voltage,"160",V,false,true,,,9,199,2025-11-24 12:17:39.080 +0700
2266,ID WELD,Control Speed,"55",Hz,false,true,,,4,199,2025-11-24 12:17:39.096 +0700
2267,ID WELD,Temperature After Welding,"",deg C,false,true,,,10,199,2025-11-24 12:17:39.124 +0700
2268,ID WELD,Diameter After Welding,"",mm,false,true,,,11,199,2025-11-24 12:17:39.141 +0700
2269,ID WELD,Lenght Welding,"",mm,false,true,,,12,199,2025-11-24 12:17:39.164 +0700
2270,ID WELD,Operator Note,Putarn tidak setabil,"",false,false,,,13,199,2025-11-24 12:17:39.189 +0700
2271,General Welding,Welding Process,Cap,"",true,false,,,34,200,2025-11-25 02:58:07.090 +0700
2272,General Welding,Filler Material,"","",true,false,,,37,200,2025-11-25 02:58:07.118 +0700
2273,General Welding,Electrode Type,FCAW,"",true,false,,,38,200,2025-11-25 02:58:07.137 +0700
2274,General Welding,Wire Diameter,"1,6 mm","",true,false,,,39,200,2025-11-25 02:58:07.161 +0700
2275,General Welding,Material Thickness,"30","",false,true,,,48,200,2025-11-25 02:58:07.180 +0700
2276,General Welding,Position Welding,"2G","",true,false,,,40,200,2025-11-25 02:58:07.202 +0700
2277,General Welding,Pre heat,"150",deg C,false,true,,,41,200,2025-11-25 02:58:07.221 +0700
2278,General Welding,Gas Flowrate,"25",lpm,false,true,,,42,200,2025-11-25 02:58:07.468 +0700
2279,General Welding,Amperage,"24.5",A,false,true,,,43,200,2025-11-25 02:58:07.483 +0700
2280,General Welding,Voltage,"250",V,false,true,,,44,200,2025-11-25 02:58:07.500 +0700
2281,General Welding,Temperature After Welding,"170",deg C,false,true,,,45,200,2025-11-25 02:58:07.516 +0700
2282,General Welding,Treatment After Welding,Grinding,"",true,false,,,46,200,2025-11-25 02:58:07.535 +0700
2283,General Welding,Operator Note,"","",false,false,,,47,200,2025-11-25 02:58:07.550 +0700
2284,MACHINING,Process Machining,Honing,"",true,false,,,16,202,2025-11-25 10:46:30.359 +0700
2285,MACHINING,Material Type,Manufacture/Raw Material,"",true,false,,,62,202,2025-11-25 10:46:30.375 +0700
2286,MACHINING,Consumable Insert,Stone W47A45,"",true,false,,,17,202,2025-11-25 10:46:30.391 +0700
2287,MACHINING,Length Machining,"554.750",mm,false,true,,,20,202,2025-11-25 10:46:30.441 +0700
2288,MACHINING,Dimension Before Machining,"273.000",mm,false,true,,,19,202,2025-11-25 10:46:30.459 +0700
2289,MACHINING,Dimension After Machining,"273.100",mm,false,true,,,35,202,2025-11-25 10:46:30.480 +0700
2290,MACHINING,RPM (Spindle Speed),"70",Rpm,false,true,,,26,202,2025-11-25 10:46:30.500 +0700
2291,MACHINING,Feeding,"15",mm/rev,false,true,,,30,202,2025-11-25 10:46:30.515 +0700
2292,MACHINING,Depth of Cut,"0.050",mm,false,true,,,32,202,2025-11-25 10:46:30.532 +0700
2293,MACHINING,Lubrication,Coolant,"",true,false,,,33,202,2025-11-25 10:46:30.554 +0700
2294,MACHINING,Condition Material After Machining,On Spec,"",true,false,,,36,202,2025-11-25 10:46:30.566 +0700
2295,MACHINING,Operator Note,Lanjut proses berikutnya,"",false,false,,,49,202,2025-11-25 10:46:30.580 +0700
2296,HCP - Plating,Plating Time (hours),"6.00",Hours,false,true,,,50,203,2025-11-25 18:45:33.190 +0700
2297,HCP - Plating,Temperatur Plating (C),"55",Celcius,false,true,,,51,203,2025-11-25 18:45:33.215 +0700
2298,HCP - Plating,Arus Plating (A),"500",Ampere,false,true,,,52,203,2025-11-25 18:45:33.231 +0700
2299,HCP - Plating,Voltage (V),"7.00",Volt,false,true,,,134,203,2025-11-25 18:45:33.287 +0700
2300,HCP - Plating,Number Tank,"1","",true,false,,,59,203,2025-11-25 18:45:33.353 +0700
2301,HCP - Plating,Jumlah Process Chrome (Kali),"1","",true,false,,,60,203,2025-11-25 18:45:33.386 +0700
2302,HCP - Plating,Defect,No Defect,"",true,false,,,54,203,2025-11-25 18:45:33.407 +0700
2303,HCP - Plating,Solving,CoC,"",true,false,,,53,203,2025-11-25 18:45:33.452 +0700
2304,HCP - Plating,Note Plating,"","",false,false,,,136,203,2025-11-25 18:45:33.480 +0700
2305,HCP - Plating,Plating Time (hours),"6.00",Hours,false,true,,,50,204,2025-11-25 18:45:36.987 +0700
2306,HCP - Plating,Temperatur Plating (C),"55",Celcius,false,true,,,51,204,2025-11-25 18:45:37.009 +0700
2307,HCP - Plating,Arus Plating (A),"500",Ampere,false,true,,,52,204,2025-11-25 18:45:37.034 +0700
2308,HCP - Plating,Voltage (V),"7.00",Volt,false,true,,,134,204,2025-11-25 18:45:37.050 +0700
2309,HCP - Plating,Number Tank,"1","",true,false,,,59,204,2025-11-25 18:45:37.080 +0700
2310,HCP - Plating,Jumlah Process Chrome (Kali),"1","",true,false,,,60,204,2025-11-25 18:45:37.103 +0700
2311,HCP - Plating,Defect,No Defect,"",true,false,,,54,204,2025-11-25 18:45:37.132 +0700
2312,HCP - Plating,Solving,CoC,"",true,false,,,53,204,2025-11-25 18:45:37.152 +0700
2313,HCP - Plating,Note Plating,"","",false,false,,,136,204,2025-11-25 18:45:37.217 +0700
2314,General Welding,Welding Process,Cap,"",true,false,,,34,205,2025-11-25 20:09:41.818 +0700
2315,General Welding,Filler Material,LINCOLN E70S-3/ E70S-6,"",true,false,,,37,205,2025-11-25 20:09:41.833 +0700
2316,General Welding,Electrode Type,GMAW,"",true,false,,,38,205,2025-11-25 20:09:41.850 +0700
2317,General Welding,Wire Diameter,"1,2 mm","",true,false,,,39,205,2025-11-25 20:09:41.877 +0700
2318,General Welding,Material Thickness,"","",false,true,,,48,205,2025-11-25 20:09:41.892 +0700
2319,General Welding,Position Welding,"1G","",true,false,,,40,205,2025-11-25 20:09:41.920 +0700
2320,General Welding,Pre heat,"162",deg C,false,true,,,41,205,2025-11-25 20:09:41.943 +0700
2321,General Welding,Gas Flowrate,"25",lpm,false,true,,,42,205,2025-11-25 20:09:41.981 +0700
2322,General Welding,Amperage,"197",A,false,true,,,43,205,2025-11-25 20:09:42.001 +0700
2323,General Welding,Voltage,"22.3",V,false,true,,,44,205,2025-11-25 20:09:42.023 +0700
2324,General Welding,Temperature After Welding,"180",deg C,false,true,,,45,205,2025-11-25 20:09:42.042 +0700
2325,General Welding,Treatment After Welding,Grinding,"",true,false,,,46,205,2025-11-25 20:09:42.070 +0700
2326,General Welding,Operator Note,"","",false,false,,,47,205,2025-11-25 20:09:42.092 +0700
2327,General Welding,Welding Process,Cap,"",true,false,,,34,206,2025-11-25 20:09:52.726 +0700
2328,General Welding,Filler Material,LINCOLN E70S-3/ E70S-6,"",true,false,,,37,206,2025-11-25 20:09:52.768 +0700
2329,General Welding,Electrode Type,GMAW,"",true,false,,,38,206,2025-11-25 20:09:52.851 +0700
2330,General Welding,Wire Diameter,"1,2 mm","",true,false,,,39,206,2025-11-25 20:09:52.871 +0700
2331,General Welding,Material Thickness,"","",false,true,,,48,206,2025-11-25 20:09:52.895 +0700
2332,General Welding,Position Welding,"1G","",true,false,,,40,206,2025-11-25 20:09:52.952 +0700
2333,General Welding,Pre heat,"162",deg C,false,true,,,41,206,2025-11-25 20:09:52.975 +0700
2334,General Welding,Gas Flowrate,"25",lpm,false,true,,,42,206,2025-11-25 20:09:53.054 +0700
2335,General Welding,Amperage,"197",A,false,true,,,43,206,2025-11-25 20:09:53.135 +0700
2336,General Welding,Voltage,"22.3",V,false,true,,,44,206,2025-11-25 20:09:53.166 +0700
2337,General Welding,Temperature After Welding,"180",deg C,false,true,,,45,206,2025-11-25 20:09:53.266 +0700
2338,General Welding,Treatment After Welding,Grinding,"",true,false,,,46,206,2025-11-25 20:09:53.362 +0700
2339,General Welding,Operator Note,"","",false,false,,,47,206,2025-11-25 20:09:53.405 +0700
2340,Arc Spray,Part Name,Spindle finql drive D9,"",false,false,,,145,207,2025-11-26 00:37:43.497 +0700
2341,Arc Spray,Model,"9","",false,true,,,146,207,2025-11-26 00:37:43.550 +0700
2342,Arc Spray,Condition,New,"",true,false,,,147,207,2025-11-26 00:37:43.566 +0700
2343,Arc Spray,Coating,Bond & Top,"",true,false,,,148,207,2025-11-26 00:37:43.584 +0700
2344,Arc Spray,Surface Area,Round (Rotating),"",true,false,,,149,207,2025-11-26 00:37:43.601 +0700
2345,Arc Spray,Rougness Blasting/Ra,"12","",false,true,,,150,207,2025-11-26 00:37:43.615 +0700
2346,Arc Spray,Spec Diameter (Round)/Panjang (Flat),"200.115","",false,true,,,151,207,2025-11-26 00:37:43.633 +0700
2347,Arc Spray,Spec Lenght (Round) / Lebar (Flat),"100","",false,true,,,152,207,2025-11-26 00:37:43.652 +0700
2348,Arc Spray,Area Repair,OD Bearing Contact,"",true,false,,,153,207,2025-11-26 00:37:43.667 +0700
2349,Arc Spray,Diameter After Blast,"198.5","",false,true,,,154,207,2025-11-26 00:37:43.687 +0700
2350,Arc Spray,Diameter After Bond,"199.4","",false,true,,,155,207,2025-11-26 00:37:43.708 +0700
2351,Arc Spray,Diameter After Top,"201.4","",false,true,,,156,207,2025-11-26 00:37:43.728 +0700
2352,Arc Spray,Material Bond Coat,AS175,"",true,false,,,157,207,2025-11-26 00:37:43.749 +0700
2353,Arc Spray,Wire 1 Lot # Bond Coat,"25037693","",false,false,,,158,207,2025-11-26 00:37:43.766 +0700
2354,Arc Spray,Wire 2 Lot # Bond Coat,"25037693","",false,false,,,159,207,2025-11-26 00:37:43.786 +0700
2355,Arc Spray,Primary Air Pressure (Psi) Bond Coat,"80","",false,true,,,160,207,2025-11-26 00:37:43.800 +0700
2356,Arc Spray,Arc Voltage (V) Bond Coat,"31","",false,true,,,161,207,2025-11-26 00:37:43.820 +0700
2357,Arc Spray,Arc Current (Amps) Bond Coat,"160","",false,true,,,162,207,2025-11-26 00:37:43.833 +0700
2358,Arc Spray,Rotation Speed of Part (rpm) Bond Coat,"80","",false,true,,,163,207,2025-11-26 00:37:43.859 +0700
2359,Arc Spray,Traverse Rate of Gun (mm/s) Bond Coat,"","",false,true,,,164,207,2025-11-26 00:37:43.877 +0700
2360,Arc Spray,Bondcoat Robot cycle (Pass),"","",false,true,,,165,207,2025-11-26 00:37:43.894 +0700
2361,Arc Spray,Material Top Coat,AS160,"",true,false,,,166,207,2025-11-26 00:37:43.909 +0700
2362,Arc Spray,Wire 1 Lot # Top Coat,"24034902","",false,false,,,167,207,2025-11-26 00:37:43.929 +0700
2363,Arc Spray,Wire 2 Lot # Top Coat,"24034902","",false,false,,,168,207,2025-11-26 00:37:43.943 +0700
2364,Arc Spray,Primary Air Pressure (Psi) Top Coat,"80","",false,true,,,169,207,2025-11-26 00:37:43.962 +0700
2365,Arc Spray,Arc Voltage (V) Top Coat,"31","",false,true,,,170,207,2025-11-26 00:37:43.984 +0700
2366,Arc Spray,Arc Current (Amps) Top Coat,"150","",false,true,,,171,207,2025-11-26 00:37:44.015 +0700
2367,Arc Spray,Rotation Speed of Part (rpm) Top Coat,"80","",false,true,,,172,207,2025-11-26 00:37:44.060 +0700
2368,Arc Spray,Traverse Rate of Gun (mm/s) Top Coat,"","",false,true,,,173,207,2025-11-26 00:37:44.085 +0700
2369,Arc Spray,Top coat Robot cycle (Pass),"","",false,true,,,174,207,2025-11-26 00:37:44.112 +0700
2370,Arc Spray,Dictol,Not Used,"",true,false,,,175,207,2025-11-26 00:37:44.133 +0700
2371,Arc Spray,Part Name,Spindle finql drive D9,"",false,false,,,145,208,2025-11-26 00:37:46.748 +0700
2372,Arc Spray,Model,"9","",false,true,,,146,208,2025-11-26 00:37:46.767 +0700
2373,Arc Spray,Condition,New,"",true,false,,,147,208,2025-11-26 00:37:46.784 +0700
2374,Arc Spray,Coating,Bond & Top,"",true,false,,,148,208,2025-11-26 00:37:46.803 +0700
2375,Arc Spray,Surface Area,Round (Rotating),"",true,false,,,149,208,2025-11-26 00:37:46.829 +0700
2376,Arc Spray,Rougness Blasting/Ra,"12","",false,true,,,150,208,2025-11-26 00:37:46.845 +0700
2377,Arc Spray,Spec Diameter (Round)/Panjang (Flat),"200.115","",false,true,,,151,208,2025-11-26 00:37:46.872 +0700
2378,Arc Spray,Spec Lenght (Round) / Lebar (Flat),"100","",false,true,,,152,208,2025-11-26 00:37:46.899 +0700
2379,Arc Spray,Area Repair,OD Bearing Contact,"",true,false,,,153,208,2025-11-26 00:37:46.932 +0700
2380,Arc Spray,Diameter After Blast,"198.5","",false,true,,,154,208,2025-11-26 00:37:46.960 +0700
2381,Arc Spray,Diameter After Bond,"199.4","",false,true,,,155,208,2025-11-26 00:37:46.984 +0700
2382,Arc Spray,Diameter After Top,"201.4","",false,true,,,156,208,2025-11-26 00:37:47.005 +0700
2383,Arc Spray,Material Bond Coat,AS175,"",true,false,,,157,208,2025-11-26 00:37:47.036 +0700
2384,Arc Spray,Wire 1 Lot # Bond Coat,"25037693","",false,false,,,158,208,2025-11-26 00:37:47.057 +0700
2385,Arc Spray,Wire 2 Lot # Bond Coat,"25037693","",false,false,,,159,208,2025-11-26 00:37:47.082 +0700
2386,Arc Spray,Primary Air Pressure (Psi) Bond Coat,"80","",false,true,,,160,208,2025-11-26 00:37:47.104 +0700
2387,Arc Spray,Arc Voltage (V) Bond Coat,"31","",false,true,,,161,208,2025-11-26 00:37:47.131 +0700
2388,Arc Spray,Arc Current (Amps) Bond Coat,"160","",false,true,,,162,208,2025-11-26 00:37:47.151 +0700
2389,Arc Spray,Rotation Speed of Part (rpm) Bond Coat,"80","",false,true,,,163,208,2025-11-26 00:37:47.177 +0700
2390,Arc Spray,Traverse Rate of Gun (mm/s) Bond Coat,"","",false,true,,,164,208,2025-11-26 00:37:47.203 +0700
2391,Arc Spray,Bondcoat Robot cycle (Pass),"","",false,true,,,165,208,2025-11-26 00:37:47.238 +0700
2392,Arc Spray,Material Top Coat,AS160,"",true,false,,,166,208,2025-11-26 00:37:47.261 +0700
2393,Arc Spray,Wire 1 Lot # Top Coat,"24034902","",false,false,,,167,208,2025-11-26 00:37:47.285 +0700
2394,Arc Spray,Wire 2 Lot # Top Coat,"24034902","",false,false,,,168,208,2025-11-26 00:37:47.315 +0700
2395,Arc Spray,Primary Air Pressure (Psi) Top Coat,"80","",false,true,,,169,208,2025-11-26 00:37:47.347 +0700
2396,Arc Spray,Arc Voltage (V) Top Coat,"31","",false,true,,,170,208,2025-11-26 00:37:47.378 +0700
2397,Arc Spray,Arc Current (Amps) Top Coat,"150","",false,true,,,171,208,2025-11-26 00:37:47.400 +0700
2398,Arc Spray,Rotation Speed of Part (rpm) Top Coat,"80","",false,true,,,172,208,2025-11-26 00:37:47.422 +0700
2399,Arc Spray,Traverse Rate of Gun (mm/s) Top Coat,"","",false,true,,,173,208,2025-11-26 00:37:47.456 +0700
2400,Arc Spray,Top coat Robot cycle (Pass),"","",false,true,,,174,208,2025-11-26 00:37:47.484 +0700
2401,Arc Spray,Dictol,Not Used,"",true,false,,,175,208,2025-11-26 00:37:47.518 +0700
2402,Arc Spray,Part Name,Spindle final drive D9,"",false,false,,,145,209,2025-11-26 00:41:28.795 +0700
2403,Arc Spray,Model,"9","",false,true,,,146,209,2025-11-26 00:41:28.822 +0700
2404,Arc Spray,Condition,New,"",true,false,,,147,209,2025-11-26 00:41:28.852 +0700
2405,Arc Spray,Coating,Bond & Top,"",true,false,,,148,209,2025-11-26 00:41:28.868 +0700
2406,Arc Spray,Surface Area,Round (Rotating),"",true,false,,,149,209,2025-11-26 00:41:28.893 +0700
2407,Arc Spray,Rougness Blasting/Ra,"12","",false,true,,,150,209,2025-11-26 00:41:28.918 +0700
2408,Arc Spray,Spec Diameter (Round)/Panjang (Flat),"235.026","",false,true,,,151,209,2025-11-26 00:41:28.941 +0700
2409,Arc Spray,Spec Lenght (Round) / Lebar (Flat),"7","",false,true,,,152,209,2025-11-26 00:41:28.964 +0700
2410,Arc Spray,Area Repair,OD Bearing Contact,"",true,false,,,153,209,2025-11-26 00:41:28.986 +0700
2411,Arc Spray,Diameter After Blast,"232.9","",false,true,,,154,209,2025-11-26 00:41:29.003 +0700
2412,Arc Spray,Diameter After Bond,"234.2","",false,true,,,155,209,2025-11-26 00:41:29.026 +0700
2413,Arc Spray,Diameter After Top,"236.2","",false,true,,,156,209,2025-11-26 00:41:29.048 +0700
2414,Arc Spray,Material Bond Coat,AS175,"",true,false,,,157,209,2025-11-26 00:41:29.062 +0700
2415,Arc Spray,Wire 1 Lot # Bond Coat,"25037693","",false,false,,,158,209,2025-11-26 00:41:29.099 +0700
2416,Arc Spray,Wire 2 Lot # Bond Coat,"25037693","",false,false,,,159,209,2025-11-26 00:41:29.127 +0700
2417,Arc Spray,Primary Air Pressure (Psi) Bond Coat,"80","",false,true,,,160,209,2025-11-26 00:41:29.147 +0700
2418,Arc Spray,Arc Voltage (V) Bond Coat,"31","",false,true,,,161,209,2025-11-26 00:41:29.163 +0700
2419,Arc Spray,Arc Current (Amps) Bond Coat,"160","",false,true,,,162,209,2025-11-26 00:41:29.191 +0700
2420,Arc Spray,Rotation Speed of Part (rpm) Bond Coat,"80","",false,true,,,163,209,2025-11-26 00:41:29.215 +0700
2421,Arc Spray,Traverse Rate of Gun (mm/s) Bond Coat,"","",false,true,,,164,209,2025-11-26 00:41:29.236 +0700
2422,Arc Spray,Bondcoat Robot cycle (Pass),"","",false,true,,,165,209,2025-11-26 00:41:29.256 +0700
2423,Arc Spray,Material Top Coat,AS160,"",true,false,,,166,209,2025-11-26 00:41:29.274 +0700
2424,Arc Spray,Wire 1 Lot # Top Coat,"24034902","",false,false,,,167,209,2025-11-26 00:41:29.306 +0700
2425,Arc Spray,Wire 2 Lot # Top Coat,"24034902","",false,false,,,168,209,2025-11-26 00:41:29.325 +0700
2426,Arc Spray,Primary Air Pressure (Psi) Top Coat,"80","",false,true,,,169,209,2025-11-26 00:41:29.352 +0700
2427,Arc Spray,Arc Voltage (V) Top Coat,"31","",false,true,,,170,209,2025-11-26 00:41:29.376 +0700
2428,Arc Spray,Arc Current (Amps) Top Coat,"150","",false,true,,,171,209,2025-11-26 00:41:29.412 +0700
2429,Arc Spray,Rotation Speed of Part (rpm) Top Coat,"80","",false,true,,,172,209,2025-11-26 00:41:29.436 +0700
2430,Arc Spray,Traverse Rate of Gun (mm/s) Top Coat,"","",false,true,,,173,209,2025-11-26 00:41:29.466 +0700
2431,Arc Spray,Top coat Robot cycle (Pass),"","",false,true,,,174,209,2025-11-26 00:41:29.497 +0700
2432,Arc Spray,Dictol,Not Used,"",true,false,,,175,209,2025-11-26 00:41:29.521 +0700
2433,Arc Spray,Part Name,Spindle final drive D9,"",false,false,,,145,210,2025-11-26 00:41:31.260 +0700
2434,Arc Spray,Model,"9","",false,true,,,146,210,2025-11-26 00:41:31.298 +0700
2435,Arc Spray,Condition,New,"",true,false,,,147,210,2025-11-26 00:41:31.351 +0700
2436,Arc Spray,Coating,Bond & Top,"",true,false,,,148,210,2025-11-26 00:41:31.390 +0700
2437,Arc Spray,Surface Area,Round (Rotating),"",true,false,,,149,210,2025-11-26 00:41:31.412 +0700
2438,Arc Spray,Rougness Blasting/Ra,"12","",false,true,,,150,210,2025-11-26 00:41:31.429 +0700
2439,Arc Spray,Spec Diameter (Round)/Panjang (Flat),"235.026","",false,true,,,151,210,2025-11-26 00:41:31.451 +0700
2440,Arc Spray,Spec Lenght (Round) / Lebar (Flat),"7","",false,true,,,152,210,2025-11-26 00:41:31.470 +0700
2441,Arc Spray,Area Repair,OD Bearing Contact,"",true,false,,,153,210,2025-11-26 00:41:31.490 +0700
2442,Arc Spray,Diameter After Blast,"232.9","",false,true,,,154,210,2025-11-26 00:41:31.506 +0700
2443,Arc Spray,Diameter After Bond,"234.2","",false,true,,,155,210,2025-11-26 00:41:31.520 +0700
2444,Arc Spray,Diameter After Top,"236.2","",false,true,,,156,210,2025-11-26 00:41:31.547 +0700
2445,Arc Spray,Material Bond Coat,AS175,"",true,false,,,157,210,2025-11-26 00:41:31.560 +0700
2446,Arc Spray,Wire 1 Lot # Bond Coat,"25037693","",false,false,,,158,210,2025-11-26 00:41:31.579 +0700
2447,Arc Spray,Wire 2 Lot # Bond Coat,"25037693","",false,false,,,159,210,2025-11-26 00:41:31.596 +0700
2448,Arc Spray,Primary Air Pressure (Psi) Bond Coat,"80","",false,true,,,160,210,2025-11-26 00:41:31.615 +0700
2449,Arc Spray,Arc Voltage (V) Bond Coat,"31","",false,true,,,161,210,2025-11-26 00:41:31.646 +0700
2450,Arc Spray,Arc Current (Amps) Bond Coat,"160","",false,true,,,162,210,2025-11-26 00:41:31.662 +0700
2451,Arc Spray,Rotation Speed of Part (rpm) Bond Coat,"80","",false,true,,,163,210,2025-11-26 00:41:31.682 +0700
2452,Arc Spray,Traverse Rate of Gun (mm/s) Bond Coat,"","",false,true,,,164,210,2025-11-26 00:41:31.704 +0700
2453,Arc Spray,Bondcoat Robot cycle (Pass),"","",false,true,,,165,210,2025-11-26 00:41:31.720 +0700
2454,Arc Spray,Material Top Coat,AS160,"",true,false,,,166,210,2025-11-26 00:41:31.737 +0700
2455,Arc Spray,Wire 1 Lot # Top Coat,"24034902","",false,false,,,167,210,2025-11-26 00:41:31.761 +0700
2456,Arc Spray,Wire 2 Lot # Top Coat,"24034902","",false,false,,,168,210,2025-11-26 00:41:31.780 +0700
2457,Arc Spray,Primary Air Pressure (Psi) Top Coat,"80","",false,true,,,169,210,2025-11-26 00:41:31.801 +0700
2458,Arc Spray,Arc Voltage (V) Top Coat,"31","",false,true,,,170,210,2025-11-26 00:41:31.825 +0700
2459,Arc Spray,Arc Current (Amps) Top Coat,"150","",false,true,,,171,210,2025-11-26 00:41:31.855 +0700
2460,Arc Spray,Rotation Speed of Part (rpm) Top Coat,"80","",false,true,,,172,210,2025-11-26 00:41:31.892 +0700
2461,Arc Spray,Traverse Rate of Gun (mm/s) Top Coat,"","",false,true,,,173,210,2025-11-26 00:41:31.922 +0700
2462,Arc Spray,Top coat Robot cycle (Pass),"","",false,true,,,174,210,2025-11-26 00:41:32.103 +0700
2463,Arc Spray,Dictol,Not Used,"",true,false,,,175,210,2025-11-26 00:41:32.211 +0700
2464,SAW,Filler Material,Bohler EM12K,"",true,false,,,14,211,2025-11-26 00:58:01.558 +0700
2465,SAW,Flux,"","",true,true,,,144,211,2025-11-26 00:58:01.591 +0700
2466,SAW,Wire Diameter,"2,4 mm","",true,false,,,15,211,2025-11-26 00:58:01.607 +0700
2467,SAW,Diameter Before Welding,"176",mm,false,true,,,21,211,2025-11-26 00:58:01.623 +0700
2468,SAW,Pre heat,"163",deg C,false,true,,,22,211,2025-11-26 00:58:01.651 +0700
2469,SAW,Amperage,"250",A,false,true,,,23,211,2025-11-26 00:58:01.667 +0700
2470,SAW,Voltage,"28",V,false,true,,,24,211,2025-11-26 00:58:01.696 +0700
2471,SAW,Speed Frekuensi,"50",Hz,false,false,,,18,211,2025-11-26 00:58:01.716 +0700
2472,SAW,Temperature After Welding,"178",deg C,false,true,,,25,211,2025-11-26 00:58:01.733 +0700
2473,SAW,Diameter After Welding Area 1,"179",mm,false,true,,,27,211,2025-11-26 00:58:01.754 +0700
2474,SAW,Diameter After Welding Area 2,"0",mm,false,true,,,28,211,2025-11-26 00:58:01.782 +0700
2475,SAW,Lenght Welding,"270",mm,false,true,,,29,211,2025-11-26 00:58:01.809 +0700
2476,SAW,Operator Note,"","",false,false,,,31,211,2025-11-26 00:58:01.828 +0700
2477,General Welding,Welding Process,Cap,"",true,false,,,34,212,2025-11-26 04:21:14.232 +0700
2478,General Welding,Filler Material,"","",true,false,,,37,212,2025-11-26 04:21:14.261 +0700
2479,General Welding,Electrode Type,FCAW,"",true,false,,,38,212,2025-11-26 04:21:14.295 +0700
2480,General Welding,Wire Diameter,"1,6 mm","",true,false,,,39,212,2025-11-26 04:21:14.312 +0700
2481,General Welding,Material Thickness,"120","",false,true,,,48,212,2025-11-26 04:21:14.331 +0700
2482,General Welding,Position Welding,"3G","",true,false,,,40,212,2025-11-26 04:21:14.362 +0700
2483,General Welding,Pre heat,"160",deg C,false,true,,,41,212,2025-11-26 04:21:14.395 +0700
2484,General Welding,Gas Flowrate,"25",lpm,false,true,,,42,212,2025-11-26 04:21:14.422 +0700
2485,General Welding,Amperage,"224.5",A,false,true,,,43,212,2025-11-26 04:21:14.438 +0700
2486,General Welding,Voltage,"25",V,false,true,,,44,212,2025-11-26 04:21:14.453 +0700
2487,General Welding,Temperature After Welding,"100",deg C,false,true,,,45,212,2025-11-26 04:21:14.486 +0700
2488,General Welding,Treatment After Welding,Grinding,"",true,false,,,46,212,2025-11-26 04:21:14.505 +0700
2489,General Welding,Operator Note,"","",false,false,,,47,212,2025-11-26 04:21:14.520 +0700
2490,General Welding,Welding Process,Cap,"",true,false,,,34,213,2025-11-26 04:21:20.856 +0700
2491,General Welding,Filler Material,"","",true,false,,,37,213,2025-11-26 04:21:20.883 +0700
2492,General Welding,Electrode Type,FCAW,"",true,false,,,38,213,2025-11-26 04:21:20.915 +0700
2493,General Welding,Wire Diameter,"1,6 mm","",true,false,,,39,213,2025-11-26 04:21:20.944 +0700
2494,General Welding,Material Thickness,"120","",false,true,,,48,213,2025-11-26 04:21:20.966 +0700
2495,General Welding,Position Welding,"3G","",true,false,,,40,213,2025-11-26 04:21:20.986 +0700
2496,General Welding,Pre heat,"160",deg C,false,true,,,41,213,2025-11-26 04:21:21.016 +0700
2497,General Welding,Gas Flowrate,"25",lpm,false,true,,,42,213,2025-11-26 04:21:21.040 +0700
2498,General Welding,Amperage,"224.5",A,false,true,,,43,213,2025-11-26 04:21:21.071 +0700
2499,General Welding,Voltage,"25",V,false,true,,,44,213,2025-11-26 04:21:21.085 +0700
2500,General Welding,Temperature After Welding,"100",deg C,false,true,,,45,213,2025-11-26 04:21:21.103 +0700
2501,General Welding,Treatment After Welding,Grinding,"",true,false,,,46,213,2025-11-26 04:21:21.123 +0700
2502,General Welding,Operator Note,"","",false,false,,,47,213,2025-11-26 04:21:21.149 +0700
2503,General Welding,Welding Process,Cap,"",true,false,,,34,214,2025-11-26 17:17:27.866 +0700
2504,General Welding,Filler Material,Kiswel E71T,"",true,false,,,37,214,2025-11-26 17:17:27.891 +0700
2505,General Welding,Electrode Type,FCAW,"",true,false,,,38,214,2025-11-26 17:17:27.922 +0700
2506,General Welding,Wire Diameter,"1,6 mm","",true,false,,,39,214,2025-11-26 17:17:27.948 +0700
2507,General Welding,Material Thickness,"","",false,true,,,48,214,2025-11-26 17:17:27.979 +0700
2508,General Welding,Position Welding,Build Up,"",true,false,,,40,214,2025-11-26 17:17:28.000 +0700
2509,General Welding,Pre heat,"160",deg C,false,true,,,41,214,2025-11-26 17:17:28.025 +0700
2510,General Welding,Gas Flowrate,"25",lpm,false,true,,,42,214,2025-11-26 17:17:28.049 +0700
2511,General Welding,Amperage,"26",A,false,true,,,43,214,2025-11-26 17:17:28.073 +0700
2512,General Welding,Voltage,"247",V,false,true,,,44,214,2025-11-26 17:17:28.095 +0700
2513,General Welding,Temperature After Welding,"230",deg C,false,true,,,45,214,2025-11-26 17:17:28.109 +0700
2514,General Welding,Treatment After Welding,brushing,"",true,false,,,46,214,2025-11-26 17:17:28.134 +0700
2515,General Welding,Operator Note,"","",false,false,,,47,214,2025-11-26 17:17:28.160 +0700
2516,General Welding,Welding Process,Cap,"",true,false,,,34,215,2025-11-26 17:17:34.439 +0700
2517,General Welding,Filler Material,Kiswel E71T,"",true,false,,,37,215,2025-11-26 17:17:34.457 +0700
2518,General Welding,Electrode Type,FCAW,"",true,false,,,38,215,2025-11-26 17:17:34.479 +0700
2519,General Welding,Wire Diameter,"1,6 mm","",true,false,,,39,215,2025-11-26 17:17:34.507 +0700
2520,General Welding,Material Thickness,"","",false,true,,,48,215,2025-11-26 17:17:34.526 +0700
2521,General Welding,Position Welding,Build Up,"",true,false,,,40,215,2025-11-26 17:17:34.552 +0700
2522,General Welding,Pre heat,"160",deg C,false,true,,,41,215,2025-11-26 17:17:34.575 +0700
2523,General Welding,Gas Flowrate,"25",lpm,false,true,,,42,215,2025-11-26 17:17:34.599 +0700
2524,General Welding,Amperage,"26",A,false,true,,,43,215,2025-11-26 17:17:34.621 +0700
2525,General Welding,Voltage,"247",V,false,true,,,44,215,2025-11-26 17:17:34.647 +0700
2526,General Welding,Temperature After Welding,"230",deg C,false,true,,,45,215,2025-11-26 17:17:34.678 +0700
2527,General Welding,Treatment After Welding,brushing,"",true,false,,,46,215,2025-11-26 17:17:34.701 +0700
2528,General Welding,Operator Note,"","",false,false,,,47,215,2025-11-26 17:17:34.732 +0700
2529,General Welding,Welding Process,Fill,"",true,false,,,34,216,2025-11-27 03:04:07.091 +0700
2530,General Welding,Filler Material,"","",true,false,,,37,216,2025-11-27 03:04:07.114 +0700
2531,General Welding,Electrode Type,FCAW,"",true,false,,,38,216,2025-11-27 03:04:07.137 +0700
2532,General Welding,Wire Diameter,"1,6 mm","",true,false,,,39,216,2025-11-27 03:04:07.206 +0700
2533,General Welding,Material Thickness,"120","",false,true,,,48,216,2025-11-27 03:04:07.234 +0700
2534,General Welding,Position Welding,"3G","",true,false,,,40,216,2025-11-27 03:04:07.249 +0700
2535,General Welding,Pre heat,"165",deg C,false,true,,,41,216,2025-11-27 03:04:07.277 +0700
2536,General Welding,Gas Flowrate,"25",lpm,false,true,,,42,216,2025-11-27 03:04:07.319 +0700
2537,General Welding,Amperage,"245",A,false,true,,,43,216,2025-11-27 03:04:07.342 +0700
2538,General Welding,Voltage,"24.5",V,false,true,,,44,216,2025-11-27 03:04:07.357 +0700
2539,General Welding,Temperature After Welding,"120",deg C,false,true,,,45,216,2025-11-27 03:04:07.412 +0700
2540,General Welding,Treatment After Welding,Peening,"",true,false,,,46,216,2025-11-27 03:04:07.426 +0700
2541,General Welding,Operator Note,"","",false,false,,,47,216,2025-11-27 03:04:07.451 +0700
2542,MACHINING,Process Machining,Roughing,"",true,false,,,16,217,2025-11-28 04:13:45.817 +0700
2543,MACHINING,Material Type,Arc Spray,"",true,false,,,62,217,2025-11-28 04:13:45.837 +0700
2544,MACHINING,Consumable Insert,Dnmg,"",true,false,,,17,217,2025-11-28 04:13:45.857 +0700
2545,MACHINING,Length Machining,"23",mm,false,true,,,20,217,2025-11-28 04:13:45.885 +0700
2546,MACHINING,Dimension Before Machining,"468.7",mm,false,true,,,19,217,2025-11-28 04:13:45.905 +0700
2547,MACHINING,Dimension After Machining,"469.8",mm,false,true,,,35,217,2025-11-28 04:13:45.925 +0700
2548,MACHINING,RPM (Spindle Speed),"16",Rpm,false,true,,,26,217,2025-11-28 04:13:45.941 +0700
2549,MACHINING,Feeding,"0.2",mm/rev,false,true,,,30,217,2025-11-28 04:13:45.967 +0700
2550,MACHINING,Depth of Cut,"0.4",mm,false,true,,,32,217,2025-11-28 04:13:45.988 +0700
2551,MACHINING,Lubrication,Coolant,"",true,false,,,33,217,2025-11-28 04:13:46.013 +0700
2552,MACHINING,Condition Material After Machining,On Spec,"",true,false,,,36,217,2025-11-28 04:13:46.034 +0700
2553,MACHINING,Operator Note,"","",false,false,,,49,217,2025-11-28 04:13:46.047 +0700
2554,MACHINING,Process Machining,Finishing,"",true,false,,,16,218,2025-11-28 04:14:16.299 +0700
2555,MACHINING,Material Type,Arc Spray,"",true,false,,,62,218,2025-11-28 04:14:16.318 +0700
2556,MACHINING,Consumable Insert,Dnmg,"",true,false,,,17,218,2025-11-28 04:14:16.333 +0700
2557,MACHINING,Length Machining,"23",mm,false,true,,,20,218,2025-11-28 04:14:16.353 +0700
2558,MACHINING,Dimension Before Machining,"469.8",mm,false,true,,,19,218,2025-11-28 04:14:16.367 +0700
2559,MACHINING,Dimension After Machining,"469.9",mm,false,true,,,35,218,2025-11-28 04:14:16.389 +0700
2560,MACHINING,RPM (Spindle Speed),"16",Rpm,false,true,,,26,218,2025-11-28 04:14:16.408 +0700
2561,MACHINING,Feeding,"0.2",mm/rev,false,true,,,30,218,2025-11-28 04:14:16.424 +0700
2562,MACHINING,Depth of Cut,"0.1",mm,false,true,,,32,218,2025-11-28 04:14:16.440 +0700
2563,MACHINING,Lubrication,Coolant,"",true,false,,,33,218,2025-11-28 04:14:16.463 +0700
2564,MACHINING,Condition Material After Machining,On Spec,"",true,false,,,36,218,2025-11-28 04:14:16.490 +0700
2565,MACHINING,Operator Note,"","",false,false,,,49,218,2025-11-28 04:14:16.512 +0700
2566,MACHINING,Process Machining,Roughing,"",true,false,,,16,219,2025-11-28 04:15:54.417 +0700
2567,MACHINING,Material Type,Arc Spray,"",true,false,,,62,219,2025-11-28 04:15:54.449 +0700
2568,MACHINING,Consumable Insert,Dnmg,"",true,false,,,17,219,2025-11-28 04:15:54.468 +0700
2569,MACHINING,Length Machining,"22",mm,false,true,,,20,219,2025-11-28 04:15:54.500 +0700
2570,MACHINING,Dimension Before Machining,"544.7",mm,false,true,,,19,219,2025-11-28 04:15:54.525 +0700
2571,MACHINING,Dimension After Machining,"545.9",mm,false,true,,,35,219,2025-11-28 04:15:54.547 +0700
2572,MACHINING,RPM (Spindle Speed),"16",Rpm,false,true,,,26,219,2025-11-28 04:15:54.562 +0700
2573,MACHINING,Feeding,"0.2",mm/rev,false,true,,,30,219,2025-11-28 04:15:54.593 +0700
2574,MACHINING,Depth of Cut,"0.4",mm,false,true,,,32,219,2025-11-28 04:15:54.625 +0700
2575,MACHINING,Lubrication,Coolant,"",true,false,,,33,219,2025-11-28 04:15:54.649 +0700
2576,MACHINING,Condition Material After Machining,On Spec,"",true,false,,,36,219,2025-11-28 04:15:54.661 +0700
2577,MACHINING,Operator Note,"","",false,false,,,49,219,2025-11-28 04:15:54.698 +0700
2578,MACHINING,Process Machining,Finishing,"",true,false,,,16,220,2025-11-28 04:16:23.461 +0700
2579,MACHINING,Material Type,Arc Spray,"",true,false,,,62,220,2025-11-28 04:16:23.538 +0700
2580,MACHINING,Consumable Insert,Dnmg,"",true,false,,,17,220,2025-11-28 04:16:23.563 +0700
2581,MACHINING,Length Machining,"22",mm,false,true,,,20,220,2025-11-28 04:16:23.589 +0700
2582,MACHINING,Dimension Before Machining,"545.9",mm,false,true,,,19,220,2025-11-28 04:16:23.610 +0700
2583,MACHINING,Dimension After Machining,"546.1",mm,false,true,,,35,220,2025-11-28 04:16:23.627 +0700
2584,MACHINING,RPM (Spindle Speed),"16",Rpm,false,true,,,26,220,2025-11-28 04:16:23.645 +0700
2585,MACHINING,Feeding,"0.2",mm/rev,false,true,,,30,220,2025-11-28 04:16:23.664 +0700
2586,MACHINING,Depth of Cut,"0.2",mm,false,true,,,32,220,2025-11-28 04:16:23.684 +0700
2587,MACHINING,Lubrication,Coolant,"",true,false,,,33,220,2025-11-28 04:16:23.712 +0700
2588,MACHINING,Condition Material After Machining,On Spec,"",true,false,,,36,220,2025-11-28 04:16:23.728 +0700
2589,MACHINING,Operator Note,"","",false,false,,,49,220,2025-11-28 04:16:23.745 +0700
2590,MACHINING,Process Machining,Finishing,"",true,false,,,16,221,2025-11-28 04:16:27.836 +0700
2591,MACHINING,Material Type,Arc Spray,"",true,false,,,62,221,2025-11-28 04:16:27.864 +0700
2592,MACHINING,Consumable Insert,Dnmg,"",true,false,,,17,221,2025-11-28 04:16:27.889 +0700
2593,MACHINING,Length Machining,"22",mm,false,true,,,20,221,2025-11-28 04:16:27.908 +0700
2594,MACHINING,Dimension Before Machining,"545.9",mm,false,true,,,19,221,2025-11-28 04:16:27.936 +0700
2595,MACHINING,Dimension After Machining,"546.1",mm,false,true,,,35,221,2025-11-28 04:16:27.967 +0700
2596,MACHINING,RPM (Spindle Speed),"16",Rpm,false,true,,,26,221,2025-11-28 04:16:27.989 +0700
2597,MACHINING,Feeding,"0.2",mm/rev,false,true,,,30,221,2025-11-28 04:16:28.010 +0700
2598,MACHINING,Depth of Cut,"0.2",mm,false,true,,,32,221,2025-11-28 04:16:28.028 +0700
2599,MACHINING,Lubrication,Coolant,"",true,false,,,33,221,2025-11-28 04:16:28.044 +0700
2600,MACHINING,Condition Material After Machining,On Spec,"",true,false,,,36,221,2025-11-28 04:16:28.064 +0700
2601,MACHINING,Operator Note,"","",false,false,,,49,221,2025-11-28 04:16:28.085 +0700
2602,General Welding,Welding Process,Cap,"",true,false,,,34,222,2025-11-29 04:10:48.354 +0700
2603,General Welding,Filler Material,"","",true,false,,,37,222,2025-11-29 04:10:48.378 +0700
2604,General Welding,Electrode Type,FCAW,"",true,false,,,38,222,2025-11-29 04:10:48.418 +0700
2605,General Welding,Wire Diameter,"1,6 mm","",true,false,,,39,222,2025-11-29 04:10:48.432 +0700
2606,General Welding,Material Thickness,"120","",false,true,,,48,222,2025-11-29 04:10:48.445 +0700
2607,General Welding,Position Welding,"2G","",true,false,,,40,222,2025-11-29 04:10:48.463 +0700
2608,General Welding,Pre heat,"165",deg C,false,true,,,41,222,2025-11-29 04:10:48.479 +0700
2609,General Welding,Gas Flowrate,"25",lpm,false,true,,,42,222,2025-11-29 04:10:48.503 +0700
2610,General Welding,Amperage,"25",A,false,true,,,43,222,2025-11-29 04:10:48.527 +0700
2611,General Welding,Voltage,"265",V,false,true,,,44,222,2025-11-29 04:10:48.556 +0700
2612,General Welding,Temperature After Welding,"135",deg C,false,true,,,45,222,2025-11-29 04:10:48.572 +0700
2613,General Welding,Treatment After Welding,Grinding,"",true,false,,,46,222,2025-11-29 04:10:48.589 +0700
2614,General Welding,Operator Note,"","",false,false,,,47,222,2025-11-29 04:10:48.622 +0700
2615,HCP - Plating,Plating Time (hours),"9",Hours,false,true,,,50,223,2025-11-29 06:12:42.122 +0700
2616,HCP - Plating,Temperatur Plating (C),"55",Celcius,false,true,,,51,223,2025-11-29 06:12:42.139 +0700
2617,HCP - Plating,Arus Plating (A),"2100",Ampere,false,true,,,52,223,2025-11-29 06:12:42.154 +0700
2618,HCP - Plating,Voltage (V),"8.55",Volt,false,true,,,134,223,2025-11-29 06:12:42.207 +0700
2619,HCP - Plating,Number Tank,"3","",true,false,,,59,223,2025-11-29 06:12:42.228 +0700
2620,HCP - Plating,Jumlah Process Chrome (Kali),"1","",true,false,,,60,223,2025-11-29 06:12:42.241 +0700
2621,HCP - Plating,Defect,No Defect,"",true,false,,,54,223,2025-11-29 06:12:42.258 +0700
2622,HCP - Plating,Solving,Final polish,"",true,false,,,53,223,2025-11-29 06:12:42.291 +0700
2623,HCP - Plating,Note Plating,"","",false,false,,,136,223,2025-11-29 06:12:42.309 +0700
2624,HCP - Plating,Plating Time (hours),"13",Hours,false,true,,,50,224,2025-11-29 06:13:24.760 +0700
2625,HCP - Plating,Temperatur Plating (C),"54",Celcius,false,true,,,51,224,2025-11-29 06:13:24.793 +0700
2626,HCP - Plating,Arus Plating (A),"1300",Ampere,false,true,,,52,224,2025-11-29 06:13:24.810 +0700
2627,HCP - Plating,Voltage (V),"8.78",Volt,false,true,,,134,224,2025-11-29 06:13:24.835 +0700
2628,HCP - Plating,Number Tank,"1","",true,false,,,59,224,2025-11-29 06:13:24.873 +0700
2629,HCP - Plating,Jumlah Process Chrome (Kali),"1","",true,false,,,60,224,2025-11-29 06:13:24.896 +0700
2630,HCP - Plating,Defect,Pitting,"",true,false,,,54,224,2025-11-29 06:13:24.921 +0700
2631,HCP - Plating,Solving,Prep CoC,"",true,false,,,53,224,2025-11-29 06:13:24.939 +0700
2632,HCP - Plating,Note Plating,"","",false,false,,,136,224,2025-11-29 06:13:24.984 +0700
2633,ID WELD,Pass No,"",Number,false,true,,,1,225,2025-11-29 06:37:56.129 +0700
2634,ID WELD,Filler Material,KISWEL K71TLF,"",true,false,,,2,225,2025-11-29 06:37:56.159 +0700
2635,ID WELD,Wire Diameter,"1,2 mm","",true,false,,,3,225,2025-11-29 06:37:56.179 +0700
2636,ID WELD,Diameter Before Welding,"",mm,false,true,,,5,225,2025-11-29 06:37:56.213 +0700
2637,ID WELD,Pre heat,"150",deg C,false,true,,,6,225,2025-11-29 06:37:56.249 +0700
2638,ID WELD,Gas Flowrate,"30",lpm,false,true,,,7,225,2025-11-29 06:37:56.262 +0700
2639,ID WELD,Amperage,"255",A,false,true,,,8,225,2025-11-29 06:37:56.278 +0700
2640,ID WELD,Voltage,"235",V,false,true,,,9,225,2025-11-29 06:37:56.319 +0700
2641,ID WELD,Control Speed,"55",Hz,false,true,,,4,225,2025-11-29 06:37:56.359 +0700
2642,ID WELD,Temperature After Welding,"",deg C,false,true,,,10,225,2025-11-29 06:37:56.378 +0700
2643,ID WELD,Diameter After Welding,"",mm,false,true,,,11,225,2025-11-29 06:37:56.395 +0700
2644,ID WELD,Lenght Welding,"",mm,false,true,,,12,225,2025-11-29 06:37:56.435 +0700
2645,ID WELD,Operator Note,"","",false,false,,,13,225,2025-11-29 06:37:56.460 +0700
2646,MACHINING,Process Machining,Finishing,"",true,false,,,16,228,2025-12-02 08:32:07.335 +0700
2647,MACHINING,Material Type,Manufacture/Raw Material,"",true,false,,,62,228,2025-12-02 08:32:07.384 +0700
2648,MACHINING,Consumable Insert,BA101,"",true,false,,,17,228,2025-12-02 08:32:07.416 +0700
2649,MACHINING,Length Machining,"500",mm,false,true,,,20,228,2025-12-02 08:32:07.451 +0700
2650,MACHINING,Dimension Before Machining,"133.5",mm,false,true,,,19,228,2025-12-02 08:32:07.480 +0700
2651,MACHINING,Dimension After Machining,"131.980",mm,false,true,,,35,228,2025-12-02 08:32:07.499 +0700
2652,MACHINING,RPM (Spindle Speed),"250",Rpm,false,true,,,26,228,2025-12-02 08:32:07.532 +0700
2653,MACHINING,Feeding,"00.10",mm/rev,false,true,,,30,228,2025-12-02 08:32:07.562 +0700
2654,MACHINING,Depth of Cut,"1",mm,false,true,,,32,228,2025-12-02 08:32:07.591 +0700
2655,MACHINING,Lubrication,Dry,"",true,false,,,33,228,2025-12-02 08:32:07.619 +0700
2656,MACHINING,Condition Material After Machining,On Spec,"",true,false,,,36,228,2025-12-02 08:32:07.637 +0700
2657,MACHINING,Operator Note,Striping,"",false,false,,,49,228,2025-12-02 08:32:07.656 +0700
2658,MACHINING,Process Machining,Finishing,"",true,false,,,16,230,2025-12-02 08:55:11.147 +0700
2659,MACHINING,Material Type,Manufacture/Raw Material,"",true,false,,,62,230,2025-12-02 08:55:11.180 +0700
2660,MACHINING,Consumable Insert,BA101,"",true,false,,,17,230,2025-12-02 08:55:11.209 +0700
2661,MACHINING,Length Machining,"",mm,false,true,,,20,230,2025-12-02 08:55:11.229 +0700
2662,MACHINING,Dimension Before Machining,"117.25",mm,false,true,,,19,230,2025-12-02 08:55:11.246 +0700
2663,MACHINING,Dimension After Machining,"118.04",mm,false,true,,,35,230,2025-12-02 08:55:11.270 +0700
2664,MACHINING,RPM (Spindle Speed),"250",Rpm,false,true,,,26,230,2025-12-02 08:55:11.295 +0700
2665,MACHINING,Feeding,"00.10",mm/rev,false,true,,,30,230,2025-12-02 08:55:11.322 +0700
2666,MACHINING,Depth of Cut,"0.2",mm,false,true,,,32,230,2025-12-02 08:55:11.344 +0700
2667,MACHINING,Lubrication,Dry,"",true,false,,,33,230,2025-12-02 08:55:11.359 +0700
2668,MACHINING,Condition Material After Machining,On Spec,"",true,false,,,36,230,2025-12-02 08:55:11.380 +0700
2669,MACHINING,Operator Note,Striping,"",false,false,,,49,230,2025-12-02 08:55:11.399 +0700
2670,MACHINING,Process Machining,Finishing,"",true,false,,,16,232,2025-12-02 12:45:11.694 +0700
2671,MACHINING,Material Type,Manufacture/Raw Material,"",true,false,,,62,232,2025-12-02 12:45:11.727 +0700
2672,MACHINING,Consumable Insert,BA101,"",true,false,,,17,232,2025-12-02 12:45:11.754 +0700
2673,MACHINING,Length Machining,"40",mm,false,true,,,20,232,2025-12-02 12:45:11.768 +0700
2674,MACHINING,Dimension Before Machining,"173",mm,false,true,,,19,232,2025-12-02 12:45:11.793 +0700
2675,MACHINING,Dimension After Machining,"160",mm,false,true,,,35,232,2025-12-02 12:45:11.822 +0700
2676,MACHINING,RPM (Spindle Speed),"490",Rpm,false,true,,,26,232,2025-12-02 12:45:11.834 +0700
2677,MACHINING,Feeding,"2",mm/rev,false,true,,,30,232,2025-12-02 12:45:11.860 +0700
2678,MACHINING,Depth of Cut,"3",mm,false,true,,,32,232,2025-12-02 12:45:11.877 +0700
2679,MACHINING,Lubrication,Coolant,"",true,false,,,33,232,2025-12-02 12:45:11.896 +0700
2680,MACHINING,Condition Material After Machining,On Spec,"",true,false,,,36,232,2025-12-02 12:45:11.919 +0700
2681,MACHINING,Operator Note,Agus k,"",false,false,,,49,232,2025-12-02 12:45:11.935 +0700
2682,MACHINING,Process Machining,Roughing,"",true,false,,,16,234,2025-12-02 16:21:07.002 +0700
2683,MACHINING,Material Type,Manufacture/Raw Material,"",true,false,,,62,234,2025-12-02 16:21:07.035 +0700
2684,MACHINING,Consumable Insert,BA101,"",true,false,,,17,234,2025-12-02 16:21:07.056 +0700
2685,MACHINING,Length Machining,"2092",mm,false,true,,,20,234,2025-12-02 16:21:07.101 +0700
2686,MACHINING,Dimension Before Machining,"100",mm,false,true,,,19,234,2025-12-02 16:21:07.123 +0700
2687,MACHINING,Dimension After Machining,"91",mm,false,true,,,35,234,2025-12-02 16:21:07.140 +0700
2688,MACHINING,RPM (Spindle Speed),"170",Rpm,false,true,,,26,234,2025-12-02 16:21:07.160 +0700
2689,MACHINING,Feeding,"0.2",mm/rev,false,true,,,30,234,2025-12-02 16:21:07.169 +0700
2690,MACHINING,Depth of Cut,"1.5",mm,false,true,,,32,234,2025-12-02 16:21:07.209 +0700
2691,MACHINING,Lubrication,Coolant,"",true,false,,,33,234,2025-12-02 16:21:07.219 +0700
2692,MACHINING,Condition Material After Machining,Oval,"",true,false,,,36,234,2025-12-02 16:21:07.238 +0700
2693,MACHINING,Operator Note,Hasil machining oval dan taper,"",false,false,,,49,234,2025-12-02 16:21:07.253 +0700
2694,MACHINING,Process Machining,Finishing,"",true,false,,,16,235,2025-12-02 16:22:06.570 +0700
2695,MACHINING,Material Type,Manufacture/Raw Material,"",true,false,,,62,235,2025-12-02 16:22:06.676 +0700
2696,MACHINING,Consumable Insert,BA101,"",true,false,,,17,235,2025-12-02 16:22:06.700 +0700
2697,MACHINING,Length Machining,"425.45",mm,false,true,,,20,235,2025-12-02 16:22:06.715 +0700
2698,MACHINING,Dimension Before Machining,"230",mm,false,true,,,19,235,2025-12-02 16:22:06.730 +0700
2699,MACHINING,Dimension After Machining,"228.37",mm,false,true,,,35,235,2025-12-02 16:22:06.772 +0700
2700,MACHINING,RPM (Spindle Speed),"170",Rpm,false,true,,,26,235,2025-12-02 16:22:06.790 +0700
2701,MACHINING,Feeding,"0.2",mm/rev,false,true,,,30,235,2025-12-02 16:22:06.806 +0700
2702,MACHINING,Depth of Cut,"1.5",mm,false,true,,,32,235,2025-12-02 16:22:06.822 +0700
2703,MACHINING,Lubrication,Dry,"",true,false,,,33,235,2025-12-02 16:22:06.864 +0700
2704,MACHINING,Condition Material After Machining,Oval,"",true,false,,,36,235,2025-12-02 16:22:06.882 +0700
2705,MACHINING,Operator Note,Hasil machining oval dan taper,"",false,false,,,49,235,2025-12-02 16:22:06.897 +0700
2706,MACHINING,Process Machining,Honing,"",true,false,,,16,236,2025-12-02 19:13:36.865 +0700
2707,MACHINING,Material Type,Manufacture/Raw Material,"",true,false,,,62,236,2025-12-02 19:13:36.906 +0700
2708,MACHINING,Consumable Insert,Stone W47A45,"",true,false,,,17,236,2025-12-02 19:13:36.935 +0700
2709,MACHINING,Length Machining,"554.750",mm,false,true,,,20,236,2025-12-02 19:13:36.953 +0700
2710,MACHINING,Dimension Before Machining,"273.050",mm,false,true,,,19,236,2025-12-02 19:13:36.967 +0700
2711,MACHINING,Dimension After Machining,"273.100",mm,false,true,,,35,236,2025-12-02 19:13:36.990 +0700
2712,MACHINING,RPM (Spindle Speed),"75",Rpm,false,true,,,26,236,2025-12-02 19:13:37.026 +0700
2713,MACHINING,Feeding,"15",mm/rev,false,true,,,30,236,2025-12-02 19:13:37.074 +0700
2714,MACHINING,Depth of Cut,"0.020",mm,false,true,,,32,236,2025-12-02 19:13:37.096 +0700
2715,MACHINING,Lubrication,Coolant,"",true,false,,,33,236,2025-12-02 19:13:37.117 +0700
2716,MACHINING,Condition Material After Machining,On Spec,"",true,false,,,36,236,2025-12-02 19:13:37.141 +0700
2717,MACHINING,Operator Note,Lanjut proses selanjutnya,"",false,false,,,49,236,2025-12-02 19:13:37.160 +0700
2718,MACHINING,Process Machining,Roughing,"",true,false,,,16,238,2025-12-03 04:11:11.066 +0700
2719,MACHINING,Material Type,Manufacture/Raw Material,"",true,false,,,62,238,2025-12-03 04:11:11.097 +0700
2720,MACHINING,Consumable Insert,BA101,"",true,false,,,17,238,2025-12-03 04:11:11.127 +0700
2721,MACHINING,Length Machining,"110",mm,false,true,,,20,238,2025-12-03 04:11:11.153 +0700
2722,MACHINING,Dimension Before Machining,"123",mm,false,true,,,19,238,2025-12-03 04:11:11.176 +0700
2723,MACHINING,Dimension After Machining,"129",mm,false,true,,,35,238,2025-12-03 04:11:11.193 +0700
2724,MACHINING,RPM (Spindle Speed),"63",Rpm,false,true,,,26,238,2025-12-03 04:11:11.210 +0700
2725,MACHINING,Feeding,"2",mm/rev,false,true,,,30,238,2025-12-03 04:11:11.237 +0700
2726,MACHINING,Depth of Cut,"1",mm,false,true,,,32,238,2025-12-03 04:11:11.300 +0700
2727,MACHINING,Lubrication,Dry,"",true,false,,,33,238,2025-12-03 04:11:11.331 +0700
2728,MACHINING,Condition Material After Machining,On Spec,"",true,false,,,36,238,2025-12-03 04:11:11.359 +0700
2729,MACHINING,Operator Note,Masih under,"",false,false,,,49,238,2025-12-03 04:11:11.382 +0700
2730,MACHINING,Process Machining,Roughing,"",true,false,,,16,239,2025-12-03 04:11:15.277 +0700
2731,MACHINING,Material Type,Manufacture/Raw Material,"",true,false,,,62,239,2025-12-03 04:11:15.292 +0700
2732,MACHINING,Consumable Insert,BA101,"",true,false,,,17,239,2025-12-03 04:11:15.322 +0700
2733,MACHINING,Length Machining,"110",mm,false,true,,,20,239,2025-12-03 04:11:15.332 +0700
2734,MACHINING,Dimension Before Machining,"123",mm,false,true,,,19,239,2025-12-03 04:11:15.348 +0700
2735,MACHINING,Dimension After Machining,"129",mm,false,true,,,35,239,2025-12-03 04:11:15.369 +0700
2736,MACHINING,RPM (Spindle Speed),"63",Rpm,false,true,,,26,239,2025-12-03 04:11:15.382 +0700
2737,MACHINING,Feeding,"2",mm/rev,false,true,,,30,239,2025-12-03 04:11:15.406 +0700
2738,MACHINING,Depth of Cut,"1",mm,false,true,,,32,239,2025-12-03 04:11:15.431 +0700
2739,MACHINING,Lubrication,Dry,"",true,false,,,33,239,2025-12-03 04:11:15.448 +0700
2740,MACHINING,Condition Material After Machining,On Spec,"",true,false,,,36,239,2025-12-03 04:11:15.468 +0700
2741,MACHINING,Operator Note,Masih under,"",false,false,,,49,239,2025-12-03 04:11:15.482 +0700
2742,MACHINING,Process Machining,Roughing,"",true,false,,,16,240,2025-12-03 04:12:21.778 +0700
2743,MACHINING,Material Type,Manufacture/Raw Material,"",true,false,,,62,240,2025-12-03 04:12:21.798 +0700
2744,MACHINING,Consumable Insert,BA101,"",true,false,,,17,240,2025-12-03 04:12:21.879 +0700
2745,MACHINING,Length Machining,"110",mm,false,true,,,20,240,2025-12-03 04:12:21.899 +0700
2746,MACHINING,Dimension Before Machining,"85",mm,false,true,,,19,240,2025-12-03 04:12:21.920 +0700
2747,MACHINING,Dimension After Machining,"95.220",mm,false,true,,,35,240,2025-12-03 04:12:21.942 +0700
2748,MACHINING,RPM (Spindle Speed),"63",Rpm,false,true,,,26,240,2025-12-03 04:12:21.963 +0700
2749,MACHINING,Feeding,"2",mm/rev,false,true,,,30,240,2025-12-03 04:12:21.988 +0700
2750,MACHINING,Depth of Cut,"1",mm,false,true,,,32,240,2025-12-03 04:12:22.008 +0700
2751,MACHINING,Lubrication,Tap Matic,"",true,false,,,33,240,2025-12-03 04:12:22.025 +0700
2752,MACHINING,Condition Material After Machining,On Spec,"",true,false,,,36,240,2025-12-03 04:12:22.051 +0700
2753,MACHINING,Operator Note,Lanjut hdr,"",false,false,,,49,240,2025-12-03 04:12:22.071 +0700
2754,MACHINING,Process Machining,Finishing,"",true,false,,,16,242,2025-12-03 10:48:07.118 +0700
2755,MACHINING,Material Type,Manufacture/Raw Material,"",true,false,,,62,242,2025-12-03 10:48:07.140 +0700
2756,MACHINING,Consumable Insert,Dmng,"",true,false,,,17,242,2025-12-03 10:48:07.175 +0700
2757,MACHINING,Length Machining,"1829",mm,false,true,,,20,242,2025-12-03 10:48:07.199 +0700
2758,MACHINING,Dimension Before Machining,"100",mm,false,true,,,19,242,2025-12-03 10:48:07.212 +0700
2759,MACHINING,Dimension After Machining,"89.93",mm,false,true,,,35,242,2025-12-03 10:48:07.232 +0700
2760,MACHINING,RPM (Spindle Speed),"300",Rpm,false,true,,,26,242,2025-12-03 10:48:07.245 +0700
2761,MACHINING,Feeding,"5",mm/rev,false,true,,,30,242,2025-12-03 10:48:07.301 +0700
2762,MACHINING,Depth of Cut,"",mm,false,true,,,32,242,2025-12-03 10:48:07.327 +0700
2763,MACHINING,Lubrication,Oil,"",true,false,,,33,242,2025-12-03 10:48:07.350 +0700
2764,MACHINING,Condition Material After Machining,On Spec,"",true,false,,,36,242,2025-12-03 10:48:07.379 +0700
2765,MACHINING,Operator Note,Hasil machining oval dan taper,"",false,false,,,49,242,2025-12-03 10:48:07.415 +0700
2766,MACHINING,Process Machining,Finishing,"",true,false,,,16,243,2025-12-03 10:48:11.515 +0700
2767,MACHINING,Material Type,Manufacture/Raw Material,"",true,false,,,62,243,2025-12-03 10:48:11.529 +0700
2768,MACHINING,Consumable Insert,Dmng,"",true,false,,,17,243,2025-12-03 10:48:11.568 +0700
2769,MACHINING,Length Machining,"1829",mm,false,true,,,20,243,2025-12-03 10:48:11.594 +0700
2770,MACHINING,Dimension Before Machining,"100",mm,false,true,,,19,243,2025-12-03 10:48:11.614 +0700
2771,MACHINING,Dimension After Machining,"89.93",mm,false,true,,,35,243,2025-12-03 10:48:11.630 +0700
2772,MACHINING,RPM (Spindle Speed),"300",Rpm,false,true,,,26,243,2025-12-03 10:48:11.648 +0700
2773,MACHINING,Feeding,"5",mm/rev,false,true,,,30,243,2025-12-03 10:48:11.672 +0700
2774,MACHINING,Depth of Cut,"",mm,false,true,,,32,243,2025-12-03 10:48:11.688 +0700
2775,MACHINING,Lubrication,Oil,"",true,false,,,33,243,2025-12-03 10:48:11.705 +0700
2776,MACHINING,Condition Material After Machining,On Spec,"",true,false,,,36,243,2025-12-03 10:48:11.720 +0700
2777,MACHINING,Operator Note,Hasil machining oval dan taper,"",false,false,,,49,243,2025-12-03 10:48:11.738 +0700
2778,MACHINING,Process Machining,Finishing,"",true,false,,,16,244,2025-12-03 10:48:15.172 +0700
2779,MACHINING,Material Type,Manufacture/Raw Material,"",true,false,,,62,244,2025-12-03 10:48:15.189 +0700
2780,MACHINING,Consumable Insert,Dmng,"",true,false,,,17,244,2025-12-03 10:48:15.201 +0700
2781,MACHINING,Length Machining,"1829",mm,false,true,,,20,244,2025-12-03 10:48:15.228 +0700
2782,MACHINING,Dimension Before Machining,"100",mm,false,true,,,19,244,2025-12-03 10:48:15.255 +0700
2783,MACHINING,Dimension After Machining,"89.93",mm,false,true,,,35,244,2025-12-03 10:48:15.310 +0700
2784,MACHINING,RPM (Spindle Speed),"300",Rpm,false,true,,,26,244,2025-12-03 10:48:15.377 +0700
2785,MACHINING,Feeding,"5",mm/rev,false,true,,,30,244,2025-12-03 10:48:15.446 +0700
2786,MACHINING,Depth of Cut,"",mm,false,true,,,32,244,2025-12-03 10:48:15.465 +0700
2787,MACHINING,Lubrication,Oil,"",true,false,,,33,244,2025-12-03 10:48:15.505 +0700
2788,MACHINING,Process Machining,Finishing,"",true,false,,,16,245,2025-12-03 10:48:15.511 +0700
2789,MACHINING,Condition Material After Machining,On Spec,"",true,false,,,36,244,2025-12-03 10:48:15.522 +0700
2790,MACHINING,Material Type,Manufacture/Raw Material,"",true,false,,,62,245,2025-12-03 10:48:15.559 +0700
2791,MACHINING,Consumable Insert,Dmng,"",true,false,,,17,245,2025-12-03 10:48:15.584 +0700
2792,MACHINING,Length Machining,"1829",mm,false,true,,,20,245,2025-12-03 10:48:15.605 +0700
2793,MACHINING,Dimension Before Machining,"100",mm,false,true,,,19,245,2025-12-03 10:48:15.623 +0700
2794,MACHINING,Dimension After Machining,"89.93",mm,false,true,,,35,245,2025-12-03 10:48:15.638 +0700
2795,MACHINING,RPM (Spindle Speed),"300",Rpm,false,true,,,26,245,2025-12-03 10:48:15.677 +0700
2796,MACHINING,Process Machining,Finishing,"",true,false,,,16,246,2025-12-03 10:48:15.698 +0700
2797,MACHINING,Material Type,Manufacture/Raw Material,"",true,false,,,62,246,2025-12-03 10:48:15.718 +0700
2798,MACHINING,Consumable Insert,Dmng,"",true,false,,,17,246,2025-12-03 10:48:15.736 +0700
2799,MACHINING,Length Machining,"1829",mm,false,true,,,20,246,2025-12-03 10:48:15.768 +0700
2800,MACHINING,Dimension Before Machining,"100",mm,false,true,,,19,246,2025-12-03 10:48:15.797 +0700
2801,MACHINING,Process Machining,Finishing,"",true,false,,,16,247,2025-12-03 10:48:15.809 +0700
2802,MACHINING,Dimension After Machining,"89.93",mm,false,true,,,35,246,2025-12-03 10:48:15.820 +0700
2803,MACHINING,RPM (Spindle Speed),"300",Rpm,false,true,,,26,246,2025-12-03 10:48:15.841 +0700
2804,MACHINING,Feeding,"5",mm/rev,false,true,,,30,246,2025-12-03 10:48:15.868 +0700
2805,MACHINING,Depth of Cut,"",mm,false,true,,,32,246,2025-12-03 10:48:15.889 +0700
2806,MACHINING,Lubrication,Oil,"",true,false,,,33,246,2025-12-03 10:48:15.910 +0700
2807,MACHINING,Condition Material After Machining,On Spec,"",true,false,,,36,246,2025-12-03 10:48:15.930 +0700
2808,MACHINING,Feeding,"5",mm/rev,false,true,,,30,245,2025-12-03 10:48:15.948 +0700
2809,MACHINING,Operator Note,Hasil machining oval dan taper,"",false,false,,,49,246,2025-12-03 10:48:15.966 +0700
2810,MACHINING,Depth of Cut,"",mm,false,true,,,32,245,2025-12-03 10:48:15.975 +0700
2811,MACHINING,Operator Note,Hasil machining oval dan taper,"",false,false,,,49,244,2025-12-03 10:48:15.979 +0700
2812,MACHINING,Material Type,Manufacture/Raw Material,"",true,false,,,62,247,2025-12-03 10:48:16.273 +0700
2813,MACHINING,Lubrication,Oil,"",true,false,,,33,245,2025-12-03 10:48:16.679 +0700
2814,MACHINING,Consumable Insert,Dmng,"",true,false,,,17,247,2025-12-03 10:48:17.599 +0700
2815,MACHINING,Condition Material After Machining,On Spec,"",true,false,,,36,245,2025-12-03 10:48:17.599 +0700
2816,MACHINING,Length Machining,"1829",mm,false,true,,,20,247,2025-12-03 10:48:17.620 +0700
2817,MACHINING,Operator Note,Hasil machining oval dan taper,"",false,false,,,49,245,2025-12-03 10:48:17.624 +0700
2818,MACHINING,Dimension Before Machining,"100",mm,false,true,,,19,247,2025-12-03 10:48:17.646 +0700
2819,MACHINING,Dimension After Machining,"89.93",mm,false,true,,,35,247,2025-12-03 10:48:18.403 +0700
2820,MACHINING,RPM (Spindle Speed),"300",Rpm,false,true,,,26,247,2025-12-03 10:48:18.427 +0700
2821,MACHINING,Feeding,"5",mm/rev,false,true,,,30,247,2025-12-03 10:48:18.452 +0700
2822,MACHINING,Depth of Cut,"",mm,false,true,,,32,247,2025-12-03 10:48:18.472 +0700
2823,MACHINING,Lubrication,Oil,"",true,false,,,33,247,2025-12-03 10:48:18.505 +0700
2824,MACHINING,Condition Material After Machining,On Spec,"",true,false,,,36,247,2025-12-03 10:48:18.542 +0700
2825,MACHINING,Operator Note,Hasil machining oval dan taper,"",false,false,,,49,247,2025-12-03 10:48:18.573 +0700
2826,MACHINING,Process Machining,Finishing,"",true,false,,,16,248,2025-12-03 16:09:49.691 +0700
2827,MACHINING,Material Type,Manufacture/Raw Material,"",true,false,,,62,248,2025-12-03 16:09:49.717 +0700
2828,MACHINING,Consumable Insert,BA101,"",true,false,,,17,248,2025-12-03 16:09:49.746 +0700
2829,MACHINING,Length Machining,"338",mm,false,true,,,20,248,2025-12-03 16:09:49.770 +0700
2830,MACHINING,Dimension Before Machining,"254.5",mm,false,true,,,19,248,2025-12-03 16:09:49.793 +0700
2831,MACHINING,Dimension After Machining,"253.5",mm,false,true,,,35,248,2025-12-03 16:09:49.815 +0700
2832,MACHINING,RPM (Spindle Speed),"170",Rpm,false,true,,,26,248,2025-12-03 16:09:49.831 +0700
2833,MACHINING,Feeding,"0.13",mm/rev,false,true,,,30,248,2025-12-03 16:09:49.854 +0700
2834,MACHINING,Depth of Cut,"1.5",mm,false,true,,,32,248,2025-12-03 16:09:49.872 +0700
2835,MACHINING,Lubrication,Dry,"",true,false,,,33,248,2025-12-03 16:09:49.908 +0700
2836,MACHINING,Condition Material After Machining,On Spec,"",true,false,,,36,248,2025-12-03 16:09:49.922 +0700
2837,MACHINING,Operator Note,Hasil machining oval dan taper,"",false,false,,,49,248,2025-12-03 16:09:49.948 +0700
2838,MACHINING,Process Machining,Roughing,"",true,false,,,16,249,2025-12-03 16:41:25.243 +0700
2839,MACHINING,Material Type,Manufacture/Raw Material,"",true,false,,,62,249,2025-12-03 16:41:25.281 +0700
2840,MACHINING,Consumable Insert,BA101,"",true,false,,,17,249,2025-12-03 16:41:25.300 +0700
2841,MACHINING,Length Machining,"350",mm,false,true,,,20,249,2025-12-03 16:41:25.329 +0700
2842,MACHINING,Dimension Before Machining,"350",mm,false,true,,,19,249,2025-12-03 16:41:25.343 +0700
2843,MACHINING,Dimension After Machining,"310",mm,false,true,,,35,249,2025-12-03 16:41:25.375 +0700
2844,MACHINING,RPM (Spindle Speed),"95",Rpm,false,true,,,26,249,2025-12-03 16:41:25.385 +0700
2845,MACHINING,Feeding,"0.15",mm/rev,false,true,,,30,249,2025-12-03 16:41:25.401 +0700
2846,MACHINING,Depth of Cut,"5",mm,false,true,,,32,249,2025-12-03 16:41:25.434 +0700
2847,MACHINING,Lubrication,Dry,"",true,false,,,33,249,2025-12-03 16:41:25.443 +0700
2848,MACHINING,Condition Material After Machining,Over Size,"",true,false,,,36,249,2025-12-03 16:41:25.477 +0700
2849,MACHINING,Operator Note,Hasil machining oval dan taper,"",false,false,,,49,249,2025-12-03 16:41:25.498 +0700
2850,MACHINING,Process Machining,Honing,"",true,false,,,16,250,2025-12-04 00:20:36.874 +0700
2851,MACHINING,Material Type,Manufacture/Raw Material,"",true,false,,,62,250,2025-12-04 00:20:36.900 +0700
2852,MACHINING,Consumable Insert,Stone W47A45,"",true,false,,,17,250,2025-12-04 00:20:36.913 +0700
2853,MACHINING,Length Machining,"1765",mm,false,true,,,20,250,2025-12-04 00:20:36.937 +0700
2854,MACHINING,Dimension Before Machining,"140.00",mm,false,true,,,19,250,2025-12-04 00:20:36.965 +0700
2855,MACHINING,Dimension After Machining,"140.020",mm,false,true,,,35,250,2025-12-04 00:20:36.987 +0700
2856,MACHINING,RPM (Spindle Speed),"70",Rpm,false,true,,,26,250,2025-12-04 00:20:37.006 +0700
2857,MACHINING,Feeding,"15",mm/rev,false,true,,,30,250,2025-12-04 00:20:37.020 +0700
2858,MACHINING,Depth of Cut,"0.010",mm,false,true,,,32,250,2025-12-04 00:20:37.039 +0700
2859,MACHINING,Lubrication,Coolant,"",true,false,,,33,250,2025-12-04 00:20:37.061 +0700
2860,MACHINING,Condition Material After Machining,On Spec,"",true,false,,,36,250,2025-12-04 00:20:37.086 +0700
2861,MACHINING,Operator Note,Lanjut proses selanjutnya,"",false,false,,,49,250,2025-12-04 00:20:37.104 +0700
2862,MACHINING,Process Machining,Roughing,"",true,false,,,16,251,2025-12-04 07:00:15.357 +0700
2863,MACHINING,Material Type,Manufacture/Raw Material,"",true,false,,,62,251,2025-12-04 07:00:15.379 +0700
2864,MACHINING,Consumable Insert,BA101,"",true,false,,,17,251,2025-12-04 07:00:15.402 +0700
2865,MACHINING,Length Machining,"180",mm,false,true,,,20,251,2025-12-04 07:00:15.425 +0700
2866,MACHINING,Dimension Before Machining,"88.85",mm,false,true,,,19,251,2025-12-04 07:00:15.462 +0700
2867,MACHINING,Dimension After Machining,"31.00",mm,false,true,,,35,251,2025-12-04 07:00:15.481 +0700
2868,MACHINING,RPM (Spindle Speed),"170",Rpm,false,true,,,26,251,2025-12-04 07:00:15.497 +0700
2869,MACHINING,Feeding,"0.2",mm/rev,false,true,,,30,251,2025-12-04 07:00:15.520 +0700
2870,MACHINING,Depth of Cut,"2",mm,false,true,,,32,251,2025-12-04 07:00:15.564 +0700
2871,MACHINING,Lubrication,Coolant,"",true,false,,,33,251,2025-12-04 07:00:15.579 +0700
2872,MACHINING,Condition Material After Machining,Over Size,"",true,false,,,36,251,2025-12-04 07:00:15.605 +0700
2873,MACHINING,Operator Note,"","",false,false,,,49,251,2025-12-04 07:00:15.622 +0700
2874,MACHINING,Process Machining,Finishing,"",true,false,,,16,253,2025-12-04 12:52:28.943 +0700
2875,MACHINING,Material Type,Welding,"",true,false,,,62,253,2025-12-04 12:52:28.965 +0700
2876,MACHINING,Consumable Insert,Ccmt 304,"",true,false,,,17,253,2025-12-04 12:52:28.982 +0700
2877,MACHINING,Length Machining,"66",mm,false,true,,,20,253,2025-12-04 12:52:29.005 +0700
2878,MACHINING,Dimension Before Machining,"108",mm,false,true,,,19,253,2025-12-04 12:52:29.031 +0700
2879,MACHINING,Dimension After Machining,"120.65",mm,false,true,,,35,253,2025-12-04 12:52:29.049 +0700
2880,MACHINING,RPM (Spindle Speed),"160",Rpm,false,true,,,26,253,2025-12-04 12:52:29.066 +0700
2881,MACHINING,Feeding,"0015",mm/rev,false,true,,,30,253,2025-12-04 12:52:29.091 +0700
2882,MACHINING,Depth of Cut,"0.5",mm,false,true,,,32,253,2025-12-04 12:52:29.107 +0700
2883,MACHINING,Lubrication,Dry,"",true,false,,,33,253,2025-12-04 12:52:29.133 +0700
2884,MACHINING,Condition Material After Machining,On Spec,"",true,false,,,36,253,2025-12-04 12:52:29.155 +0700
2885,MACHINING,Operator Note,Barang banyak pros dan slek mengakibatkan jam membengkak,"",false,false,,,49,253,2025-12-04 12:52:29.181 +0700
2886,MACHINING,Process Machining,Finishing,"",true,false,,,16,254,2025-12-04 16:59:15.447 +0700
2887,MACHINING,Material Type,Manufacture/Raw Material,"",true,false,,,62,254,2025-12-04 16:59:15.467 +0700
2888,MACHINING,Consumable Insert,BA101,"",true,false,,,17,254,2025-12-04 16:59:15.572 +0700
2889,MACHINING,Length Machining,"40",mm,false,true,,,20,254,2025-12-04 16:59:15.619 +0700
2890,MACHINING,Dimension Before Machining,"88.9",mm,false,true,,,19,254,2025-12-04 16:59:15.642 +0700
2891,MACHINING,Dimension After Machining,"104.8",mm,false,true,,,35,254,2025-12-04 16:59:15.677 +0700
2892,MACHINING,RPM (Spindle Speed),"12.5",Rpm,false,true,,,26,254,2025-12-04 16:59:15.698 +0700
2893,MACHINING,Feeding,"0.1",mm/rev,false,true,,,30,254,2025-12-04 16:59:15.718 +0700
2894,MACHINING,Depth of Cut,"1",mm,false,true,,,32,254,2025-12-04 16:59:15.744 +0700
2895,MACHINING,Lubrication,Tap Matic,"",true,false,,,33,254,2025-12-04 16:59:15.769 +0700
2896,MACHINING,Condition Material After Machining,On Spec,"",true,false,,,36,254,2025-12-04 16:59:15.791 +0700
2897,MACHINING,Operator Note,Hasil machining oval dan taper,"",false,false,,,49,254,2025-12-04 16:59:15.813 +0700
2898,HCP - Plating,Plating Time (hours),"5",Hours,false,true,,,50,255,2025-12-06 01:23:30.065 +0700
2899,HCP - Plating,Temperatur Plating (C),"53",Celcius,false,true,,,51,255,2025-12-06 01:23:30.167 +0700
2900,HCP - Plating,Arus Plating (A),"350",Ampere,false,true,,,52,255,2025-12-06 01:23:30.202 +0700
2901,HCP - Plating,Voltage (V),"8",Volt,false,true,,,134,255,2025-12-06 01:23:30.226 +0700
2902,HCP - Plating,Number Tank,"1","",true,false,,,59,255,2025-12-06 01:23:30.245 +0700
2903,HCP - Plating,Jumlah Process Chrome (Kali),"1","",true,false,,,60,255,2025-12-06 01:23:30.269 +0700
2904,HCP - Plating,Defect,No Defect,"",true,false,,,54,255,2025-12-06 01:23:30.291 +0700
2905,HCP - Plating,Solving,Final polish,"",true,false,,,53,255,2025-12-06 01:23:30.319 +0700
2906,HCP - Plating,Note Plating,"","",false,false,,,136,255,2025-12-06 01:23:30.336 +0700
2907,MACHINING,Process Machining,Roughing,"",true,false,,,16,256,2025-12-06 14:39:29.580 +0700
2908,MACHINING,Material Type,Manufacture/Raw Material,"",true,false,,,62,256,2025-12-06 14:39:29.605 +0700
2909,MACHINING,Consumable Insert,BA101,"",true,false,,,17,256,2025-12-06 14:39:29.619 +0700
2910,MACHINING,Length Machining,"353",mm,false,true,,,20,256,2025-12-06 14:39:29.638 +0700
2911,MACHINING,Dimension Before Machining,"155",mm,false,true,,,19,256,2025-12-06 14:39:29.649 +0700
2912,MACHINING,Dimension After Machining,"123",mm,false,true,,,35,256,2025-12-06 14:39:29.678 +0700
2913,MACHINING,RPM (Spindle Speed),"170",Rpm,false,true,,,26,256,2025-12-06 14:39:29.690 +0700
2914,MACHINING,Feeding,"0.15",mm/rev,false,true,,,30,256,2025-12-06 14:39:29.712 +0700
2915,MACHINING,Depth of Cut,"5",mm,false,true,,,32,256,2025-12-06 14:39:29.734 +0700
2916,MACHINING,Lubrication,Coolant,"",true,false,,,33,256,2025-12-06 14:39:29.751 +0700
2917,MACHINING,Condition Material After Machining,Over Size,"",true,false,,,36,256,2025-12-06 14:39:29.766 +0700
2918,MACHINING,Operator Note,"","",false,false,,,49,256,2025-12-06 14:39:29.789 +0700
2919,MACHINING,Process Machining,Finishing,"",true,false,,,16,257,2025-12-06 14:40:40.393 +0700
2920,MACHINING,Material Type,Manufacture/Raw Material,"",true,false,,,62,257,2025-12-06 14:40:40.548 +0700
2921,MACHINING,Consumable Insert,BA101,"",true,false,,,17,257,2025-12-06 14:40:40.625 +0700
2922,MACHINING,Length Machining,"113",mm,false,true,,,20,257,2025-12-06 14:40:40.662 +0700
2923,MACHINING,Dimension Before Machining,"123",mm,false,true,,,19,257,2025-12-06 14:40:40.682 +0700
2924,MACHINING,Dimension After Machining,"72",mm,false,true,,,35,257,2025-12-06 14:40:40.707 +0700
2925,MACHINING,RPM (Spindle Speed),"170",Rpm,false,true,,,26,257,2025-12-06 14:40:40.738 +0700
2926,MACHINING,Feeding,"0.15",mm/rev,false,true,,,30,257,2025-12-06 14:40:40.762 +0700
2927,MACHINING,Depth of Cut,"5",mm,false,true,,,32,257,2025-12-06 14:40:40.775 +0700
2928,MACHINING,Lubrication,Coolant,"",true,false,,,33,257,2025-12-06 14:40:40.801 +0700
2929,MACHINING,Condition Material After Machining,On Spec,"",true,false,,,36,257,2025-12-06 14:40:40.817 +0700
2930,MACHINING,Operator Note,"","",false,false,,,49,257,2025-12-06 14:40:40.836 +0700
2931,MACHINING,Process Machining,Finishing,"",true,false,,,16,259,2025-12-08 12:37:29.716 +0700
2932,MACHINING,Material Type,Arc Spray,"",true,false,,,62,259,2025-12-08 12:37:29.738 +0700
2933,MACHINING,Consumable Insert,Dnmg,"",true,false,,,17,259,2025-12-08 12:37:29.769 +0700
2934,MACHINING,Length Machining,"40",mm,false,true,,,20,259,2025-12-08 12:37:29.807 +0700
2935,MACHINING,Dimension Before Machining,"131.5",mm,false,true,,,19,259,2025-12-08 12:37:29.862 +0700
2936,MACHINING,Dimension After Machining,"133.507",mm,false,true,,,35,259,2025-12-08 12:37:29.886 +0700
2937,MACHINING,RPM (Spindle Speed),"40",Rpm,false,true,,,26,259,2025-12-08 12:37:29.920 +0700
2938,MACHINING,Feeding,"0.14",mm/rev,false,true,,,30,259,2025-12-08 12:37:29.939 +0700
2939,MACHINING,Depth of Cut,"0.4",mm,false,true,,,32,259,2025-12-08 12:37:29.963 +0700
2940,MACHINING,Lubrication,Coolant,"",true,false,,,33,259,2025-12-08 12:37:29.977 +0700
2941,MACHINING,Condition Material After Machining,On Spec,"",true,false,,,36,259,2025-12-08 12:37:29.996 +0700
2942,MACHINING,Operator Note,"","",false,false,,,49,259,2025-12-08 12:37:30.023 +0700
2943,MACHINING,Process Machining,Finishing,"",true,false,,,16,260,2025-12-08 12:38:45.389 +0700
2944,MACHINING,Material Type,Arc Spray,"",true,false,,,62,260,2025-12-08 12:38:45.410 +0700
2945,MACHINING,Consumable Insert,Dnmg,"",true,false,,,17,260,2025-12-08 12:38:45.431 +0700
2946,MACHINING,Length Machining,"40",mm,false,true,,,20,260,2025-12-08 12:38:45.454 +0700
2947,MACHINING,Dimension Before Machining,"142",mm,false,true,,,19,260,2025-12-08 12:38:45.485 +0700
2948,MACHINING,Dimension After Machining,"139.857",mm,false,true,,,35,260,2025-12-08 12:38:45.500 +0700
2949,MACHINING,RPM (Spindle Speed),"40",Rpm,false,true,,,26,260,2025-12-08 12:38:45.516 +0700
2950,MACHINING,Feeding,"0.14",mm/rev,false,true,,,30,260,2025-12-08 12:38:45.539 +0700
2951,MACHINING,Depth of Cut,"0.6",mm,false,true,,,32,260,2025-12-08 12:38:45.557 +0700
2952,MACHINING,Lubrication,Coolant,"",true,false,,,33,260,2025-12-08 12:38:45.579 +0700
2953,MACHINING,Condition Material After Machining,On Spec,"",true,false,,,36,260,2025-12-08 12:38:45.599 +0700
2954,MACHINING,Operator Note,"","",false,false,,,49,260,2025-12-08 12:38:45.615 +0700
2955,MACHINING,Process Machining,Threading,"",true,false,,,16,261,2025-12-08 12:40:11.027 +0700
2956,MACHINING,Material Type,Manufacture/Raw Material,"",true,false,,,62,261,2025-12-08 12:40:11.052 +0700
2957,MACHINING,Consumable Insert,Hss,"",true,false,,,17,261,2025-12-08 12:40:11.084 +0700
2958,MACHINING,Length Machining,"135",mm,false,true,,,20,261,2025-12-08 12:40:11.112 +0700
2959,MACHINING,Dimension Before Machining,"120",mm,false,true,,,19,261,2025-12-08 12:40:11.146 +0700
2960,MACHINING,Dimension After Machining,"118",mm,false,true,,,35,261,2025-12-08 12:40:11.174 +0700
2961,MACHINING,RPM (Spindle Speed),"95",Rpm,false,true,,,26,261,2025-12-08 12:40:11.208 +0700
2962,MACHINING,Feeding,"2",mm/rev,false,true,,,30,261,2025-12-08 12:40:11.239 +0700
2963,MACHINING,Depth of Cut,"0.5",mm,false,true,,,32,261,2025-12-08 12:40:11.252 +0700
2964,MACHINING,Lubrication,Dry,"",true,false,,,33,261,2025-12-08 12:40:11.270 +0700
2965,MACHINING,Condition Material After Machining,On Spec,"",true,false,,,36,261,2025-12-08 12:40:11.296 +0700
2966,MACHINING,Operator Note,Thread done,"",false,false,,,49,261,2025-12-08 12:40:11.316 +0700
2967,MACHINING,Process Machining,Roughing,"",true,false,,,16,262,2025-12-09 03:25:39.411 +0700
2968,MACHINING,Material Type,Manufacture/Raw Material,"",true,false,,,62,262,2025-12-09 03:25:39.431 +0700
2969,MACHINING,Consumable Insert,BA101,"",true,false,,,17,262,2025-12-09 03:25:39.452 +0700
2970,MACHINING,Length Machining,"27",mm,false,true,,,20,262,2025-12-09 03:25:39.469 +0700
2971,MACHINING,Dimension Before Machining,"357",mm,false,true,,,19,262,2025-12-09 03:25:39.484 +0700
2972,MACHINING,Dimension After Machining,"330",mm,false,true,,,35,262,2025-12-09 03:25:39.540 +0700
2973,MACHINING,RPM (Spindle Speed),"170",Rpm,false,true,,,26,262,2025-12-09 03:25:39.561 +0700
2974,MACHINING,Feeding,"0.22",mm/rev,false,true,,,30,262,2025-12-09 03:25:39.576 +0700
2975,MACHINING,Depth of Cut,"4.0",mm,false,true,,,32,262,2025-12-09 03:25:39.589 +0700
2976,MACHINING,Lubrication,Dry,"",true,false,,,33,262,2025-12-09 03:25:39.606 +0700
2977,MACHINING,Condition Material After Machining,On Spec,"",true,false,,,36,262,2025-12-09 03:25:39.635 +0700
2978,MACHINING,Operator Note,"","",false,false,,,49,262,2025-12-09 03:25:39.650 +0700
2979,MACHINING,Process Machining,Roughing,"",true,false,,,16,263,2025-12-09 03:27:26.178 +0700
2980,MACHINING,Material Type,Manufacture/Raw Material,"",true,false,,,62,263,2025-12-09 03:27:26.198 +0700
2981,MACHINING,Consumable Insert,BA101,"",true,false,,,17,263,2025-12-09 03:27:26.213 +0700
2982,MACHINING,Length Machining,"1000",mm,false,true,,,20,263,2025-12-09 03:27:26.231 +0700
2983,MACHINING,Dimension Before Machining,"155",mm,false,true,,,19,263,2025-12-09 03:27:26.249 +0700
2984,MACHINING,Dimension After Machining,"154",mm,false,true,,,35,263,2025-12-09 03:27:26.274 +0700
2985,MACHINING,RPM (Spindle Speed),"125",Rpm,false,true,,,26,263,2025-12-09 03:27:26.287 +0700
2986,MACHINING,Feeding,"0.22",mm/rev,false,true,,,30,263,2025-12-09 03:27:26.304 +0700
2987,MACHINING,Depth of Cut,"1.0",mm,false,true,,,32,263,2025-12-09 03:27:26.322 +0700
2988,MACHINING,Lubrication,Dry,"",true,false,,,33,263,2025-12-09 03:27:26.338 +0700
2989,MACHINING,Condition Material After Machining,Lanjut machining,"",true,false,,,36,263,2025-12-09 03:27:26.355 +0700
2990,MACHINING,Operator Note,"","",false,false,,,49,263,2025-12-09 03:27:26.379 +0700
2991,MACHINING,Process Machining,Roughing,"",true,false,,,16,264,2025-12-09 04:27:25.145 +0700
2992,MACHINING,Material Type,Welding,"",true,false,,,62,264,2025-12-09 04:27:25.168 +0700
2993,MACHINING,Consumable Insert,CCMT302,"",true,false,,,17,264,2025-12-09 04:27:25.187 +0700
2994,MACHINING,Length Machining,"250",mm,false,true,,,20,264,2025-12-09 04:27:25.198 +0700
2995,MACHINING,Dimension Before Machining,"170",mm,false,true,,,19,264,2025-12-09 04:27:25.229 +0700
2996,MACHINING,Dimension After Machining,"179.3",mm,false,true,,,35,264,2025-12-09 04:27:25.238 +0700
2997,MACHINING,RPM (Spindle Speed),"80",Rpm,false,true,,,26,264,2025-12-09 04:27:25.258 +0700
2998,MACHINING,Feeding,"0.20",mm/rev,false,true,,,30,264,2025-12-09 04:27:25.272 +0700
2999,MACHINING,Depth of Cut,"2.0",mm,false,true,,,32,264,2025-12-09 04:27:25.296 +0700
3000,MACHINING,Lubrication,Dry,"",true,false,,,33,264,2025-12-09 04:27:25.307 +0700
3001,MACHINING,Condition Material After Machining,Lanjut machining,"",true,false,,,36,264,2025-12-09 04:27:25.332 +0700
3002,MACHINING,Operator Note,"","",false,false,,,49,264,2025-12-09 04:27:25.350 +0700
3003,MACHINING,Process Machining,Roughing,"",true,false,,,16,265,2025-12-09 04:27:49.219 +0700
3004,MACHINING,Material Type,Manufacture/Raw Material,"",true,false,,,62,265,2025-12-09 04:27:49.237 +0700
3005,MACHINING,Consumable Insert,BA101,"",true,false,,,17,265,2025-12-09 04:27:49.266 +0700
3006,MACHINING,Length Machining,"1075.6",mm,false,true,,,20,265,2025-12-09 04:27:49.311 +0700
3007,MACHINING,Dimension Before Machining,"233",mm,false,true,,,19,265,2025-12-09 04:27:49.325 +0700
3008,MACHINING,Dimension After Machining,"289",mm,false,true,,,35,265,2025-12-09 04:27:49.342 +0700
3009,MACHINING,RPM (Spindle Speed),"320",Rpm,false,true,,,26,265,2025-12-09 04:27:49.360 +0700
3010,MACHINING,Feeding,"3",mm/rev,false,true,,,30,265,2025-12-09 04:27:49.380 +0700
3011,MACHINING,Depth of Cut,"2",mm,false,true,,,32,265,2025-12-09 04:27:49.399 +0700
3012,MACHINING,Lubrication,Coolant,"",true,false,,,33,265,2025-12-09 04:27:49.432 +0700
3013,MACHINING,Condition Material After Machining,Over Size,"",true,false,,,36,265,2025-12-09 04:27:49.451 +0700
3014,MACHINING,Operator Note,Agus kardian,"",false,false,,,49,265,2025-12-09 04:27:49.468 +0700
3015,MACHINING,Process Machining,Roughing,"",true,false,,,16,266,2025-12-09 15:51:57.371 +0700
3016,MACHINING,Material Type,Manufacture/Raw Material,"",true,false,,,62,266,2025-12-09 15:51:57.405 +0700
3017,MACHINING,Consumable Insert,Dmng,"",true,false,,,17,266,2025-12-09 15:51:57.429 +0700
3018,MACHINING,Length Machining,"15",mm,false,true,,,20,266,2025-12-09 15:51:57.461 +0700
3019,MACHINING,Dimension Before Machining,"25",mm,false,true,,,19,266,2025-12-09 15:51:57.499 +0700
3020,MACHINING,Dimension After Machining,"19",mm,false,true,,,35,266,2025-12-09 15:51:57.519 +0700
3021,MACHINING,RPM (Spindle Speed),"330",Rpm,false,true,,,26,266,2025-12-09 15:51:57.534 +0700
3022,MACHINING,Feeding,"4",mm/rev,false,true,,,30,266,2025-12-09 15:51:57.572 +0700
3023,MACHINING,Depth of Cut,"1",mm,false,true,,,32,266,2025-12-09 15:51:57.610 +0700
3024,MACHINING,Lubrication,Coolant,"",true,false,,,33,266,2025-12-09 15:51:57.629 +0700
3025,MACHINING,Condition Material After Machining,On Spec,"",true,false,,,36,266,2025-12-09 15:51:57.658 +0700
3026,MACHINING,Operator Note,Ok,"",false,false,,,49,266,2025-12-09 15:51:57.674 +0700
3027,MACHINING,Process Machining,Roughing,"",true,false,,,16,267,2025-12-10 00:53:40.165 +0700
3028,MACHINING,Material Type,Manufacture/Raw Material,"",true,false,,,62,267,2025-12-10 00:53:40.255 +0700
3029,MACHINING,Consumable Insert,BA101,"",true,false,,,17,267,2025-12-10 00:53:40.287 +0700
3030,MACHINING,Length Machining,"2560",mm,false,true,,,20,267,2025-12-10 00:53:40.308 +0700
3031,MACHINING,Dimension Before Machining,"274",mm,false,true,,,19,267,2025-12-10 00:53:40.353 +0700
3032,MACHINING,Dimension After Machining,"270.200",mm,false,true,,,35,267,2025-12-10 00:53:40.371 +0700
3033,MACHINING,RPM (Spindle Speed),"73",Rpm,false,true,,,26,267,2025-12-10 00:53:40.395 +0700
3034,MACHINING,Feeding,"6",mm/rev,false,true,,,30,267,2025-12-10 00:53:40.412 +0700
3035,MACHINING,Depth of Cut,"1.5",mm,false,true,,,32,267,2025-12-10 00:53:40.463 +0700
3036,MACHINING,Lubrication,Coolant,"",true,false,,,33,267,2025-12-10 00:53:40.479 +0700
3037,MACHINING,Condition Material After Machining,Over Size,"",true,false,,,36,267,2025-12-10 00:53:40.501 +0700
3038,MACHINING,Operator Note,Agus kardian,"",false,false,,,49,267,2025-12-10 00:53:40.558 +0700
3039,General Welding,Welding Process,Cap,"",true,false,,,34,268,2025-12-10 02:54:43.373 +0700
3040,General Welding,Filler Material,"","",true,false,,,37,268,2025-12-10 02:54:43.398 +0700
3041,General Welding,Electrode Type,FCAW,"",true,false,,,38,268,2025-12-10 02:54:43.421 +0700
3042,General Welding,Wire Diameter,"1,6 mm","",true,false,,,39,268,2025-12-10 02:54:43.440 +0700
3043,General Welding,Material Thickness,"120","",false,true,,,48,268,2025-12-10 02:54:43.471 +0700
3044,General Welding,Position Welding,"2G","",true,false,,,40,268,2025-12-10 02:54:43.493 +0700
3045,General Welding,Pre heat,"165",deg C,false,true,,,41,268,2025-12-10 02:54:43.516 +0700
3046,General Welding,Gas Flowrate,"25",lpm,false,true,,,42,268,2025-12-10 02:54:43.542 +0700
3047,General Welding,Amperage,"264",A,false,true,,,43,268,2025-12-10 02:54:43.565 +0700
3048,General Welding,Voltage,"24.6",V,false,true,,,44,268,2025-12-10 02:54:43.577 +0700
3049,General Welding,Temperature After Welding,"120",deg C,false,true,,,45,268,2025-12-10 02:54:43.598 +0700
3050,General Welding,Treatment After Welding,Peening,"",true,false,,,46,268,2025-12-10 02:54:43.611 +0700
3051,General Welding,Operator Note,"","",false,false,,,47,268,2025-12-10 02:54:43.625 +0700
3052,MACHINING,Process Machining,Finishing,"",true,false,,,16,269,2025-12-10 04:13:30.460 +0700
3053,MACHINING,Material Type,Arc Spray,"",true,false,,,62,269,2025-12-10 04:13:30.494 +0700
3054,MACHINING,Consumable Insert,BA101,"",true,false,,,17,269,2025-12-10 04:13:30.525 +0700
3055,MACHINING,Length Machining,"",mm,false,true,,,20,269,2025-12-10 04:13:30.544 +0700
3056,MACHINING,Dimension Before Machining,"189.500",mm,false,true,,,19,269,2025-12-10 04:13:30.564 +0700
3057,MACHINING,Dimension After Machining,"190.590",mm,false,true,,,35,269,2025-12-10 04:13:30.582 +0700
3058,MACHINING,RPM (Spindle Speed),"100",Rpm,false,true,,,26,269,2025-12-10 04:13:30.638 +0700
3059,MACHINING,Feeding,"00.10",mm/rev,false,true,,,30,269,2025-12-10 04:13:30.666 +0700
3060,MACHINING,Depth of Cut,"0.1",mm,false,true,,,32,269,2025-12-10 04:13:30.683 +0700
3061,MACHINING,Lubrication,Coolant,"",true,false,,,33,269,2025-12-10 04:13:30.733 +0700
3062,MACHINING,Condition Material After Machining,On Spec,"",true,false,,,36,269,2025-12-10 04:13:30.761 +0700
3063,MACHINING,Operator Note,"","",false,false,,,49,269,2025-12-10 04:13:30.774 +0700
3064,MACHINING,Process Machining,Roughing,"",true,false,,,16,270,2025-12-10 14:50:23.015 +0700
3065,MACHINING,Material Type,Welding,"",true,false,,,62,270,2025-12-10 14:50:23.050 +0700
3066,MACHINING,Consumable Insert,BA402,"",true,false,,,17,270,2025-12-10 14:50:23.118 +0700
3067,MACHINING,Length Machining,"70",mm,false,true,,,20,270,2025-12-10 14:50:23.152 +0700
3068,MACHINING,Dimension Before Machining,"55",mm,false,true,,,19,270,2025-12-10 14:50:23.173 +0700
3069,MACHINING,Dimension After Machining,"48",mm,false,true,,,35,270,2025-12-10 14:50:23.198 +0700
3070,MACHINING,RPM (Spindle Speed),"330",Rpm,false,true,,,26,270,2025-12-10 14:50:23.256 +0700
3071,MACHINING,Feeding,"3",mm/rev,false,true,,,30,270,2025-12-10 14:50:23.298 +0700
3072,MACHINING,Depth of Cut,"1",mm,false,true,,,32,270,2025-12-10 14:50:23.320 +0700
3073,MACHINING,Lubrication,Coolant,"",true,false,,,33,270,2025-12-10 14:50:23.336 +0700
3074,MACHINING,Condition Material After Machining,Tapper,"",true,false,,,36,270,2025-12-10 14:50:23.367 +0700
3075,MACHINING,Operator Note,Taper 50 micron ,"",false,false,,,49,270,2025-12-10 14:50:23.395 +0700
3076,MACHINING,Process Machining,Finishing,"",true,false,,,16,271,2025-12-11 02:05:26.475 +0700
3077,MACHINING,Material Type,Manufacture/Raw Material,"",true,false,,,62,271,2025-12-11 02:05:26.502 +0700
3078,MACHINING,Consumable Insert,BA101,"",true,false,,,17,271,2025-12-11 02:05:26.522 +0700
3079,MACHINING,Length Machining,"85",mm,false,true,,,20,271,2025-12-11 02:05:26.537 +0700
3080,MACHINING,Dimension Before Machining,"",mm,false,true,,,19,271,2025-12-11 02:05:26.557 +0700
3081,MACHINING,Dimension After Machining,"132.85",mm,false,true,,,35,271,2025-12-11 02:05:26.577 +0700
3082,MACHINING,RPM (Spindle Speed),"400",Rpm,false,true,,,26,271,2025-12-11 02:05:26.594 +0700
3083,MACHINING,Feeding,"00.10",mm/rev,false,true,,,30,271,2025-12-11 02:05:26.610 +0700
3084,MACHINING,Depth of Cut,"00.20",mm,false,true,,,32,271,2025-12-11 02:05:26.626 +0700
3085,MACHINING,Lubrication,Dry,"",true,false,,,33,271,2025-12-11 02:05:26.643 +0700
3086,MACHINING,Condition Material After Machining,On Spec,"",true,false,,,36,271,2025-12-11 02:05:26.667 +0700
3087,MACHINING,Operator Note,"","",false,false,,,49,271,2025-12-11 02:05:26.685 +0700
3088,MACHINING,Process Machining,Finishing,"",true,false,,,16,272,2025-12-11 02:06:11.102 +0700
3089,MACHINING,Material Type,Manufacture/Raw Material,"",true,false,,,62,272,2025-12-11 02:06:11.118 +0700
3090,MACHINING,Consumable Insert,BA101,"",true,false,,,17,272,2025-12-11 02:06:11.144 +0700
3091,MACHINING,Length Machining,"",mm,false,true,,,20,272,2025-12-11 02:06:11.158 +0700
3092,MACHINING,Dimension Before Machining,"",mm,false,true,,,19,272,2025-12-11 02:06:11.180 +0700
3093,MACHINING,Dimension After Machining,"",mm,false,true,,,35,272,2025-12-11 02:06:11.199 +0700
3094,MACHINING,RPM (Spindle Speed),"100",Rpm,false,true,,,26,272,2025-12-11 02:06:11.217 +0700
3095,MACHINING,Feeding,"00.10",mm/rev,false,true,,,30,272,2025-12-11 02:06:11.232 +0700
3096,MACHINING,Depth of Cut,"00.20",mm,false,true,,,32,272,2025-12-11 02:06:11.254 +0700
3097,MACHINING,Lubrication,Dry,"",true,false,,,33,272,2025-12-11 02:06:11.265 +0700
3098,MACHINING,Condition Material After Machining,On Spec,"",true,false,,,36,272,2025-12-11 02:06:11.284 +0700
3099,MACHINING,Operator Note,Skim tigweld,"",false,false,,,49,272,2025-12-11 02:06:11.301 +0700
3100,General Welding,Welding Process,Fill,"",true,false,,,34,273,2025-12-11 04:14:07.087 +0700
3101,General Welding,Filler Material,Hyundai E71T,"",true,false,,,37,273,2025-12-11 04:14:07.108 +0700
3102,General Welding,Electrode Type,GMAW,"",true,false,,,38,273,2025-12-11 04:14:07.121 +0700
3103,General Welding,Wire Diameter,"1,2 mm","",true,false,,,39,273,2025-12-11 04:14:07.138 +0700
3104,General Welding,Material Thickness,"70","",false,true,,,48,273,2025-12-11 04:14:07.166 +0700
3105,General Welding,Position Welding,"2G","",true,false,,,40,273,2025-12-11 04:14:07.192 +0700
3106,General Welding,Pre heat,"175",deg C,false,true,,,41,273,2025-12-11 04:14:07.213 +0700
3107,General Welding,Gas Flowrate,"25",lpm,false,true,,,42,273,2025-12-11 04:14:07.229 +0700
3108,General Welding,Amperage,"216",A,false,true,,,43,273,2025-12-11 04:14:07.261 +0700
3109,General Welding,Voltage,"19.8",V,false,true,,,44,273,2025-12-11 04:14:07.280 +0700
3110,General Welding,Temperature After Welding,"100",deg C,false,true,,,45,273,2025-12-11 04:14:07.296 +0700
3111,General Welding,Treatment After Welding,Peening,"",true,false,,,46,273,2025-12-11 04:14:07.315 +0700
3112,General Welding,Operator Note,"","",false,false,,,47,273,2025-12-11 04:14:07.331 +0700
3113,ID WELD,Pass No,"",Number,false,true,,,1,274,2025-12-11 08:47:59.732 +0700
3114,ID WELD,Filler Material,KISWEL K71TLF,"",true,false,,,2,274,2025-12-11 08:47:59.752 +0700
3115,ID WELD,Wire Diameter,"1,2 mm","",true,false,,,3,274,2025-12-11 08:47:59.806 +0700
3116,ID WELD,Diameter Before Welding,"",mm,false,true,,,5,274,2025-12-11 08:47:59.829 +0700
3117,ID WELD,Pre heat,"",deg C,false,true,,,6,274,2025-12-11 08:47:59.846 +0700
3118,ID WELD,Gas Flowrate,"",lpm,false,true,,,7,274,2025-12-11 08:47:59.884 +0700
3119,ID WELD,Amperage,"250",A,false,true,,,8,274,2025-12-11 08:47:59.910 +0700
3120,ID WELD,Voltage,"150",V,false,true,,,9,274,2025-12-11 08:47:59.930 +0700
3121,ID WELD,Control Speed,"5.5",Hz,false,true,,,4,274,2025-12-11 08:47:59.952 +0700
3122,ID WELD,Temperature After Welding,"",deg C,false,true,,,10,274,2025-12-11 08:47:59.984 +0700
3123,ID WELD,Diameter After Welding,"",mm,false,true,,,11,274,2025-12-11 08:48:00.019 +0700
3124,ID WELD,Lenght Welding,"",mm,false,true,,,12,274,2025-12-11 08:48:00.047 +0700
3125,ID WELD,Operator Note,Aman,"",false,false,,,13,274,2025-12-11 08:48:00.075 +0700
3126,ID WELD,Pass No,"1",Number,false,true,,,1,276,2025-12-11 22:32:23.744 +0700
3127,ID WELD,Filler Material,KISWEL K71TLF,"",true,false,,,2,276,2025-12-11 22:32:23.879 +0700
3128,ID WELD,Wire Diameter,"1,2 mm","",true,false,,,3,276,2025-12-11 22:32:23.898 +0700
3129,ID WELD,Diameter Before Welding,"102",mm,false,true,,,5,276,2025-12-11 22:32:23.946 +0700
3130,ID WELD,Pre heat,"131",deg C,false,true,,,6,276,2025-12-11 22:32:23.962 +0700
3131,ID WELD,Gas Flowrate,"35",lpm,false,true,,,7,276,2025-12-11 22:32:23.978 +0700
3132,ID WELD,Amperage,"190",A,false,true,,,8,276,2025-12-11 22:32:23.996 +0700
3133,ID WELD,Voltage,"25",V,false,true,,,9,276,2025-12-11 22:32:24.011 +0700
3134,ID WELD,Control Speed,"07.0",Hz,false,true,,,4,276,2025-12-11 22:32:24.058 +0700
3135,ID WELD,Temperature After Welding,"214",deg C,false,true,,,10,276,2025-12-11 22:32:24.081 +0700
3136,ID WELD,Diameter After Welding,"92",mm,false,true,,,11,276,2025-12-11 22:32:24.104 +0700
3137,ID WELD,Lenght Welding,"105",mm,false,true,,,12,276,2025-12-11 22:32:24.139 +0700
3138,ID WELD,Operator Note,"","",false,false,,,13,276,2025-12-11 22:32:24.166 +0700
3139,MACHINING,Process Machining,Honing,"",true,false,,,16,277,2025-12-12 00:46:34.811 +0700
3140,MACHINING,Material Type,Manufacture/Raw Material,"",true,false,,,62,277,2025-12-12 00:46:34.872 +0700
3141,MACHINING,Consumable Insert,W45,"",true,false,,,17,277,2025-12-12 00:46:34.915 +0700
3142,MACHINING,Length Machining,"317",mm,false,true,,,20,277,2025-12-12 00:46:34.954 +0700
3143,MACHINING,Dimension Before Machining,"215.650",mm,false,true,,,19,277,2025-12-12 00:46:34.990 +0700
3144,MACHINING,Dimension After Machining,"215.950",mm,false,true,,,35,277,2025-12-12 00:46:35.008 +0700
3145,MACHINING,RPM (Spindle Speed),"65",Rpm,false,true,,,26,277,2025-12-12 00:46:35.024 +0700
3146,MACHINING,Feeding,"15",mm/rev,false,true,,,30,277,2025-12-12 00:46:35.046 +0700
3147,MACHINING,Depth of Cut,"0.35",mm,false,true,,,32,277,2025-12-12 00:46:35.074 +0700
3148,MACHINING,Lubrication,Oil,"",true,false,,,33,277,2025-12-12 00:46:35.100 +0700
3149,MACHINING,Condition Material After Machining,On Spec,"",true,false,,,36,277,2025-12-12 00:46:35.115 +0700
3150,MACHINING,Operator Note,"","",false,false,,,49,277,2025-12-12 00:46:35.131 +0700
3151,General Welding,Welding Process,Fill,"",true,false,,,34,278,2025-12-12 03:03:42.902 +0700
3152,General Welding,Filler Material,Hyundai E71T,"",true,false,,,37,278,2025-12-12 03:03:42.931 +0700
3153,General Welding,Electrode Type,GMAW,"",true,false,,,38,278,2025-12-12 03:03:42.962 +0700
3154,General Welding,Wire Diameter,"1,2 mm","",true,false,,,39,278,2025-12-12 03:03:42.985 +0700
3155,General Welding,Material Thickness,"80","",false,true,,,48,278,2025-12-12 03:03:43.008 +0700
3156,General Welding,Position Welding,"2G","",true,false,,,40,278,2025-12-12 03:03:43.031 +0700
3157,General Welding,Pre heat,"165",deg C,false,true,,,41,278,2025-12-12 03:03:43.080 +0700
3158,General Welding,Gas Flowrate,"25",lpm,false,true,,,42,278,2025-12-12 03:03:43.124 +0700
3159,General Welding,Amperage,"175",A,false,true,,,43,278,2025-12-12 03:03:43.154 +0700
3160,General Welding,Voltage,"22.5",V,false,true,,,44,278,2025-12-12 03:03:43.175 +0700
3161,General Welding,Temperature After Welding,"120",deg C,false,true,,,45,278,2025-12-12 03:03:43.191 +0700
3162,General Welding,Treatment After Welding,Peening,"",true,false,,,46,278,2025-12-12 03:03:43.226 +0700
3163,General Welding,Operator Note,"","",false,false,,,47,278,2025-12-12 03:03:43.242 +0700
3164,General Welding,Welding Process,Cap,"",true,false,,,34,279,2025-12-12 03:05:36.412 +0700
3165,General Welding,Filler Material,"","",true,false,,,37,279,2025-12-12 03:05:36.434 +0700
3166,General Welding,Electrode Type,GMAW,"",true,false,,,38,279,2025-12-12 03:05:36.462 +0700
3167,General Welding,Wire Diameter,"1,2 mm","",true,false,,,39,279,2025-12-12 03:05:36.492 +0700
3168,General Welding,Material Thickness,"100","",false,true,,,48,279,2025-12-12 03:05:36.521 +0700
3169,General Welding,Position Welding,"2G","",true,false,,,40,279,2025-12-12 03:05:36.553 +0700
3170,General Welding,Pre heat,"175",deg C,false,true,,,41,279,2025-12-12 03:05:36.577 +0700
3171,General Welding,Gas Flowrate,"25",lpm,false,true,,,42,279,2025-12-12 03:05:36.618 +0700
3172,General Welding,Amperage,"173",A,false,true,,,43,279,2025-12-12 03:05:36.653 +0700
3173,General Welding,Voltage,"23.5",V,false,true,,,44,279,2025-12-12 03:05:36.675 +0700
3174,General Welding,Temperature After Welding,"115",deg C,false,true,,,45,279,2025-12-12 03:05:36.702 +0700
3175,General Welding,Treatment After Welding,Peening,"",true,false,,,46,279,2025-12-12 03:05:36.729 +0700
3176,General Welding,Operator Note,"","",false,false,,,47,279,2025-12-12 03:05:36.755 +0700
3177,ID WELD,Pass No,"",Number,false,true,,,1,281,2025-12-12 07:48:36.967 +0700
3178,ID WELD,Filler Material,KISWEL K71TLF,"",true,false,,,2,281,2025-12-12 07:48:37.000 +0700
3179,ID WELD,Wire Diameter,"1,2 mm","",true,false,,,3,281,2025-12-12 07:48:37.020 +0700
3180,ID WELD,Diameter Before Welding,"",mm,false,true,,,5,281,2025-12-12 07:48:37.061 +0700
3181,ID WELD,Pre heat,"150",deg C,false,true,,,6,281,2025-12-12 07:48:37.085 +0700
3182,ID WELD,Gas Flowrate,"30",lpm,false,true,,,7,281,2025-12-12 07:48:37.160 +0700
3183,ID WELD,Amperage,"200",A,false,true,,,8,281,2025-12-12 07:48:37.184 +0700
3184,ID WELD,Voltage,"250",V,false,true,,,9,281,2025-12-12 07:48:37.200 +0700
3185,ID WELD,Control Speed,"5.5",Hz,false,true,,,4,281,2025-12-12 07:48:37.227 +0700
3186,ID WELD,Temperature After Welding,"",deg C,false,true,,,10,281,2025-12-12 07:48:37.268 +0700
3187,ID WELD,Diameter After Welding,"",mm,false,true,,,11,281,2025-12-12 07:48:37.283 +0700
3188,ID WELD,Lenght Welding,"",mm,false,true,,,12,281,2025-12-12 07:48:37.299 +0700
3189,ID WELD,Operator Note,"","",false,false,,,13,281,2025-12-12 07:48:37.329 +0700
3190,ID WELD,Pass No,"",Number,false,true,,,1,284,2025-12-12 14:35:08.296 +0700
3191,ID WELD,Filler Material,KISWEL K71TLF,"",true,false,,,2,284,2025-12-12 14:35:08.323 +0700
3192,ID WELD,Wire Diameter,"1,2 mm","",true,false,,,3,284,2025-12-12 14:35:08.357 +0700
3193,ID WELD,Diameter Before Welding,"",mm,false,true,,,5,284,2025-12-12 14:35:08.384 +0700
3194,ID WELD,Pre heat,"150",deg C,false,true,,,6,284,2025-12-12 14:35:08.405 +0700
3195,ID WELD,Gas Flowrate,"30",lpm,false,true,,,7,284,2025-12-12 14:35:08.423 +0700
3196,ID WELD,Amperage,"200",A,false,true,,,8,284,2025-12-12 14:35:08.478 +0700
3197,ID WELD,Voltage,"250",V,false,true,,,9,284,2025-12-12 14:35:08.506 +0700
3198,ID WELD,Control Speed,"0.55",Hz,false,true,,,4,284,2025-12-12 14:35:08.546 +0700
3199,ID WELD,Temperature After Welding,"",deg C,false,true,,,10,284,2025-12-12 14:35:08.568 +0700
3200,ID WELD,Diameter After Welding,"",mm,false,true,,,11,284,2025-12-12 14:35:08.588 +0700
3201,ID WELD,Lenght Welding,"",mm,false,true,,,12,284,2025-12-12 14:35:08.611 +0700
3202,ID WELD,Operator Note,"","",false,false,,,13,284,2025-12-12 14:35:08.628 +0700
3203,MACHINING,Process Machining,Roughing,"",true,false,,,16,286,2025-12-16 03:51:40.229 +0700
3204,MACHINING,Material Type,Welding,"",true,false,,,62,286,2025-12-16 03:51:40.248 +0700
3205,MACHINING,Consumable Insert,Hss ulir,"",true,false,,,17,286,2025-12-16 03:51:40.270 +0700
3206,MACHINING,Length Machining,"77",mm,false,true,,,20,286,2025-12-16 03:51:40.308 +0700
3207,MACHINING,Dimension Before Machining,"47.700",mm,false,true,,,19,286,2025-12-16 03:51:40.324 +0700
3208,MACHINING,Dimension After Machining,"47.700",mm,false,true,,,35,286,2025-12-16 03:51:40.341 +0700
3209,MACHINING,RPM (Spindle Speed),"30",Rpm,false,true,,,26,286,2025-12-16 03:51:40.358 +0700
3210,MACHINING,Feeding,"3",mm/rev,false,true,,,30,286,2025-12-16 03:51:40.376 +0700
3211,MACHINING,Depth of Cut,"200",mm,false,true,,,32,286,2025-12-16 03:51:40.417 +0700
3212,MACHINING,Lubrication,Tap Matic,"",true,false,,,33,286,2025-12-16 03:51:40.432 +0700
3213,MACHINING,Condition Material After Machining,On Spec,"",true,false,,,36,286,2025-12-16 03:51:40.450 +0700
3214,MACHINING,Operator Note,Ok,"",false,false,,,49,286,2025-12-16 03:51:40.475 +0700
3215,MACHINING,Process Machining,Roughing,"",true,false,,,16,287,2025-12-16 03:53:10.289 +0700
3216,MACHINING,Material Type,Welding,"",true,false,,,62,287,2025-12-16 03:53:10.365 +0700
3217,MACHINING,Consumable Insert,BA402,"",true,false,,,17,287,2025-12-16 03:53:10.382 +0700
3218,MACHINING,Length Machining,"100",mm,false,true,,,20,287,2025-12-16 03:53:10.398 +0700
3219,MACHINING,Dimension Before Machining,"155",mm,false,true,,,19,287,2025-12-16 03:53:10.425 +0700
3220,MACHINING,Dimension After Machining,"153",mm,false,true,,,35,287,2025-12-16 03:53:10.467 +0700
3221,MACHINING,RPM (Spindle Speed),"54",Rpm,false,true,,,26,287,2025-12-16 03:53:10.481 +0700
3222,MACHINING,Feeding,"4",mm/rev,false,true,,,30,287,2025-12-16 03:53:10.499 +0700
3223,MACHINING,Depth of Cut,"500",mm,false,true,,,32,287,2025-12-16 03:53:10.529 +0700
3224,MACHINING,Lubrication,Dry,"",true,false,,,33,287,2025-12-16 03:53:10.540 +0700
3225,MACHINING,Condition Material After Machining,On Spec,"",true,false,,,36,287,2025-12-16 03:53:10.578 +0700
3226,MACHINING,Operator Note,Lanjut machining,"",false,false,,,49,287,2025-12-16 03:53:10.591 +0700
3227,ID WELD,Pass No,"1",Number,false,true,,,1,289,2025-12-16 09:46:43.957 +0700
3228,ID WELD,Filler Material,KISWEL K71TLF,"",true,false,,,2,289,2025-12-16 09:46:43.982 +0700
3229,ID WELD,Wire Diameter,"1,2 mm","",true,false,,,3,289,2025-12-16 09:46:44.000 +0700
3230,ID WELD,Diameter Before Welding,"94",mm,false,true,,,5,289,2025-12-16 09:46:44.024 +0700
3231,ID WELD,Pre heat,"137",deg C,false,true,,,6,289,2025-12-16 09:46:44.041 +0700
3232,ID WELD,Gas Flowrate,"30",lpm,false,true,,,7,289,2025-12-16 09:46:44.066 +0700
3233,ID WELD,Amperage,"200",A,false,true,,,8,289,2025-12-16 09:46:44.089 +0700
3234,ID WELD,Voltage,"25",V,false,true,,,9,289,2025-12-16 09:46:44.115 +0700
3235,ID WELD,Control Speed,"07.0",Hz,false,true,,,4,289,2025-12-16 09:46:44.146 +0700
3236,ID WELD,Temperature After Welding,"224",deg C,false,true,,,10,289,2025-12-16 09:46:44.169 +0700
3237,ID WELD,Diameter After Welding,"84",mm,false,true,,,11,289,2025-12-16 09:46:44.204 +0700
3238,ID WELD,Lenght Welding,"105",mm,false,true,,,12,289,2025-12-16 09:46:44.229 +0700
3239,ID WELD,Operator Note,"","",false,false,,,13,289,2025-12-16 09:46:44.263 +0700
3240,MACHINING,Process Machining,Roughing,"",true,false,,,16,291,2025-12-16 12:32:49.624 +0700
3241,MACHINING,Material Type,Manufacture/Raw Material,"",true,false,,,62,291,2025-12-16 12:32:49.701 +0700
3242,MACHINING,Consumable Insert,BA101,"",true,false,,,17,291,2025-12-16 12:32:49.750 +0700
3243,MACHINING,Length Machining,"905",mm,false,true,,,20,291,2025-12-16 12:32:49.773 +0700
3244,MACHINING,Dimension Before Machining,"50",mm,false,true,,,19,291,2025-12-16 12:32:49.814 +0700
3245,MACHINING,Dimension After Machining,"40",mm,false,true,,,35,291,2025-12-16 12:32:49.833 +0700
3246,MACHINING,RPM (Spindle Speed),"125",Rpm,false,true,,,26,291,2025-12-16 12:32:49.853 +0700
3247,MACHINING,Feeding,"0.14",mm/rev,false,true,,,30,291,2025-12-16 12:32:49.893 +0700
3248,MACHINING,Depth of Cut,"1",mm,false,true,,,32,291,2025-12-16 12:32:49.920 +0700
3249,MACHINING,Lubrication,Coolant,"",true,false,,,33,291,2025-12-16 12:32:49.936 +0700
3250,MACHINING,Condition Material After Machining,Over Size,"",true,false,,,36,291,2025-12-16 12:32:49.966 +0700
3251,MACHINING,Operator Note,Lanjutt,"",false,false,,,49,291,2025-12-16 12:32:49.981 +0700
3252,MACHINING,Process Machining,Finishing,"",true,false,,,16,292,2025-12-16 16:39:27.578 +0700
3253,MACHINING,Material Type,Manufacture/Raw Material,"",true,false,,,62,292,2025-12-16 16:39:27.592 +0700
3254,MACHINING,Consumable Insert,BA101,"",true,false,,,17,292,2025-12-16 16:39:27.648 +0700
3255,MACHINING,Length Machining,"153",mm,false,true,,,20,292,2025-12-16 16:39:27.660 +0700
3256,MACHINING,Dimension Before Machining,"253",mm,false,true,,,19,292,2025-12-16 16:39:27.699 +0700
3257,MACHINING,Dimension After Machining,"220.06",mm,false,true,,,35,292,2025-12-16 16:39:27.727 +0700
3258,MACHINING,RPM (Spindle Speed),"125",Rpm,false,true,,,26,292,2025-12-16 16:39:27.749 +0700
3259,MACHINING,Feeding,"0.20",mm/rev,false,true,,,30,292,2025-12-16 16:39:27.783 +0700
3260,MACHINING,Depth of Cut,"3",mm,false,true,,,32,292,2025-12-16 16:39:27.821 +0700
3261,MACHINING,Lubrication,Coolant,"",true,false,,,33,292,2025-12-16 16:39:27.837 +0700
3262,MACHINING,Condition Material After Machining,On Spec,"",true,false,,,36,292,2025-12-16 16:39:27.864 +0700
3263,MACHINING,Operator Note,Machiining profile joint eye done,"",false,false,,,49,292,2025-12-16 16:39:27.890 +0700
3264,MACHINING,Process Machining,Roughing,"",true,false,,,16,293,2025-12-16 16:47:32.942 +0700
3265,MACHINING,Material Type,Welding,"",true,false,,,62,293,2025-12-16 16:47:32.967 +0700
3266,MACHINING,Consumable Insert,CCMT302,"",true,false,,,17,293,2025-12-16 16:47:32.993 +0700
3267,MACHINING,Length Machining,"100",mm,false,true,,,20,293,2025-12-16 16:47:33.020 +0700
3268,MACHINING,Dimension Before Machining,"121",mm,false,true,,,19,293,2025-12-16 16:47:33.043 +0700
3269,MACHINING,Dimension After Machining,"127.5",mm,false,true,,,35,293,2025-12-16 16:47:33.090 +0700
3270,MACHINING,RPM (Spindle Speed),"125",Rpm,false,true,,,26,293,2025-12-16 16:47:33.115 +0700
3271,MACHINING,Feeding,"0.13",mm/rev,false,true,,,30,293,2025-12-16 16:47:33.131 +0700
3272,MACHINING,Depth of Cut,"2.0",mm,false,true,,,32,293,2025-12-16 16:47:33.151 +0700
3273,MACHINING,Lubrication,Dry,"",true,false,,,33,293,2025-12-16 16:47:33.189 +0700
3274,MACHINING,Condition Material After Machining,On Spec,"",true,false,,,36,293,2025-12-16 16:47:33.205 +0700
3275,MACHINING,Operator Note,Lanjut machining,"",false,false,,,49,293,2025-12-16 16:47:33.224 +0700
3276,MACHINING,Process Machining,Roughing,"",true,false,,,16,294,2025-12-17 04:16:50.676 +0700
3277,MACHINING,Material Type,Alumunium,"",true,false,,,62,294,2025-12-17 04:16:50.711 +0700
3278,MACHINING,Consumable Insert,Endmill 12,"",true,false,,,17,294,2025-12-17 04:16:50.738 +0700
3279,MACHINING,Length Machining,"4",mm,false,true,,,20,294,2025-12-17 04:16:50.768 +0700
3280,MACHINING,Dimension Before Machining,"0",mm,false,true,,,19,294,2025-12-17 04:16:50.815 +0700
3281,MACHINING,Dimension After Machining,"12",mm,false,true,,,35,294,2025-12-17 04:16:50.855 +0700
3282,MACHINING,RPM (Spindle Speed),"110",Rpm,false,true,,,26,294,2025-12-17 04:16:50.874 +0700
3283,MACHINING,Feeding,"2",mm/rev,false,true,,,30,294,2025-12-17 04:16:50.916 +0700
3284,MACHINING,Depth of Cut,"1",mm,false,true,,,32,294,2025-12-17 04:16:50.933 +0700
3285,MACHINING,Lubrication,Dry,"",true,false,,,33,294,2025-12-17 04:16:50.956 +0700
3286,MACHINING,Condition Material After Machining,On Spec,"",true,false,,,36,294,2025-12-17 04:16:50.975 +0700
3287,MACHINING,Operator Note,Lanjut ke proses berikutnya,"",false,false,,,49,294,2025-12-17 04:16:50.990 +0700
3288,MACHINING,Process Machining,Finishing,"",true,false,,,16,295,2025-12-17 14:31:20.017 +0700
3289,MACHINING,Material Type,Welding,"",true,false,,,62,295,2025-12-17 14:31:20.043 +0700
3290,MACHINING,Consumable Insert,Ccmt304,"",true,false,,,17,295,2025-12-17 14:31:20.057 +0700
3291,MACHINING,Length Machining,"80",mm,false,true,,,20,295,2025-12-17 14:31:20.074 +0700
3292,MACHINING,Dimension Before Machining,"80",mm,false,true,,,19,295,2025-12-17 14:31:20.099 +0700
3293,MACHINING,Dimension After Machining,"95.22",mm,false,true,,,35,295,2025-12-17 14:31:20.120 +0700
3294,MACHINING,RPM (Spindle Speed),"165",Rpm,false,true,,,26,295,2025-12-17 14:31:20.132 +0700
3295,MACHINING,Feeding,"0015",mm/rev,false,true,,,30,295,2025-12-17 14:31:20.149 +0700
3296,MACHINING,Depth of Cut,"1",mm,false,true,,,32,295,2025-12-17 14:31:20.170 +0700
3297,MACHINING,Lubrication,Dry,"",true,false,,,33,295,2025-12-17 14:31:20.196 +0700
3298,MACHINING,Condition Material After Machining,On Spec,"",true,false,,,36,295,2025-12-17 14:31:20.206 +0700
3299,MACHINING,Operator Note,Di sarankan memakai insert ccmt 302 agar permukaan lebih mulus,"",false,false,,,49,295,2025-12-17 14:31:20.228 +0700
3300,MACHINING,Process Machining,Finishing,"",true,false,,,16,296,2025-12-17 14:31:21.981 +0700
3301,MACHINING,Material Type,Welding,"",true,false,,,62,296,2025-12-17 14:31:22.004 +0700
3302,MACHINING,Consumable Insert,Ccmt304,"",true,false,,,17,296,2025-12-17 14:31:22.019 +0700
3303,MACHINING,Length Machining,"80",mm,false,true,,,20,296,2025-12-17 14:31:22.047 +0700
3304,MACHINING,Dimension Before Machining,"80",mm,false,true,,,19,296,2025-12-17 14:31:22.074 +0700
3305,MACHINING,Dimension After Machining,"95.22",mm,false,true,,,35,296,2025-12-17 14:31:22.093 +0700
3306,MACHINING,RPM (Spindle Speed),"165",Rpm,false,true,,,26,296,2025-12-17 14:31:22.113 +0700
3307,MACHINING,Feeding,"0015",mm/rev,false,true,,,30,296,2025-12-17 14:31:22.140 +0700
3308,MACHINING,Depth of Cut,"1",mm,false,true,,,32,296,2025-12-17 14:31:22.165 +0700
3309,MACHINING,Lubrication,Dry,"",true,false,,,33,296,2025-12-17 14:31:22.185 +0700
3310,MACHINING,Condition Material After Machining,On Spec,"",true,false,,,36,296,2025-12-17 14:31:22.215 +0700
3311,MACHINING,Operator Note,Di sarankan memakai insert ccmt 302 agar permukaan lebih mulus,"",false,false,,,49,296,2025-12-17 14:31:22.249 +0700
3312,MACHINING,Process Machining,Roughing,"",true,false,,,16,297,2025-12-17 14:59:18.704 +0700
3313,MACHINING,Material Type,Manufacture/Raw Material,"",true,false,,,62,297,2025-12-17 14:59:18.729 +0700
3314,MACHINING,Consumable Insert,BA101,"",true,false,,,17,297,2025-12-17 14:59:18.777 +0700
3315,MACHINING,Length Machining,"105",mm,false,true,,,20,297,2025-12-17 14:59:18.813 +0700
3316,MACHINING,Dimension Before Machining,"",mm,false,true,,,19,297,2025-12-17 14:59:18.846 +0700
3317,MACHINING,Dimension After Machining,"",mm,false,true,,,35,297,2025-12-17 14:59:18.872 +0700
3318,MACHINING,RPM (Spindle Speed),"400",Rpm,false,true,,,26,297,2025-12-17 14:59:18.926 +0700
3319,MACHINING,Feeding,"00.10",mm/rev,false,true,,,30,297,2025-12-17 14:59:18.951 +0700
3320,MACHINING,Depth of Cut,"00.10",mm,false,true,,,32,297,2025-12-17 14:59:18.986 +0700
3321,MACHINING,Lubrication,Dry,"",true,false,,,33,297,2025-12-17 14:59:19.010 +0700
3322,MACHINING,Condition Material After Machining,On Spec,"",true,false,,,36,297,2025-12-17 14:59:19.039 +0700
3323,MACHINING,Operator Note,"","",false,false,,,49,297,2025-12-17 14:59:19.078 +0700
3324,MACHINING,Process Machining,Finishing,"",true,false,,,16,298,2025-12-17 15:58:41.373 +0700
3325,MACHINING,Material Type,Manufacture/Raw Material,"",true,false,,,62,298,2025-12-17 15:58:41.404 +0700
3326,MACHINING,Consumable Insert,BA101,"",true,false,,,17,298,2025-12-17 15:58:41.421 +0700
3327,MACHINING,Length Machining,"1005",mm,false,true,,,20,298,2025-12-17 15:58:41.449 +0700
3328,MACHINING,Dimension Before Machining,"176",mm,false,true,,,19,298,2025-12-17 15:58:41.463 +0700
3329,MACHINING,Dimension After Machining,"172",mm,false,true,,,35,298,2025-12-17 15:58:41.479 +0700
3330,MACHINING,RPM (Spindle Speed),"125",Rpm,false,true,,,26,298,2025-12-17 15:58:41.509 +0700
3331,MACHINING,Feeding,"0.15",mm/rev,false,true,,,30,298,2025-12-17 15:58:41.551 +0700
3332,MACHINING,Depth of Cut,"1",mm,false,true,,,32,298,2025-12-17 15:58:41.566 +0700
3333,MACHINING,Lubrication,Coolant,"",true,false,,,33,298,2025-12-17 15:58:41.580 +0700
3334,MACHINING,Condition Material After Machining,On Spec,"",true,false,,,36,298,2025-12-17 15:58:41.608 +0700
3335,MACHINING,Operator Note,Machiining profile joint tube done,"",false,false,,,49,298,2025-12-17 15:58:41.621 +0700
3336,MACHINING,Process Machining,Roughing,"",true,false,,,16,299,2025-12-17 15:59:58.405 +0700
3337,MACHINING,Material Type,Manufacture/Raw Material,"",true,false,,,62,299,2025-12-17 15:59:58.429 +0700
3338,MACHINING,Consumable Insert,BA101,"",true,false,,,17,299,2025-12-17 15:59:58.462 +0700
3339,MACHINING,Length Machining,"100",mm,false,true,,,20,299,2025-12-17 15:59:58.490 +0700
3340,MACHINING,Dimension Before Machining,"118",mm,false,true,,,19,299,2025-12-17 15:59:58.513 +0700
3341,MACHINING,Dimension After Machining,"90",mm,false,true,,,35,299,2025-12-17 15:59:58.526 +0700
3342,MACHINING,RPM (Spindle Speed),"125",Rpm,false,true,,,26,299,2025-12-17 15:59:58.565 +0700
3343,MACHINING,Feeding,"0.15",mm/rev,false,true,,,30,299,2025-12-17 15:59:58.580 +0700
3344,MACHINING,Depth of Cut,"1",mm,false,true,,,32,299,2025-12-17 15:59:58.610 +0700
3345,MACHINING,Lubrication,Coolant,"",true,false,,,33,299,2025-12-17 15:59:58.627 +0700
3346,MACHINING,Condition Material After Machining,On Spec,"",true,false,,,36,299,2025-12-17 15:59:58.667 +0700
3347,MACHINING,Operator Note,Machiining profile joint end cap,"",false,false,,,49,299,2025-12-17 15:59:58.698 +0700
3348,MACHINING,Process Machining,Roughing,"",true,false,,,16,300,2025-12-17 16:00:46.705 +0700
3349,MACHINING,Material Type,Manufacture/Raw Material,"",true,false,,,62,300,2025-12-17 16:00:46.726 +0700
3350,MACHINING,Consumable Insert,BA101,"",true,false,,,17,300,2025-12-17 16:00:46.751 +0700
3351,MACHINING,Length Machining,"29",mm,false,true,,,20,300,2025-12-17 16:00:46.772 +0700
3352,MACHINING,Dimension Before Machining,"132",mm,false,true,,,19,300,2025-12-17 16:00:46.791 +0700
3353,MACHINING,Dimension After Machining,"130",mm,false,true,,,35,300,2025-12-17 16:00:46.815 +0700
3354,MACHINING,RPM (Spindle Speed),"125",Rpm,false,true,,,26,300,2025-12-17 16:00:46.833 +0700
3355,MACHINING,Feeding,"0.15",mm/rev,false,true,,,30,300,2025-12-17 16:00:46.866 +0700
3356,MACHINING,Depth of Cut,"1",mm,false,true,,,32,300,2025-12-17 16:00:46.882 +0700
3357,MACHINING,Lubrication,Coolant,"",true,false,,,33,300,2025-12-17 16:00:46.910 +0700
3358,MACHINING,Condition Material After Machining,On Spec,"",true,false,,,36,300,2025-12-17 16:00:46.924 +0700
3359,MACHINING,Operator Note,Strip done,"",false,false,,,49,300,2025-12-17 16:00:46.951 +0700
3360,MACHINING,Process Machining,Roughing,"",true,false,,,16,301,2025-12-17 16:01:55.372 +0700
3361,MACHINING,Material Type,Manufacture/Raw Material,"",true,false,,,62,301,2025-12-17 16:01:55.392 +0700
3362,MACHINING,Consumable Insert,BA101,"",true,false,,,17,301,2025-12-17 16:01:55.427 +0700
3363,MACHINING,Length Machining,"34",mm,false,true,,,20,301,2025-12-17 16:01:55.440 +0700
3364,MACHINING,Dimension Before Machining,"176",mm,false,true,,,19,301,2025-12-17 16:01:55.474 +0700
3365,MACHINING,Dimension After Machining,"150",mm,false,true,,,35,301,2025-12-17 16:01:55.489 +0700
3366,MACHINING,RPM (Spindle Speed),"125",Rpm,false,true,,,26,301,2025-12-17 16:01:55.514 +0700
3367,MACHINING,Feeding,"0.15",mm/rev,false,true,,,30,301,2025-12-17 16:01:55.540 +0700
3368,MACHINING,Depth of Cut,"1",mm,false,true,,,32,301,2025-12-17 16:01:55.564 +0700
3369,MACHINING,Lubrication,Coolant,"",true,false,,,33,301,2025-12-17 16:01:55.584 +0700
3370,MACHINING,Condition Material After Machining,On Spec,"",true,false,,,36,301,2025-12-17 16:01:55.596 +0700
3371,MACHINING,Operator Note,Machiining profile joint end cap,"",false,false,,,49,301,2025-12-17 16:01:55.632 +0700
3372,MACHINING,Process Machining,Roughing,"",true,false,,,16,302,2025-12-18 04:16:23.690 +0700
3373,MACHINING,Material Type,Manufacture/Raw Material,"",true,false,,,62,302,2025-12-18 04:16:23.721 +0700
3374,MACHINING,Consumable Insert,BA402,"",true,false,,,17,302,2025-12-18 04:16:23.763 +0700
3375,MACHINING,Length Machining,"230",mm,false,true,,,20,302,2025-12-18 04:16:23.798 +0700
3376,MACHINING,Dimension Before Machining,"114",mm,false,true,,,19,302,2025-12-18 04:16:23.815 +0700
3377,MACHINING,Dimension After Machining,"109",mm,false,true,,,35,302,2025-12-18 04:16:23.838 +0700
3378,MACHINING,RPM (Spindle Speed),"330",Rpm,false,true,,,26,302,2025-12-18 04:16:23.857 +0700
3379,MACHINING,Feeding,"4",mm/rev,false,true,,,30,302,2025-12-18 04:16:23.897 +0700
3380,MACHINING,Depth of Cut,"1",mm,false,true,,,32,302,2025-12-18 04:16:23.916 +0700
3381,MACHINING,Lubrication,Dry,"",true,false,,,33,302,2025-12-18 04:16:23.941 +0700
3382,MACHINING,Condition Material After Machining,On Spec,"",true,false,,,36,302,2025-12-18 04:16:23.960 +0700
3383,MACHINING,Operator Note,Teper 50 micron,"",false,false,,,49,302,2025-12-18 04:16:23.973 +0700
3384,MACHINING,Process Machining,Roughing,"",true,false,,,16,303,2025-12-18 04:17:50.434 +0700
3385,MACHINING,Material Type,Welding,"",true,false,,,62,303,2025-12-18 04:17:50.485 +0700
3386,MACHINING,Consumable Insert,BA402,"",true,false,,,17,303,2025-12-18 04:17:50.514 +0700
3387,MACHINING,Length Machining,"11",mm,false,true,,,20,303,2025-12-18 04:17:50.533 +0700
3388,MACHINING,Dimension Before Machining,"90",mm,false,true,,,19,303,2025-12-18 04:17:50.546 +0700
3389,MACHINING,Dimension After Machining,"88",mm,false,true,,,35,303,2025-12-18 04:17:50.585 +0700
3390,MACHINING,RPM (Spindle Speed),"250",Rpm,false,true,,,26,303,2025-12-18 04:17:50.602 +0700
3391,MACHINING,Feeding,"3",mm/rev,false,true,,,30,303,2025-12-18 04:17:50.624 +0700
3392,MACHINING,Depth of Cut,"1",mm,false,true,,,32,303,2025-12-18 04:17:50.640 +0700
3393,MACHINING,Lubrication,Dry,"",true,false,,,33,303,2025-12-18 04:17:50.675 +0700
3394,MACHINING,Condition Material After Machining,On Spec,"",true,false,,,36,303,2025-12-18 04:17:50.695 +0700
3395,MACHINING,Operator Note,Lanjut machining,"",false,false,,,49,303,2025-12-18 04:17:50.720 +0700
3396,MACHINING,Process Machining,Prehone,"",true,false,,,16,304,2025-12-18 10:23:23.352 +0700
3397,MACHINING,Material Type,Manufacture/Raw Material,"",true,false,,,62,304,2025-12-18 10:23:23.375 +0700
3398,MACHINING,Consumable Insert,W25,"",true,false,,,17,304,2025-12-18 10:23:23.397 +0700
3399,MACHINING,Length Machining,"80",mm,false,true,,,20,304,2025-12-18 10:23:23.439 +0700
3400,MACHINING,Dimension Before Machining,"150.00",mm,false,true,,,19,304,2025-12-18 10:23:23.462 +0700
3401,MACHINING,Dimension After Machining,"150.15",mm,false,true,,,35,304,2025-12-18 10:23:23.478 +0700
3402,MACHINING,RPM (Spindle Speed),"65",Rpm,false,true,,,26,304,2025-12-18 10:23:23.498 +0700
3403,MACHINING,Feeding,"15",mm/rev,false,true,,,30,304,2025-12-18 10:23:23.543 +0700
3404,MACHINING,Depth of Cut,"0.15",mm,false,true,,,32,304,2025-12-18 10:23:23.560 +0700
3405,MACHINING,Lubrication,Oil,"",true,false,,,33,304,2025-12-18 10:23:23.575 +0700
3406,MACHINING,Condition Material After Machining,On Spec,"",true,false,,,36,304,2025-12-18 10:23:23.591 +0700
3407,MACHINING,Operator Note,"","",false,false,,,49,304,2025-12-18 10:23:23.607 +0700
3408,MACHINING,Process Machining,Roughing,"",true,false,,,16,305,2025-12-18 16:52:35.916 +0700
3409,MACHINING,Material Type,Manufacture/Raw Material,"",true,false,,,62,305,2025-12-18 16:52:35.943 +0700
3410,MACHINING,Consumable Insert,BA101,"",true,false,,,17,305,2025-12-18 16:52:35.977 +0700
3411,MACHINING,Length Machining,"665",mm,false,true,,,20,305,2025-12-18 16:52:35.996 +0700
3412,MACHINING,Dimension Before Machining,"114",mm,false,true,,,19,305,2025-12-18 16:52:36.018 +0700
3494,MACHINING,Consumable Insert,W45,"",true,false,,,17,312,2025-12-20 10:03:50.541 +0700
3413,MACHINING,Dimension After Machining,"107",mm,false,true,,,35,305,2025-12-18 16:52:36.063 +0700
3414,MACHINING,RPM (Spindle Speed),"320",Rpm,false,true,,,26,305,2025-12-18 16:52:36.078 +0700
3415,MACHINING,Feeding,"5",mm/rev,false,true,,,30,305,2025-12-18 16:52:36.102 +0700
3416,MACHINING,Depth of Cut,"3",mm,false,true,,,32,305,2025-12-18 16:52:36.136 +0700
3417,MACHINING,Lubrication,Coolant,"",true,false,,,33,305,2025-12-18 16:52:36.153 +0700
3418,MACHINING,Condition Material After Machining,Over Size,"",true,false,,,36,305,2025-12-18 16:52:36.170 +0700
3419,MACHINING,Operator Note,Agus kardian,"",false,false,,,49,305,2025-12-18 16:52:36.187 +0700
3420,MACHINING,Process Machining,Roughing,"",true,false,,,16,306,2025-12-19 00:40:17.212 +0700
3421,MACHINING,Material Type,Welding,"",true,false,,,62,306,2025-12-19 00:40:17.238 +0700
3422,MACHINING,Consumable Insert,Ccmt 302,"",true,false,,,17,306,2025-12-19 00:40:17.263 +0700
3423,MACHINING,Length Machining,"110",mm,false,true,,,20,306,2025-12-19 00:40:17.328 +0700
3424,MACHINING,Dimension Before Machining,"152",mm,false,true,,,19,306,2025-12-19 00:40:17.353 +0700
3425,MACHINING,Dimension After Machining,"145",mm,false,true,,,35,306,2025-12-19 00:40:17.386 +0700
3426,MACHINING,RPM (Spindle Speed),"132",Rpm,false,true,,,26,306,2025-12-19 00:40:17.421 +0700
3427,MACHINING,Feeding,"3",mm/rev,false,true,,,30,306,2025-12-19 00:40:17.439 +0700
3428,MACHINING,Depth of Cut,"700",mm,false,true,,,32,306,2025-12-19 00:40:17.455 +0700
3429,MACHINING,Lubrication,Tap Matic,"",true,false,,,33,306,2025-12-19 00:40:17.472 +0700
3430,MACHINING,Condition Material After Machining,On Spec,"",true,false,,,36,306,2025-12-19 00:40:17.518 +0700
3431,MACHINING,Operator Note,Welding terlalu keras buat di machining face,"",false,false,,,49,306,2025-12-19 00:40:17.533 +0700
3432,MACHINING,Process Machining,Honing,"",true,false,,,16,307,2025-12-19 13:26:44.659 +0700
3433,MACHINING,Material Type,Manufacture/Raw Material,"",true,false,,,62,307,2025-12-19 13:26:44.682 +0700
3434,MACHINING,Consumable Insert,M45,"",true,false,,,17,307,2025-12-19 13:26:44.722 +0700
3435,MACHINING,Length Machining,"240",mm,false,true,,,20,307,2025-12-19 13:26:44.761 +0700
3436,MACHINING,Dimension Before Machining,"89.500",mm,false,true,,,19,307,2025-12-19 13:26:44.782 +0700
3437,MACHINING,Dimension After Machining,"90.040",mm,false,true,,,35,307,2025-12-19 13:26:44.826 +0700
3438,MACHINING,RPM (Spindle Speed),"80",Rpm,false,true,,,26,307,2025-12-19 13:26:44.847 +0700
3439,MACHINING,Feeding,"15",mm/rev,false,true,,,30,307,2025-12-19 13:26:44.875 +0700
3440,MACHINING,Depth of Cut,"0.5",mm,false,true,,,32,307,2025-12-19 13:26:44.893 +0700
3441,MACHINING,Lubrication,Oil,"",true,false,,,33,307,2025-12-19 13:26:44.928 +0700
3442,MACHINING,Condition Material After Machining,On Spec,"",true,false,,,36,307,2025-12-19 13:26:44.940 +0700
3443,MACHINING,Operator Note,"","",false,false,,,49,307,2025-12-19 13:26:44.967 +0700
3444,MACHINING,Process Machining,Roughing,"",true,false,,,16,308,2025-12-19 14:41:33.807 +0700
3445,MACHINING,Material Type,Manufacture/Raw Material,"",true,false,,,62,308,2025-12-19 14:41:33.842 +0700
3446,MACHINING,Consumable Insert,BA101,"",true,false,,,17,308,2025-12-19 14:41:33.884 +0700
3447,MACHINING,Length Machining,"190",mm,false,true,,,20,308,2025-12-19 14:41:33.911 +0700
3448,MACHINING,Dimension Before Machining,"75",mm,false,true,,,19,308,2025-12-19 14:41:33.933 +0700
3449,MACHINING,Dimension After Machining,"70",mm,false,true,,,35,308,2025-12-19 14:41:33.963 +0700
3450,MACHINING,RPM (Spindle Speed),"125",Rpm,false,true,,,26,308,2025-12-19 14:41:33.993 +0700
3451,MACHINING,Feeding,"0.15",mm/rev,false,true,,,30,308,2025-12-19 14:41:34.011 +0700
3452,MACHINING,Depth of Cut,"1",mm,false,true,,,32,308,2025-12-19 14:41:34.029 +0700
3453,MACHINING,Lubrication,Coolant,"",true,false,,,33,308,2025-12-19 14:41:34.044 +0700
3454,MACHINING,Condition Material After Machining,On Spec,"",true,false,,,36,308,2025-12-19 14:41:34.063 +0700
3455,MACHINING,Operator Note,Lanjut machining,"",false,false,,,49,308,2025-12-19 14:41:34.088 +0700
3456,MACHINING,Process Machining,Roughing,"",true,false,,,16,309,2025-12-19 14:42:51.739 +0700
3457,MACHINING,Material Type,Manufacture/Raw Material,"",true,false,,,62,309,2025-12-19 14:42:51.833 +0700
3458,MACHINING,Consumable Insert,BA101,"",true,false,,,17,309,2025-12-19 14:42:51.861 +0700
3459,MACHINING,Length Machining,"2475",mm,false,true,,,20,309,2025-12-19 14:42:51.882 +0700
3460,MACHINING,Dimension Before Machining,"180",mm,false,true,,,19,309,2025-12-19 14:42:51.913 +0700
3461,MACHINING,Dimension After Machining,"59",mm,false,true,,,35,309,2025-12-19 14:42:51.940 +0700
3462,MACHINING,RPM (Spindle Speed),"54",Rpm,false,true,,,26,309,2025-12-19 14:42:51.970 +0700
3463,MACHINING,Feeding,"0.15",mm/rev,false,true,,,30,309,2025-12-19 14:42:52.012 +0700
3464,MACHINING,Depth of Cut,"1",mm,false,true,,,32,309,2025-12-19 14:42:52.042 +0700
3465,MACHINING,Lubrication,Coolant,"",true,false,,,33,309,2025-12-19 14:42:52.073 +0700
3466,MACHINING,Condition Material After Machining,On Spec,"",true,false,,,36,309,2025-12-19 14:42:52.091 +0700
3467,MACHINING,Operator Note,Done,"",false,false,,,49,309,2025-12-19 14:42:52.108 +0700
3468,MACHINING,Process Machining,Roughing,"",true,false,,,16,310,2025-12-20 04:02:54.789 +0700
3469,MACHINING,Material Type,Welding,"",true,false,,,62,310,2025-12-20 04:02:54.815 +0700
3470,MACHINING,Consumable Insert,Ccmt 302,"",true,false,,,17,310,2025-12-20 04:02:54.847 +0700
3471,MACHINING,Length Machining,"110",mm,false,true,,,20,310,2025-12-20 04:02:54.873 +0700
3472,MACHINING,Dimension Before Machining,"147",mm,false,true,,,19,310,2025-12-20 04:02:54.892 +0700
3473,MACHINING,Dimension After Machining,"145",mm,false,true,,,35,310,2025-12-20 04:02:54.909 +0700
3474,MACHINING,RPM (Spindle Speed),"110",Rpm,false,true,,,26,310,2025-12-20 04:02:54.924 +0700
3475,MACHINING,Feeding,"3",mm/rev,false,true,,,30,310,2025-12-20 04:02:54.962 +0700
3476,MACHINING,Depth of Cut,"500",mm,false,true,,,32,310,2025-12-20 04:02:54.981 +0700
3477,MACHINING,Lubrication,Tap Matic,"",true,false,,,33,310,2025-12-20 04:02:54.992 +0700
3478,MACHINING,Condition Material After Machining,On Spec,"",true,false,,,36,310,2025-12-20 04:02:55.008 +0700
3479,MACHINING,Operator Note,Lanjut ke proses berikutnya,"",false,false,,,49,310,2025-12-20 04:02:55.024 +0700
3480,MACHINING,Process Machining,Finishing,"",true,false,,,16,311,2025-12-20 04:11:42.802 +0700
3481,MACHINING,Material Type,Manufacture/Raw Material,"",true,false,,,62,311,2025-12-20 04:11:42.825 +0700
3482,MACHINING,Consumable Insert,BA402,"",true,false,,,17,311,2025-12-20 04:11:42.844 +0700
3483,MACHINING,Length Machining,"188",mm,false,true,,,20,311,2025-12-20 04:11:42.876 +0700
3484,MACHINING,Dimension Before Machining,"182",mm,false,true,,,19,311,2025-12-20 04:11:42.902 +0700
3485,MACHINING,Dimension After Machining,"187.5",mm,false,true,,,35,311,2025-12-20 04:11:42.922 +0700
3486,MACHINING,RPM (Spindle Speed),"160",Rpm,false,true,,,26,311,2025-12-20 04:11:42.938 +0700
3487,MACHINING,Feeding,"0.06",mm/rev,false,true,,,30,311,2025-12-20 04:11:42.954 +0700
3488,MACHINING,Depth of Cut,"5",mm,false,true,,,32,311,2025-12-20 04:11:42.978 +0700
3489,MACHINING,Lubrication,Tap Matic,"",true,false,,,33,311,2025-12-20 04:11:43.004 +0700
3490,MACHINING,Condition Material After Machining,On Spec,"",true,false,,,36,311,2025-12-20 04:11:43.025 +0700
3491,MACHINING,Operator Note,"","",false,false,,,49,311,2025-12-20 04:11:43.037 +0700
3492,MACHINING,Process Machining,Prehoning,"",true,false,,,16,312,2025-12-20 10:03:50.494 +0700
3493,MACHINING,Material Type,Manufacture/Raw Material,"",true,false,,,62,312,2025-12-20 10:03:50.525 +0700
3495,MACHINING,Length Machining,"100",mm,false,true,,,20,312,2025-12-20 10:03:50.558 +0700
3496,MACHINING,Dimension Before Machining,"254.500",mm,false,true,,,19,312,2025-12-20 10:03:50.597 +0700
3497,MACHINING,Dimension After Machining,"255.150",mm,false,true,,,35,312,2025-12-20 10:03:50.611 +0700
3498,MACHINING,RPM (Spindle Speed),"80",Rpm,false,true,,,26,312,2025-12-20 10:03:50.641 +0700
3499,MACHINING,Feeding,"15",mm/rev,false,true,,,30,312,2025-12-20 10:03:50.655 +0700
3500,MACHINING,Depth of Cut,"0.6",mm,false,true,,,32,312,2025-12-20 10:03:50.678 +0700
3501,MACHINING,Lubrication,Oil,"",true,false,,,33,312,2025-12-20 10:03:50.705 +0700
3502,MACHINING,Condition Material After Machining,On Spec,"",true,false,,,36,312,2025-12-20 10:03:50.729 +0700
3503,MACHINING,Operator Note,"","",false,false,,,49,312,2025-12-20 10:03:50.744 +0700
3504,MACHINING,Process Machining,Roughing,"",true,false,,,16,313,2025-12-20 14:47:01.916 +0700
3505,MACHINING,Material Type,Manufacture/Raw Material,"",true,false,,,62,313,2025-12-20 14:47:01.940 +0700
3506,MACHINING,Consumable Insert,BA101,"",true,false,,,17,313,2025-12-20 14:47:01.973 +0700
3507,MACHINING,Length Machining,"325",mm,false,true,,,20,313,2025-12-20 14:47:02.002 +0700
3508,MACHINING,Dimension Before Machining,"180",mm,false,true,,,19,313,2025-12-20 14:47:02.033 +0700
3509,MACHINING,Dimension After Machining,"70",mm,false,true,,,35,313,2025-12-20 14:47:02.064 +0700
3510,MACHINING,RPM (Spindle Speed),"54",Rpm,false,true,,,26,313,2025-12-20 14:47:02.076 +0700
3511,MACHINING,Feeding,"0.1",mm/rev,false,true,,,30,313,2025-12-20 14:47:02.092 +0700
3512,MACHINING,Depth of Cut,"5",mm,false,true,,,32,313,2025-12-20 14:47:02.120 +0700
3513,MACHINING,Lubrication,Coolant,"",true,false,,,33,313,2025-12-20 14:47:02.142 +0700
3514,MACHINING,Condition Material After Machining,On Spec,"",true,false,,,36,313,2025-12-20 14:47:02.189 +0700
3515,MACHINING,Operator Note,Lanjut machining,"",false,false,,,49,313,2025-12-20 14:47:02.201 +0700
3516,MACHINING,Process Machining,Roughing,"",true,false,,,16,314,2025-12-20 14:48:12.628 +0700
3517,MACHINING,Material Type,Manufacture/Raw Material,"",true,false,,,62,314,2025-12-20 14:48:12.657 +0700
3518,MACHINING,Consumable Insert,BA101,"",true,false,,,17,314,2025-12-20 14:48:12.684 +0700
3519,MACHINING,Length Machining,"85",mm,false,true,,,20,314,2025-12-20 14:48:12.703 +0700
3520,MACHINING,Dimension Before Machining,"104.6",mm,false,true,,,19,314,2025-12-20 14:48:12.731 +0700
3521,MACHINING,Dimension After Machining,"101.6",mm,false,true,,,35,314,2025-12-20 14:48:12.752 +0700
3522,MACHINING,RPM (Spindle Speed),"180",Rpm,false,true,,,26,314,2025-12-20 14:48:12.766 +0700
3523,MACHINING,Feeding,"0.2",mm/rev,false,true,,,30,314,2025-12-20 14:48:12.784 +0700
3524,MACHINING,Depth of Cut,"1",mm,false,true,,,32,314,2025-12-20 14:48:12.799 +0700
3525,MACHINING,Lubrication,Coolant,"",true,false,,,33,314,2025-12-20 14:48:12.816 +0700
3526,MACHINING,Condition Material After Machining,On Spec,"",true,false,,,36,314,2025-12-20 14:48:12.882 +0700
3527,MACHINING,Operator Note,Skim ex tig weld done,"",false,false,,,49,314,2025-12-20 14:48:12.905 +0700
3528,MACHINING,Process Machining,Finishing,"",true,false,,,16,315,2025-12-20 22:10:35.639 +0700
3529,MACHINING,Material Type,Manufacture/Raw Material,"",true,false,,,62,315,2025-12-20 22:10:35.655 +0700
3530,MACHINING,Consumable Insert,BA402,"",true,false,,,17,315,2025-12-20 22:10:35.671 +0700
3531,MACHINING,Length Machining,"226.1",mm,false,true,,,20,315,2025-12-20 22:10:35.684 +0700
3532,MACHINING,Dimension Before Machining,"187.5",mm,false,true,,,19,315,2025-12-20 22:10:35.701 +0700
3533,MACHINING,Dimension After Machining,"189",mm,false,true,,,35,315,2025-12-20 22:10:35.742 +0700
3534,MACHINING,RPM (Spindle Speed),"160",Rpm,false,true,,,26,315,2025-12-20 22:10:35.758 +0700
3535,MACHINING,Feeding,"0.10",mm/rev,false,true,,,30,315,2025-12-20 22:10:35.775 +0700
3536,MACHINING,Depth of Cut,"1",mm,false,true,,,32,315,2025-12-20 22:10:35.799 +0700
3537,MACHINING,Lubrication,Dry,"",true,false,,,33,315,2025-12-20 22:10:35.807 +0700
3538,MACHINING,Condition Material After Machining,On Spec,"",true,false,,,36,315,2025-12-20 22:10:35.816 +0700
3539,MACHINING,Operator Note,Stripping,"",false,false,,,49,315,2025-12-20 22:10:35.848 +0700
3540,MACHINING,Process Machining,Finishing,"",true,false,,,16,316,2025-12-20 22:10:39.362 +0700
3541,MACHINING,Material Type,Manufacture/Raw Material,"",true,false,,,62,316,2025-12-20 22:10:39.388 +0700
3542,MACHINING,Consumable Insert,BA402,"",true,false,,,17,316,2025-12-20 22:10:39.426 +0700
3543,MACHINING,Length Machining,"226.1",mm,false,true,,,20,316,2025-12-20 22:10:39.446 +0700
3544,MACHINING,Dimension Before Machining,"187.5",mm,false,true,,,19,316,2025-12-20 22:10:39.462 +0700
3545,MACHINING,Dimension After Machining,"189",mm,false,true,,,35,316,2025-12-20 22:10:39.482 +0700
3546,MACHINING,RPM (Spindle Speed),"160",Rpm,false,true,,,26,316,2025-12-20 22:10:39.528 +0700
3547,MACHINING,Feeding,"0.10",mm/rev,false,true,,,30,316,2025-12-20 22:10:39.544 +0700
3548,MACHINING,Depth of Cut,"1",mm,false,true,,,32,316,2025-12-20 22:10:39.561 +0700
3549,MACHINING,Lubrication,Dry,"",true,false,,,33,316,2025-12-20 22:10:39.585 +0700
3550,MACHINING,Condition Material After Machining,On Spec,"",true,false,,,36,316,2025-12-20 22:10:39.604 +0700
3551,MACHINING,Operator Note,Stripping,"",false,false,,,49,316,2025-12-20 22:10:39.638 +0700
3552,MACHINING,Process Machining,Roughing,"",true,false,,,16,317,2025-12-22 14:51:02.885 +0700
3553,MACHINING,Material Type,Welding,"",true,false,,,62,317,2025-12-22 14:51:02.915 +0700
3554,MACHINING,Consumable Insert,CCMT302,"",true,false,,,17,317,2025-12-22 14:51:02.941 +0700
3555,MACHINING,Length Machining,"110",mm,false,true,,,20,317,2025-12-22 14:51:02.986 +0700
3556,MACHINING,Dimension Before Machining,"89.000",mm,false,true,,,19,317,2025-12-22 14:51:03.014 +0700
3557,MACHINING,Dimension After Machining,"104.700",mm,false,true,,,35,317,2025-12-22 14:51:03.106 +0700
3558,MACHINING,RPM (Spindle Speed),"80",Rpm,false,true,,,26,317,2025-12-22 14:51:03.125 +0700
3559,MACHINING,Feeding,"3",mm/rev,false,true,,,30,317,2025-12-22 14:51:03.142 +0700
3560,MACHINING,Depth of Cut,"1",mm,false,true,,,32,317,2025-12-22 14:51:03.159 +0700
3561,MACHINING,Lubrication,Dry,"",true,false,,,33,317,2025-12-22 14:51:03.284 +0700
3562,MACHINING,Condition Material After Machining,On Spec,"",true,false,,,36,317,2025-12-22 14:51:03.300 +0700
3563,MACHINING,Operator Note,Lanjut hdr,"",false,false,,,49,317,2025-12-22 14:51:03.319 +0700
3564,MACHINING,Process Machining,Honing,"",true,false,,,16,319,2025-12-23 03:59:42.900 +0700
3565,MACHINING,Material Type,Manufacture/Raw Material,"",true,false,,,62,319,2025-12-23 03:59:42.921 +0700
3566,MACHINING,Consumable Insert,W45,"",true,false,,,17,319,2025-12-23 03:59:42.944 +0700
3567,MACHINING,Length Machining,"1090",mm,false,true,,,20,319,2025-12-23 03:59:42.982 +0700
3568,MACHINING,Dimension Before Machining,"240.900",mm,false,true,,,19,319,2025-12-23 03:59:43.019 +0700
3569,MACHINING,Dimension After Machining,"241.350",mm,false,true,,,35,319,2025-12-23 03:59:43.036 +0700
3570,MACHINING,RPM (Spindle Speed),"85",Rpm,false,true,,,26,319,2025-12-23 03:59:43.056 +0700
3571,MACHINING,Feeding,"15",mm/rev,false,true,,,30,319,2025-12-23 03:59:43.105 +0700
3572,MACHINING,Depth of Cut,"0.5",mm,false,true,,,32,319,2025-12-23 03:59:43.124 +0700
3573,MACHINING,Lubrication,Oil,"",true,false,,,33,319,2025-12-23 03:59:43.142 +0700
3574,MACHINING,Condition Material After Machining,On Spec,"",true,false,,,36,319,2025-12-23 03:59:43.185 +0700
3658,ID WELD,Temperature After Welding,"",deg C,false,true,,,10,326,2025-12-27 07:15:29.587 +0700
3575,MACHINING,Operator Note,Area depan tidak prehone jdi sringkit didepan barang sdh join agak susah honingnya,"",false,false,,,49,319,2025-12-23 03:59:43.207 +0700
3576,MACHINING,Process Machining,Roughing,"",true,false,,,16,320,2025-12-23 16:53:02.250 +0700
3577,MACHINING,Material Type,Welding,"",true,false,,,62,320,2025-12-23 16:53:02.273 +0700
3578,MACHINING,Consumable Insert,CCMT302,"",true,false,,,17,320,2025-12-23 16:53:02.310 +0700
3579,MACHINING,Length Machining,"100",mm,false,true,,,20,320,2025-12-23 16:53:02.335 +0700
3580,MACHINING,Dimension Before Machining,"88.400",mm,false,true,,,19,320,2025-12-23 16:53:02.365 +0700
3581,MACHINING,Dimension After Machining,"101.200",mm,false,true,,,35,320,2025-12-23 16:53:02.392 +0700
3582,MACHINING,RPM (Spindle Speed),"80",Rpm,false,true,,,26,320,2025-12-23 16:53:02.420 +0700
3583,MACHINING,Feeding,"3",mm/rev,false,true,,,30,320,2025-12-23 16:53:02.437 +0700
3584,MACHINING,Depth of Cut,"1",mm,false,true,,,32,320,2025-12-23 16:53:02.464 +0700
3585,MACHINING,Lubrication,Dry,"",true,false,,,33,320,2025-12-23 16:53:02.479 +0700
3586,MACHINING,Condition Material After Machining,Under Size,"",true,false,,,36,320,2025-12-23 16:53:02.515 +0700
3587,MACHINING,Operator Note,Lanjut machining,"",false,false,,,49,320,2025-12-23 16:53:02.531 +0700
3588,MACHINING,Process Machining,Honing,"",true,false,,,16,321,2025-12-24 03:41:04.483 +0700
3589,MACHINING,Material Type,Manufacture/Raw Material,"",true,false,,,62,321,2025-12-24 03:41:04.504 +0700
3590,MACHINING,Consumable Insert,W45,"",true,false,,,17,321,2025-12-24 03:41:04.521 +0700
3591,MACHINING,Length Machining,"1002",mm,false,true,,,20,321,2025-12-24 03:41:04.539 +0700
3592,MACHINING,Dimension Before Machining,"209.100",mm,false,true,,,19,321,2025-12-24 03:41:04.578 +0700
3593,MACHINING,Dimension After Machining,"209.600",mm,false,true,,,35,321,2025-12-24 03:41:04.596 +0700
3594,MACHINING,RPM (Spindle Speed),"80",Rpm,false,true,,,26,321,2025-12-24 03:41:04.617 +0700
3595,MACHINING,Feeding,"15",mm/rev,false,true,,,30,321,2025-12-24 03:41:04.632 +0700
3596,MACHINING,Depth of Cut,"0.5",mm,false,true,,,32,321,2025-12-24 03:41:04.659 +0700
3597,MACHINING,Lubrication,Oil,"",true,false,,,33,321,2025-12-24 03:41:04.684 +0700
3598,MACHINING,Condition Material After Machining,On Spec,"",true,false,,,36,321,2025-12-24 03:41:04.706 +0700
3599,MACHINING,Operator Note,"","",false,false,,,49,321,2025-12-24 03:41:04.731 +0700
3600,MACHINING,Process Machining,Honing,"",true,false,,,16,322,2025-12-25 00:15:14.264 +0700
3601,MACHINING,Material Type,W45,"",true,false,,,62,322,2025-12-25 00:15:14.314 +0700
3602,MACHINING,Consumable Insert,BA101,"",true,false,,,17,322,2025-12-25 00:15:14.337 +0700
3603,MACHINING,Length Machining,"425.45",mm,false,true,,,20,322,2025-12-25 00:15:14.368 +0700
3604,MACHINING,Dimension Before Machining,"203.00",mm,false,true,,,19,322,2025-12-25 00:15:14.400 +0700
3605,MACHINING,Dimension After Machining,"203.300",mm,false,true,,,35,322,2025-12-25 00:15:14.425 +0700
3606,MACHINING,RPM (Spindle Speed),"80",Rpm,false,true,,,26,322,2025-12-25 00:15:14.443 +0700
3607,MACHINING,Feeding,"15",mm/rev,false,true,,,30,322,2025-12-25 00:15:14.464 +0700
3608,MACHINING,Depth of Cut,"0.3",mm,false,true,,,32,322,2025-12-25 00:15:14.477 +0700
3609,MACHINING,Lubrication,Oil,"",true,false,,,33,322,2025-12-25 00:15:14.522 +0700
3610,MACHINING,Condition Material After Machining,On Spec,"",true,false,,,36,322,2025-12-25 00:15:14.538 +0700
3611,MACHINING,Operator Note,"","",false,false,,,49,322,2025-12-25 00:15:14.552 +0700
3612,MACHINING,Process Machining,Honing,"",true,false,,,16,323,2025-12-25 03:59:36.358 +0700
3613,MACHINING,Material Type,Manufacture/Raw Material,"",true,false,,,62,323,2025-12-25 03:59:36.378 +0700
3614,MACHINING,Consumable Insert,M45,"",true,false,,,17,323,2025-12-25 03:59:36.411 +0700
3615,MACHINING,Length Machining,"230",mm,false,true,,,20,323,2025-12-25 03:59:36.433 +0700
3616,MACHINING,Dimension Before Machining,"88.700",mm,false,true,,,19,323,2025-12-25 03:59:36.456 +0700
3617,MACHINING,Dimension After Machining,"88.950",mm,false,true,,,35,323,2025-12-25 03:59:36.476 +0700
3618,MACHINING,RPM (Spindle Speed),"80",Rpm,false,true,,,26,323,2025-12-25 03:59:36.514 +0700
3619,MACHINING,Feeding,"15",mm/rev,false,true,,,30,323,2025-12-25 03:59:36.576 +0700
3620,MACHINING,Depth of Cut,"0.25",mm,false,true,,,32,323,2025-12-25 03:59:36.637 +0700
3621,MACHINING,Lubrication,Oil,"",true,false,,,33,323,2025-12-25 03:59:36.669 +0700
3622,MACHINING,Condition Material After Machining,On Spec,"",true,false,,,36,323,2025-12-25 03:59:36.704 +0700
3623,MACHINING,Operator Note,"","",false,false,,,49,323,2025-12-25 03:59:36.777 +0700
3624,MACHINING,Process Machining,Honing,"",true,false,,,16,324,2025-12-25 21:49:14.918 +0700
3625,MACHINING,Material Type,Manufacture/Raw Material,"",true,false,,,62,324,2025-12-25 21:49:14.947 +0700
3626,MACHINING,Consumable Insert,M45,"",true,false,,,17,324,2025-12-25 21:49:14.970 +0700
3627,MACHINING,Length Machining,"998",mm,false,true,,,20,324,2025-12-25 21:49:14.991 +0700
3628,MACHINING,Dimension Before Machining,"89.75",mm,false,true,,,19,324,2025-12-25 21:49:15.032 +0700
3629,MACHINING,Dimension After Machining,"90.03",mm,false,true,,,35,324,2025-12-25 21:49:15.047 +0700
3630,MACHINING,RPM (Spindle Speed),"65",Rpm,false,true,,,26,324,2025-12-25 21:49:15.064 +0700
3631,MACHINING,Feeding,"15",mm/rev,false,true,,,30,324,2025-12-25 21:49:15.078 +0700
3632,MACHINING,Depth of Cut,"0.28",mm,false,true,,,32,324,2025-12-25 21:49:15.110 +0700
3633,MACHINING,Lubrication,Oil,"",true,false,,,33,324,2025-12-25 21:49:15.130 +0700
3634,MACHINING,Condition Material After Machining,On Spec,"",true,false,,,36,324,2025-12-25 21:49:15.144 +0700
3635,MACHINING,Operator Note,"","",false,false,,,49,324,2025-12-25 21:49:15.162 +0700
3636,ID WELD,Pass No,"1",Number,false,true,,,1,325,2025-12-26 20:30:10.082 +0700
3637,ID WELD,Filler Material,KISWEL K71TLF,"",true,false,,,2,325,2025-12-26 20:30:10.101 +0700
3638,ID WELD,Wire Diameter,"1,2 mm","",true,false,,,3,325,2025-12-26 20:30:10.125 +0700
3639,ID WELD,Diameter Before Welding,"108",mm,false,true,,,5,325,2025-12-26 20:30:10.159 +0700
3640,ID WELD,Pre heat,"122",deg C,false,true,,,6,325,2025-12-26 20:30:10.182 +0700
3641,ID WELD,Gas Flowrate,"30",lpm,false,true,,,7,325,2025-12-26 20:30:10.198 +0700
3642,ID WELD,Amperage,"200",A,false,true,,,8,325,2025-12-26 20:30:10.224 +0700
3643,ID WELD,Voltage,"25",V,false,true,,,9,325,2025-12-26 20:30:10.260 +0700
3644,ID WELD,Control Speed,"0.56",Hz,false,true,,,4,325,2025-12-26 20:30:10.282 +0700
3645,ID WELD,Temperature After Welding,"224",deg C,false,true,,,10,325,2025-12-26 20:30:10.298 +0700
3646,ID WELD,Diameter After Welding,"99",mm,false,true,,,11,325,2025-12-26 20:30:10.313 +0700
3647,ID WELD,Lenght Welding,"105",mm,false,true,,,12,325,2025-12-26 20:30:10.331 +0700
3648,ID WELD,Operator Note,"","",false,false,,,13,325,2025-12-26 20:30:10.349 +0700
3649,ID WELD,Pass No,"",Number,false,true,,,1,326,2025-12-27 07:15:29.371 +0700
3650,ID WELD,Filler Material,KISWEL K71TLF,"",true,false,,,2,326,2025-12-27 07:15:29.402 +0700
3651,ID WELD,Wire Diameter,"1,2 mm","",true,false,,,3,326,2025-12-27 07:15:29.430 +0700
3652,ID WELD,Diameter Before Welding,"",mm,false,true,,,5,326,2025-12-27 07:15:29.457 +0700
3653,ID WELD,Pre heat,"150",deg C,false,true,,,6,326,2025-12-27 07:15:29.485 +0700
3654,ID WELD,Gas Flowrate,"30",lpm,false,true,,,7,326,2025-12-27 07:15:29.506 +0700
3655,ID WELD,Amperage,"230",A,false,true,,,8,326,2025-12-27 07:15:29.521 +0700
3656,ID WELD,Voltage,"250",V,false,true,,,9,326,2025-12-27 07:15:29.538 +0700
3657,ID WELD,Control Speed,"5.5",Hz,false,true,,,4,326,2025-12-27 07:15:29.567 +0700
3659,ID WELD,Diameter After Welding,"",mm,false,true,,,11,326,2025-12-27 07:15:29.610 +0700
3660,ID WELD,Lenght Welding,"",mm,false,true,,,12,326,2025-12-27 07:15:29.631 +0700
3661,ID WELD,Operator Note,Ok,"",false,false,,,13,326,2025-12-27 07:15:29.672 +0700
3662,MACHINING,Process Machining,Honing,"",true,false,,,16,327,2025-12-27 15:13:03.565 +0700
3663,MACHINING,Material Type,Manufacture/Raw Material,"",true,false,,,62,327,2025-12-27 15:13:03.588 +0700
3664,MACHINING,Consumable Insert,W45,"",true,false,,,17,327,2025-12-27 15:13:03.621 +0700
3665,MACHINING,Length Machining,"425.45",mm,false,true,,,20,327,2025-12-27 15:13:03.649 +0700
3666,MACHINING,Dimension Before Machining,"203",mm,false,true,,,19,327,2025-12-27 15:13:03.663 +0700
3667,MACHINING,Dimension After Machining,"203.3",mm,false,true,,,35,327,2025-12-27 15:13:03.688 +0700
3668,MACHINING,RPM (Spindle Speed),"80",Rpm,false,true,,,26,327,2025-12-27 15:13:03.712 +0700
3669,MACHINING,Feeding,"15",mm/rev,false,true,,,30,327,2025-12-27 15:13:03.731 +0700
3670,MACHINING,Depth of Cut,"0.3",mm,false,true,,,32,327,2025-12-27 15:13:03.753 +0700
3671,MACHINING,Lubrication,Oil,"",true,false,,,33,327,2025-12-27 15:13:03.773 +0700
3672,MACHINING,Condition Material After Machining,On Spec,"",true,false,,,36,327,2025-12-27 15:13:03.797 +0700
3673,MACHINING,Operator Note,"","",false,false,,,49,327,2025-12-27 15:13:03.816 +0700
3674,MACHINING,Process Machining,Honing,"",true,false,,,16,329,2025-12-27 19:20:29.845 +0700
3675,MACHINING,Material Type,Manufacture/Raw Material,"",true,false,,,62,329,2025-12-27 19:20:29.901 +0700
3676,MACHINING,Consumable Insert,W45,"",true,false,,,17,329,2025-12-27 19:20:29.921 +0700
3677,MACHINING,Length Machining,"425.45",mm,false,true,,,20,329,2025-12-27 19:20:29.940 +0700
3678,MACHINING,Dimension Before Machining,"203.400",mm,false,true,,,19,329,2025-12-27 19:20:29.951 +0700
3679,MACHINING,Dimension After Machining,"203.200",mm,false,true,,,35,329,2025-12-27 19:20:29.975 +0700
3680,MACHINING,RPM (Spindle Speed),"80",Rpm,false,true,,,26,329,2025-12-27 19:20:29.991 +0700
3681,MACHINING,Feeding,"15",mm/rev,false,true,,,30,329,2025-12-27 19:20:30.016 +0700
3682,MACHINING,Depth of Cut,"0.2",mm,false,true,,,32,329,2025-12-27 19:20:30.040 +0700
3683,MACHINING,Lubrication,Oil,"",true,false,,,33,329,2025-12-27 19:20:30.051 +0700
3684,MACHINING,Condition Material After Machining,On Spec,"",true,false,,,36,329,2025-12-27 19:20:30.077 +0700
3685,MACHINING,Operator Note,"","",false,false,,,49,329,2025-12-27 19:20:30.120 +0700
3686,MACHINING,Process Machining,Honing,"",true,false,,,16,330,2025-12-27 21:46:13.162 +0700
3687,MACHINING,Material Type,Manufacture/Raw Material,"",true,false,,,62,330,2025-12-27 21:46:13.214 +0700
3688,MACHINING,Consumable Insert,M45,"",true,false,,,17,330,2025-12-27 21:46:13.239 +0700
3689,MACHINING,Length Machining,"726.60",mm,false,true,,,20,330,2025-12-27 21:46:13.255 +0700
3690,MACHINING,Dimension Before Machining,"88.70",mm,false,true,,,19,330,2025-12-27 21:46:13.279 +0700
3691,MACHINING,Dimension After Machining,"88.95",mm,false,true,,,35,330,2025-12-27 21:46:13.316 +0700
3692,MACHINING,RPM (Spindle Speed),"65",Rpm,false,true,,,26,330,2025-12-27 21:46:13.358 +0700
3693,MACHINING,Feeding,"15",mm/rev,false,true,,,30,330,2025-12-27 21:46:13.382 +0700
3694,MACHINING,Depth of Cut,"0.25",mm,false,true,,,32,330,2025-12-27 21:46:13.419 +0700
3695,MACHINING,Lubrication,Oil,"",true,false,,,33,330,2025-12-27 21:46:13.443 +0700
3696,MACHINING,Condition Material After Machining,On Spec,"",true,false,,,36,330,2025-12-27 21:46:13.463 +0700
3697,MACHINING,Operator Note,"","",false,false,,,49,330,2025-12-27 21:46:13.491 +0700
3698,ID WELD,Pass No,"",Number,false,true,,,1,331,2025-12-29 21:19:09.712 +0700
3699,ID WELD,Filler Material,KISWEL K71TLF,"",true,false,,,2,331,2025-12-29 21:19:09.728 +0700
3700,ID WELD,Wire Diameter,"1,2 mm","",true,false,,,3,331,2025-12-29 21:19:09.752 +0700
3701,ID WELD,Diameter Before Welding,"",mm,false,true,,,5,331,2025-12-29 21:19:09.790 +0700
3702,ID WELD,Pre heat,"150",deg C,false,true,,,6,331,2025-12-29 21:19:09.859 +0700
3703,ID WELD,Gas Flowrate,"30",lpm,false,true,,,7,331,2025-12-29 21:19:09.876 +0700
3704,ID WELD,Amperage,"235",A,false,true,,,8,331,2025-12-29 21:19:09.939 +0700
3705,ID WELD,Voltage,"260",V,false,true,,,9,331,2025-12-29 21:19:09.961 +0700
3706,ID WELD,Control Speed,"5.5",Hz,false,true,,,4,331,2025-12-29 21:19:09.976 +0700
3707,ID WELD,Temperature After Welding,"",deg C,false,true,,,10,331,2025-12-29 21:19:10.007 +0700
3708,ID WELD,Diameter After Welding,"",mm,false,true,,,11,331,2025-12-29 21:19:10.023 +0700
3709,ID WELD,Lenght Welding,"",mm,false,true,,,12,331,2025-12-29 21:19:10.038 +0700
3710,ID WELD,Operator Note,"","",false,false,,,13,331,2025-12-29 21:19:10.058 +0700
3711,ID WELD,Pass No,"",Number,false,true,,,1,332,2026-01-05 07:16:41.428 +0700
3712,ID WELD,Filler Material,KISWEL K71TLF,"",true,false,,,2,332,2026-01-05 07:16:41.452 +0700
3713,ID WELD,Wire Diameter,"1,2 mm","",true,false,,,3,332,2026-01-05 07:16:41.498 +0700
3714,ID WELD,Diameter Before Welding,"",mm,false,true,,,5,332,2026-01-05 07:16:41.523 +0700
3715,ID WELD,Pre heat,"150",deg C,false,true,,,6,332,2026-01-05 07:16:41.550 +0700
3716,ID WELD,Gas Flowrate,"35",lpm,false,true,,,7,332,2026-01-05 07:16:41.583 +0700
3717,ID WELD,Amperage,"230",A,false,true,,,8,332,2026-01-05 07:16:41.605 +0700
3718,ID WELD,Voltage,"260",V,false,true,,,9,332,2026-01-05 07:16:41.630 +0700
3719,ID WELD,Control Speed,"0.55",Hz,false,true,,,4,332,2026-01-05 07:16:41.647 +0700
3720,ID WELD,Temperature After Welding,"",deg C,false,true,,,10,332,2026-01-05 07:16:41.685 +0700
3721,ID WELD,Diameter After Welding,"",mm,false,true,,,11,332,2026-01-05 07:16:41.702 +0700
3722,ID WELD,Lenght Welding,"",mm,false,true,,,12,332,2026-01-05 07:16:41.722 +0700
3723,ID WELD,Operator Note,"","",false,false,,,13,332,2026-01-05 07:16:41.747 +0700
3724,ID WELD,Pass No,"",Number,false,true,,,1,334,2026-01-05 09:43:50.120 +0700
3725,ID WELD,Filler Material,KISWEL K71TLF,"",true,false,,,2,334,2026-01-05 09:43:50.189 +0700
3726,ID WELD,Wire Diameter,"1,2 mm","",true,false,,,3,334,2026-01-05 09:43:50.221 +0700
3727,ID WELD,Diameter Before Welding,"",mm,false,true,,,5,334,2026-01-05 09:43:50.246 +0700
3728,ID WELD,Pre heat,"150",deg C,false,true,,,6,334,2026-01-05 09:43:50.268 +0700
3729,ID WELD,Gas Flowrate,"35",lpm,false,true,,,7,334,2026-01-05 09:43:50.291 +0700
3730,ID WELD,Amperage,"230",A,false,true,,,8,334,2026-01-05 09:43:50.323 +0700
3731,ID WELD,Voltage,"260",V,false,true,,,9,334,2026-01-05 09:43:50.367 +0700
3732,ID WELD,Control Speed,"0.55",Hz,false,true,,,4,334,2026-01-05 09:43:50.475 +0700
3733,ID WELD,Temperature After Welding,"",deg C,false,true,,,10,334,2026-01-05 09:43:50.497 +0700
3734,ID WELD,Diameter After Welding,"",mm,false,true,,,11,334,2026-01-05 09:43:50.554 +0700
3735,ID WELD,Lenght Welding,"",mm,false,true,,,12,334,2026-01-05 09:43:50.574 +0700
3736,ID WELD,Operator Note,"","",false,false,,,13,334,2026-01-05 09:43:50.599 +0700
3737,ID WELD,Pass No,"",Number,false,true,,,1,335,2026-01-05 09:44:38.857 +0700
3738,ID WELD,Filler Material,KISWEL K71TLF,"",true,false,,,2,335,2026-01-05 09:44:38.872 +0700
3739,ID WELD,Wire Diameter,"1,2 mm","",true,false,,,3,335,2026-01-05 09:44:38.897 +0700
3740,ID WELD,Diameter Before Welding,"",mm,false,true,,,5,335,2026-01-05 09:44:38.919 +0700
3741,ID WELD,Pre heat,"150",deg C,false,true,,,6,335,2026-01-05 09:44:38.979 +0700
3742,ID WELD,Gas Flowrate,"35",lpm,false,true,,,7,335,2026-01-05 09:44:39.009 +0700
3743,ID WELD,Amperage,"230",A,false,true,,,8,335,2026-01-05 09:44:39.046 +0700
3744,ID WELD,Voltage,"260",V,false,true,,,9,335,2026-01-05 09:44:39.064 +0700
3745,ID WELD,Control Speed,"0.55",Hz,false,true,,,4,335,2026-01-05 09:44:39.149 +0700
3746,ID WELD,Temperature After Welding,"",deg C,false,true,,,10,335,2026-01-05 09:44:39.163 +0700
3747,ID WELD,Diameter After Welding,"",mm,false,true,,,11,335,2026-01-05 09:44:39.193 +0700
3748,ID WELD,Lenght Welding,"",mm,false,true,,,12,335,2026-01-05 09:44:39.227 +0700
3749,ID WELD,Operator Note,"","",false,false,,,13,335,2026-01-05 09:44:39.260 +0700
3750,SAW,Filler Material,Bohler EM12K,"",true,false,,,14,336,2026-01-06 15:19:56.789 +0700
3751,SAW,Flux,LINCOLN A96S,"",true,true,,,144,336,2026-01-06 15:19:56.809 +0700
3752,SAW,Wire Diameter,"2,4 mm","",true,false,,,15,336,2026-01-06 15:19:56.845 +0700
3753,SAW,Diameter Before Welding,"",mm,false,true,,,21,336,2026-01-06 15:19:56.860 +0700
3754,SAW,Pre heat,"150",deg C,false,true,,,22,336,2026-01-06 15:19:56.875 +0700
3755,SAW,Amperage,"300",A,false,true,,,23,336,2026-01-06 15:19:56.892 +0700
3756,SAW,Voltage,"27",V,false,true,,,24,336,2026-01-06 15:19:56.908 +0700
3757,SAW,Speed Frekuensi,"35",Hz,false,false,,,18,336,2026-01-06 15:19:56.951 +0700
3758,SAW,Temperature After Welding,"150",deg C,false,true,,,25,336,2026-01-06 15:19:56.968 +0700
3759,SAW,Diameter After Welding Area 1,"226",mm,false,true,,,27,336,2026-01-06 15:19:56.985 +0700
3760,SAW,Diameter After Welding Area 2,"",mm,false,true,,,28,336,2026-01-06 15:19:57.010 +0700
3761,SAW,Lenght Welding,"1075",mm,false,true,,,29,336,2026-01-06 15:19:57.051 +0700
3762,SAW,Operator Note,"11005083","",false,false,,,31,336,2026-01-06 15:19:57.068 +0700
3763,SAW,Filler Material,Bohler EM12K,"",true,false,,,14,337,2026-01-06 15:20:01.752 +0700
3764,SAW,Flux,LINCOLN A96S,"",true,true,,,144,337,2026-01-06 15:20:01.769 +0700
3765,SAW,Wire Diameter,"2,4 mm","",true,false,,,15,337,2026-01-06 15:20:01.869 +0700
3766,SAW,Diameter Before Welding,"",mm,false,true,,,21,337,2026-01-06 15:20:01.905 +0700
3767,SAW,Pre heat,"150",deg C,false,true,,,22,337,2026-01-06 15:20:01.964 +0700
3768,SAW,Amperage,"300",A,false,true,,,23,337,2026-01-06 15:20:01.987 +0700
3769,SAW,Voltage,"27",V,false,true,,,24,337,2026-01-06 15:20:02.001 +0700
3770,SAW,Speed Frekuensi,"35",Hz,false,false,,,18,337,2026-01-06 15:20:02.018 +0700
3771,SAW,Temperature After Welding,"150",deg C,false,true,,,25,337,2026-01-06 15:20:02.057 +0700
3772,SAW,Diameter After Welding Area 1,"226",mm,false,true,,,27,337,2026-01-06 15:20:02.076 +0700
3773,SAW,Diameter After Welding Area 2,"",mm,false,true,,,28,337,2026-01-06 15:20:02.093 +0700
3774,SAW,Lenght Welding,"1075",mm,false,true,,,29,337,2026-01-06 15:20:02.110 +0700
3775,SAW,Operator Note,"11005083","",false,false,,,31,337,2026-01-06 15:20:02.164 +0700
3776,MACHINING,Process Machining,Roughing,"",true,false,,,16,339,2026-01-06 22:47:42.468 +0700
3777,MACHINING,Material Type,Manufacture/Raw Material,"",true,false,,,62,339,2026-01-06 22:47:42.493 +0700
3778,MACHINING,Consumable Insert,BA101,"",true,false,,,17,339,2026-01-06 22:47:42.506 +0700
3779,MACHINING,Length Machining,"1075.6",mm,false,true,,,20,339,2026-01-06 22:47:42.522 +0700
3780,MACHINING,Dimension Before Machining,"230",mm,false,true,,,19,339,2026-01-06 22:47:42.544 +0700
3781,MACHINING,Dimension After Machining,"228.52",mm,false,true,,,35,339,2026-01-06 22:47:42.563 +0700
3782,MACHINING,RPM (Spindle Speed),"125",Rpm,false,true,,,26,339,2026-01-06 22:47:42.595 +0700
3783,MACHINING,Feeding,"0.15",mm/rev,false,true,,,30,339,2026-01-06 22:47:42.613 +0700
3784,MACHINING,Depth of Cut,"1",mm,false,true,,,32,339,2026-01-06 22:47:42.639 +0700
3785,MACHINING,Lubrication,Coolant,"",true,false,,,33,339,2026-01-06 22:47:42.655 +0700
3786,MACHINING,Condition Material After Machining,On Spec,"",true,false,,,36,339,2026-01-06 22:47:42.672 +0700
3787,MACHINING,Operator Note,Done,"",false,false,,,49,339,2026-01-06 22:47:42.697 +0700
3788,MACHINING,Process Machining,Roughing,"",true,false,,,16,340,2026-01-06 22:50:34.062 +0700
3789,MACHINING,Material Type,Manufacture/Raw Material,"",true,false,,,62,340,2026-01-06 22:50:34.092 +0700
3790,MACHINING,Consumable Insert,BA101,"",true,false,,,17,340,2026-01-06 22:50:34.129 +0700
3791,MACHINING,Length Machining,"71",mm,false,true,,,20,340,2026-01-06 22:50:34.154 +0700
3792,MACHINING,Dimension Before Machining,"200",mm,false,true,,,19,340,2026-01-06 22:50:34.173 +0700
3793,MACHINING,Dimension After Machining,"132",mm,false,true,,,35,340,2026-01-06 22:50:34.195 +0700
3794,MACHINING,RPM (Spindle Speed),"125",Rpm,false,true,,,26,340,2026-01-06 22:50:34.214 +0700
3795,MACHINING,Feeding,"0.13",mm/rev,false,true,,,30,340,2026-01-06 22:50:34.233 +0700
3796,MACHINING,Depth of Cut,"1",mm,false,true,,,32,340,2026-01-06 22:50:34.257 +0700
3797,MACHINING,Lubrication,Coolant,"",true,false,,,33,340,2026-01-06 22:50:34.272 +0700
3798,MACHINING,Condition Material After Machining,On Spec,"",true,false,,,36,340,2026-01-06 22:50:34.297 +0700
3799,MACHINING,Operator Note,Done,"",false,false,,,49,340,2026-01-06 22:50:34.317 +0700
3800,MACHINING,Process Machining,Roughing,"",true,false,,,16,341,2026-01-06 22:51:27.902 +0700
3801,MACHINING,Material Type,Manufacture/Raw Material,"",true,false,,,62,341,2026-01-06 22:51:27.934 +0700
3802,MACHINING,Consumable Insert,BA101,"",true,false,,,17,341,2026-01-06 22:51:27.956 +0700
3803,MACHINING,Length Machining,"1075.6",mm,false,true,,,20,341,2026-01-06 22:51:27.991 +0700
3804,MACHINING,Dimension Before Machining,"228.52",mm,false,true,,,19,341,2026-01-06 22:51:28.008 +0700
3805,MACHINING,Dimension After Machining,"226",mm,false,true,,,35,341,2026-01-06 22:51:28.033 +0700
3806,MACHINING,RPM (Spindle Speed),"125",Rpm,false,true,,,26,341,2026-01-06 22:51:28.065 +0700
3807,MACHINING,Feeding,"0.2",mm/rev,false,true,,,30,341,2026-01-06 22:51:28.083 +0700
3808,MACHINING,Depth of Cut,"1",mm,false,true,,,32,341,2026-01-06 22:51:28.096 +0700
3809,MACHINING,Lubrication,Coolant,"",true,false,,,33,341,2026-01-06 22:51:28.112 +0700
3810,MACHINING,Condition Material After Machining,On Spec,"",true,false,,,36,341,2026-01-06 22:51:28.142 +0700
3811,MACHINING,Operator Note,Striping done,"",false,false,,,49,341,2026-01-06 22:51:28.156 +0700
3812,SAW,Filler Material,Bohler EM12K,"",true,false,,,14,342,2026-01-07 02:59:09.659 +0700
3813,SAW,Flux,"","",true,true,,,144,342,2026-01-07 02:59:09.675 +0700
3814,SAW,Wire Diameter,"2,4 mm","",true,false,,,15,342,2026-01-07 02:59:09.691 +0700
3815,SAW,Diameter Before Welding,"227",mm,false,true,,,21,342,2026-01-07 02:59:09.713 +0700
3816,SAW,Pre heat,"163",deg C,false,true,,,22,342,2026-01-07 02:59:09.733 +0700
3817,SAW,Amperage,"320",A,false,true,,,23,342,2026-01-07 02:59:09.756 +0700
3818,SAW,Voltage,"28",V,false,true,,,24,342,2026-01-07 02:59:09.773 +0700
3819,SAW,Speed Frekuensi,"36",Hz,false,false,,,18,342,2026-01-07 02:59:09.796 +0700
3820,SAW,Temperature After Welding,"220",deg C,false,true,,,25,342,2026-01-07 02:59:09.814 +0700
3821,SAW,Diameter After Welding Area 1,"230",mm,false,true,,,27,342,2026-01-07 02:59:09.834 +0700
3822,SAW,Diameter After Welding Area 2,"",mm,false,true,,,28,342,2026-01-07 02:59:09.857 +0700
3823,SAW,Lenght Welding,"350",mm,false,true,,,29,342,2026-01-07 02:59:09.875 +0700
3824,SAW,Operator Note,"","",false,false,,,31,342,2026-01-07 02:59:09.890 +0700
3825,SAW,Filler Material,Bohler EM12K,"",true,false,,,14,343,2026-01-07 02:59:13.715 +0700
3826,SAW,Flux,"","",true,true,,,144,343,2026-01-07 02:59:13.745 +0700
3827,SAW,Wire Diameter,"2,4 mm","",true,false,,,15,343,2026-01-07 02:59:13.765 +0700
3828,SAW,Diameter Before Welding,"227",mm,false,true,,,21,343,2026-01-07 02:59:13.782 +0700
3829,SAW,Pre heat,"163",deg C,false,true,,,22,343,2026-01-07 02:59:13.804 +0700
3830,SAW,Amperage,"320",A,false,true,,,23,343,2026-01-07 02:59:13.822 +0700
3831,SAW,Voltage,"28",V,false,true,,,24,343,2026-01-07 02:59:13.849 +0700
3832,SAW,Speed Frekuensi,"36",Hz,false,false,,,18,343,2026-01-07 02:59:13.865 +0700
3833,SAW,Temperature After Welding,"220",deg C,false,true,,,25,343,2026-01-07 02:59:13.891 +0700
3834,SAW,Diameter After Welding Area 1,"230",mm,false,true,,,27,343,2026-01-07 02:59:13.908 +0700
3835,SAW,Diameter After Welding Area 2,"",mm,false,true,,,28,343,2026-01-07 02:59:13.923 +0700
3836,SAW,Lenght Welding,"350",mm,false,true,,,29,343,2026-01-07 02:59:13.949 +0700
3837,SAW,Operator Note,"","",false,false,,,31,343,2026-01-07 02:59:13.966 +0700
3838,SAW,Filler Material,Bohler EM12K,"",true,false,,,14,344,2026-01-07 02:59:16.203 +0700
3839,SAW,Flux,"","",true,true,,,144,344,2026-01-07 02:59:16.222 +0700
3840,SAW,Wire Diameter,"2,4 mm","",true,false,,,15,344,2026-01-07 02:59:16.239 +0700
3841,SAW,Diameter Before Welding,"227",mm,false,true,,,21,344,2026-01-07 02:59:16.259 +0700
3842,SAW,Pre heat,"163",deg C,false,true,,,22,344,2026-01-07 02:59:16.273 +0700
3843,SAW,Amperage,"320",A,false,true,,,23,344,2026-01-07 02:59:16.296 +0700
3844,SAW,Voltage,"28",V,false,true,,,24,344,2026-01-07 02:59:16.321 +0700
3845,SAW,Speed Frekuensi,"36",Hz,false,false,,,18,344,2026-01-07 02:59:16.343 +0700
3846,SAW,Temperature After Welding,"220",deg C,false,true,,,25,344,2026-01-07 02:59:16.357 +0700
3847,SAW,Diameter After Welding Area 1,"230",mm,false,true,,,27,344,2026-01-07 02:59:16.373 +0700
3848,SAW,Diameter After Welding Area 2,"",mm,false,true,,,28,344,2026-01-07 02:59:16.398 +0700
3849,SAW,Lenght Welding,"350",mm,false,true,,,29,344,2026-01-07 02:59:16.415 +0700
3850,SAW,Operator Note,"","",false,false,,,31,344,2026-01-07 02:59:16.433 +0700
3851,SAW,Filler Material,Bohler EM12K,"",true,false,,,14,345,2026-01-07 02:59:18.582 +0700
3852,SAW,Flux,"","",true,true,,,144,345,2026-01-07 02:59:18.653 +0700
3853,SAW,Wire Diameter,"2,4 mm","",true,false,,,15,345,2026-01-07 02:59:18.675 +0700
3854,SAW,Diameter Before Welding,"227",mm,false,true,,,21,345,2026-01-07 02:59:18.687 +0700
3855,SAW,Pre heat,"163",deg C,false,true,,,22,345,2026-01-07 02:59:18.703 +0700
3856,SAW,Amperage,"320",A,false,true,,,23,345,2026-01-07 02:59:18.712 +0700
3857,SAW,Voltage,"28",V,false,true,,,24,345,2026-01-07 02:59:18.738 +0700
3858,SAW,Speed Frekuensi,"36",Hz,false,false,,,18,345,2026-01-07 02:59:18.759 +0700
3859,SAW,Temperature After Welding,"220",deg C,false,true,,,25,345,2026-01-07 02:59:18.771 +0700
3860,SAW,Diameter After Welding Area 1,"230",mm,false,true,,,27,345,2026-01-07 02:59:18.786 +0700
3861,SAW,Diameter After Welding Area 2,"",mm,false,true,,,28,345,2026-01-07 02:59:18.795 +0700
3862,SAW,Lenght Welding,"350",mm,false,true,,,29,345,2026-01-07 02:59:18.811 +0700
3863,SAW,Operator Note,"","",false,false,,,31,345,2026-01-07 02:59:18.820 +0700
3864,SAW,Filler Material,Bohler EM12K,"",true,false,,,14,346,2026-01-07 02:59:24.910 +0700
3865,SAW,Flux,"","",true,true,,,144,346,2026-01-07 02:59:24.926 +0700
3866,SAW,Wire Diameter,"2,4 mm","",true,false,,,15,346,2026-01-07 02:59:24.946 +0700
3867,SAW,Diameter Before Welding,"227",mm,false,true,,,21,346,2026-01-07 02:59:24.966 +0700
3868,SAW,Pre heat,"163",deg C,false,true,,,22,346,2026-01-07 02:59:24.998 +0700
3869,SAW,Amperage,"320",A,false,true,,,23,346,2026-01-07 02:59:25.016 +0700
3870,SAW,Voltage,"28",V,false,true,,,24,346,2026-01-07 02:59:25.033 +0700
3871,SAW,Speed Frekuensi,"36",Hz,false,false,,,18,346,2026-01-07 02:59:25.049 +0700
3872,SAW,Temperature After Welding,"220",deg C,false,true,,,25,346,2026-01-07 02:59:25.065 +0700
3873,SAW,Diameter After Welding Area 1,"230",mm,false,true,,,27,346,2026-01-07 02:59:25.081 +0700
3874,SAW,Diameter After Welding Area 2,"",mm,false,true,,,28,346,2026-01-07 02:59:25.105 +0700
3875,SAW,Lenght Welding,"350",mm,false,true,,,29,346,2026-01-07 02:59:25.123 +0700
3876,SAW,Operator Note,"","",false,false,,,31,346,2026-01-07 02:59:25.142 +0700
3877,SAW,Filler Material,Bohler EM12K,"",true,false,,,14,347,2026-01-07 02:59:36.353 +0700
3878,SAW,Flux,"","",true,true,,,144,347,2026-01-07 02:59:36.376 +0700
3879,SAW,Wire Diameter,"2,4 mm","",true,false,,,15,347,2026-01-07 02:59:36.392 +0700
3880,SAW,Diameter Before Welding,"227",mm,false,true,,,21,347,2026-01-07 02:59:36.456 +0700
3881,SAW,Pre heat,"163",deg C,false,true,,,22,347,2026-01-07 02:59:36.476 +0700
3882,SAW,Amperage,"320",A,false,true,,,23,347,2026-01-07 02:59:36.490 +0700
3883,SAW,Voltage,"28",V,false,true,,,24,347,2026-01-07 02:59:36.507 +0700
3884,SAW,Speed Frekuensi,"36",Hz,false,false,,,18,347,2026-01-07 02:59:36.533 +0700
3885,SAW,Temperature After Welding,"220",deg C,false,true,,,25,347,2026-01-07 02:59:36.566 +0700
3886,SAW,Diameter After Welding Area 1,"230",mm,false,true,,,27,347,2026-01-07 02:59:36.585 +0700
3887,SAW,Diameter After Welding Area 2,"",mm,false,true,,,28,347,2026-01-07 02:59:36.598 +0700
3888,SAW,Lenght Welding,"350",mm,false,true,,,29,347,2026-01-07 02:59:36.615 +0700
3889,SAW,Operator Note,"","",false,false,,,31,347,2026-01-07 02:59:36.631 +0700
3890,SAW,Filler Material,Bohler EM12K,"",true,false,,,14,348,2026-01-07 02:59:42.071 +0700
3891,SAW,Flux,"","",true,true,,,144,348,2026-01-07 02:59:42.096 +0700
3892,SAW,Wire Diameter,"2,4 mm","",true,false,,,15,348,2026-01-07 02:59:42.114 +0700
3893,SAW,Diameter Before Welding,"227",mm,false,true,,,21,348,2026-01-07 02:59:42.132 +0700
3894,SAW,Pre heat,"163",deg C,false,true,,,22,348,2026-01-07 02:59:42.148 +0700
3895,SAW,Amperage,"320",A,false,true,,,23,348,2026-01-07 02:59:42.164 +0700
3896,SAW,Voltage,"28",V,false,true,,,24,348,2026-01-07 02:59:42.188 +0700
3897,SAW,Speed Frekuensi,"36",Hz,false,false,,,18,348,2026-01-07 02:59:42.212 +0700
3898,SAW,Temperature After Welding,"220",deg C,false,true,,,25,348,2026-01-07 02:59:42.235 +0700
3899,SAW,Diameter After Welding Area 1,"230",mm,false,true,,,27,348,2026-01-07 02:59:42.251 +0700
3900,SAW,Diameter After Welding Area 2,"",mm,false,true,,,28,348,2026-01-07 02:59:42.264 +0700
3901,SAW,Lenght Welding,"350",mm,false,true,,,29,348,2026-01-07 02:59:42.288 +0700
3902,SAW,Operator Note,"","",false,false,,,31,348,2026-01-07 02:59:42.306 +0700
3903,SAW,Filler Material,Bohler EM12K,"",true,false,,,14,349,2026-01-07 03:00:11.453 +0700
3904,SAW,Flux,"","",true,true,,,144,349,2026-01-07 03:00:11.481 +0700
3905,SAW,Wire Diameter,"2,4 mm","",true,false,,,15,349,2026-01-07 03:00:11.497 +0700
3906,SAW,Diameter Before Welding,"227",mm,false,true,,,21,349,2026-01-07 03:00:11.514 +0700
3907,SAW,Pre heat,"167",deg C,false,true,,,22,349,2026-01-07 03:00:11.531 +0700
3908,SAW,Amperage,"320",A,false,true,,,23,349,2026-01-07 03:00:11.558 +0700
3909,SAW,Voltage,"28",V,false,true,,,24,349,2026-01-07 03:00:11.582 +0700
3910,SAW,Speed Frekuensi,"36",Hz,false,false,,,18,349,2026-01-07 03:00:11.598 +0700
3911,SAW,Temperature After Welding,"220",deg C,false,true,,,25,349,2026-01-07 03:00:11.623 +0700
3912,SAW,Diameter After Welding Area 1,"230",mm,false,true,,,27,349,2026-01-07 03:00:11.658 +0700
3913,SAW,Diameter After Welding Area 2,"",mm,false,true,,,28,349,2026-01-07 03:00:11.673 +0700
3914,SAW,Lenght Welding,"350",mm,false,true,,,29,349,2026-01-07 03:00:11.694 +0700
3915,SAW,Operator Note,"","",false,false,,,31,349,2026-01-07 03:00:11.713 +0700
3916,SAW,Filler Material,Bohler EM12K,"",true,false,,,14,350,2026-01-07 03:00:38.113 +0700
3917,SAW,Flux,"","",true,true,,,144,350,2026-01-07 03:00:38.139 +0700
3918,SAW,Wire Diameter,"2,4 mm","",true,false,,,15,350,2026-01-07 03:00:38.162 +0700
3919,SAW,Diameter Before Welding,"227",mm,false,true,,,21,350,2026-01-07 03:00:38.179 +0700
3920,SAW,Pre heat,"153",deg C,false,true,,,22,350,2026-01-07 03:00:38.196 +0700
3921,SAW,Amperage,"320",A,false,true,,,23,350,2026-01-07 03:00:38.216 +0700
3922,SAW,Voltage,"28",V,false,true,,,24,350,2026-01-07 03:00:38.241 +0700
3923,SAW,Speed Frekuensi,"36",Hz,false,false,,,18,350,2026-01-07 03:00:38.302 +0700
3924,SAW,Temperature After Welding,"195",deg C,false,true,,,25,350,2026-01-07 03:00:38.324 +0700
3925,SAW,Diameter After Welding Area 1,"230",mm,false,true,,,27,350,2026-01-07 03:00:38.338 +0700
3926,SAW,Diameter After Welding Area 2,"",mm,false,true,,,28,350,2026-01-07 03:00:38.353 +0700
3927,SAW,Lenght Welding,"350",mm,false,true,,,29,350,2026-01-07 03:00:38.373 +0700
3928,SAW,Operator Note,"","",false,false,,,31,350,2026-01-07 03:00:38.389 +0700
3929,MACHINING,Process Machining,Roughing,"",true,false,,,16,352,2026-01-07 03:53:08.495 +0700
3930,MACHINING,Material Type,Manufacture/Raw Material,"",true,false,,,62,352,2026-01-07 03:53:08.528 +0700
3931,MACHINING,Consumable Insert,BA101,"",true,false,,,17,352,2026-01-07 03:53:08.564 +0700
3932,MACHINING,Length Machining,"1075.6",mm,false,true,,,20,352,2026-01-07 03:53:08.586 +0700
3933,MACHINING,Dimension Before Machining,"236",mm,false,true,,,19,352,2026-01-07 03:53:08.629 +0700
3934,MACHINING,Dimension After Machining,"228.52",mm,false,true,,,35,352,2026-01-07 03:53:08.667 +0700
3935,MACHINING,RPM (Spindle Speed),"125",Rpm,false,true,,,26,352,2026-01-07 03:53:08.689 +0700
3936,MACHINING,Feeding,"0.15",mm/rev,false,true,,,30,352,2026-01-07 03:53:08.730 +0700
3937,MACHINING,Depth of Cut,"1",mm,false,true,,,32,352,2026-01-07 03:53:08.768 +0700
3938,MACHINING,Lubrication,Coolant,"",true,false,,,33,352,2026-01-07 03:53:08.792 +0700
3939,MACHINING,Condition Material After Machining,Crack,"",true,false,,,36,352,2026-01-07 03:53:08.816 +0700
3940,MACHINING,Operator Note,Crak ,"",false,false,,,49,352,2026-01-07 03:53:08.854 +0700
3941,MACHINING,Process Machining,Roughing,"",true,false,,,16,353,2026-01-07 03:53:13.816 +0700
3942,MACHINING,Material Type,Manufacture/Raw Material,"",true,false,,,62,353,2026-01-07 03:53:13.847 +0700
3943,MACHINING,Consumable Insert,BA101,"",true,false,,,17,353,2026-01-07 03:53:13.870 +0700
3944,MACHINING,Length Machining,"1075.6",mm,false,true,,,20,353,2026-01-07 03:53:13.896 +0700
3945,MACHINING,Dimension Before Machining,"236",mm,false,true,,,19,353,2026-01-07 03:53:13.916 +0700
3946,MACHINING,Dimension After Machining,"228.52",mm,false,true,,,35,353,2026-01-07 03:53:13.930 +0700
3947,MACHINING,RPM (Spindle Speed),"125",Rpm,false,true,,,26,353,2026-01-07 03:53:13.955 +0700
3948,MACHINING,Feeding,"0.15",mm/rev,false,true,,,30,353,2026-01-07 03:53:13.969 +0700
3949,MACHINING,Depth of Cut,"1",mm,false,true,,,32,353,2026-01-07 03:53:13.996 +0700
3950,MACHINING,Lubrication,Coolant,"",true,false,,,33,353,2026-01-07 03:53:14.015 +0700
3951,MACHINING,Condition Material After Machining,Crack,"",true,false,,,36,353,2026-01-07 03:53:14.032 +0700
3952,MACHINING,Operator Note,Crak ,"",false,false,,,49,353,2026-01-07 03:53:14.281 +0700
3953,ID WELD,Pass No,"",Number,false,true,,,1,354,2026-01-07 09:36:22.999 +0700
3954,ID WELD,Filler Material,KISWEL K71TLF,"",true,false,,,2,354,2026-01-07 09:36:23.024 +0700
3955,ID WELD,Wire Diameter,"1,2 mm","",true,false,,,3,354,2026-01-07 09:36:23.073 +0700
3956,ID WELD,Diameter Before Welding,"",mm,false,true,,,5,354,2026-01-07 09:36:23.102 +0700
3957,ID WELD,Pre heat,"150",deg C,false,true,,,6,354,2026-01-07 09:36:23.126 +0700
3958,ID WELD,Gas Flowrate,"35",lpm,false,true,,,7,354,2026-01-07 09:36:23.148 +0700
3959,ID WELD,Amperage,"230",A,false,true,,,8,354,2026-01-07 09:36:23.190 +0700
3960,ID WELD,Voltage,"260",V,false,true,,,9,354,2026-01-07 09:36:23.212 +0700
3961,ID WELD,Control Speed,"0.55",Hz,false,true,,,4,354,2026-01-07 09:36:23.227 +0700
3962,ID WELD,Temperature After Welding,"",deg C,false,true,,,10,354,2026-01-07 09:36:23.242 +0700
3963,ID WELD,Diameter After Welding,"",mm,false,true,,,11,354,2026-01-07 09:36:23.272 +0700
3964,ID WELD,Lenght Welding,"",mm,false,true,,,12,354,2026-01-07 09:36:23.284 +0700
3965,ID WELD,Operator Note,"","",false,false,,,13,354,2026-01-07 09:36:23.312 +0700
3966,SAW,Filler Material,Bohler EM12K,"",true,false,,,14,355,2026-01-07 16:24:48.140 +0700
3967,SAW,Flux,LINCOLN A96S,"",true,true,,,144,355,2026-01-07 16:24:48.159 +0700
3968,SAW,Wire Diameter,"2,4 mm","",true,false,,,15,355,2026-01-07 16:24:48.229 +0700
3969,SAW,Diameter Before Welding,"227",mm,false,true,,,21,355,2026-01-07 16:24:48.249 +0700
3970,SAW,Pre heat,"150",deg C,false,true,,,22,355,2026-01-07 16:24:48.262 +0700
3971,SAW,Amperage,"300",A,false,true,,,23,355,2026-01-07 16:24:48.300 +0700
3972,SAW,Voltage,"26",V,false,true,,,24,355,2026-01-07 16:24:48.313 +0700
3973,SAW,Speed Frekuensi,"35",Hz,false,false,,,18,355,2026-01-07 16:24:48.342 +0700
3974,SAW,Temperature After Welding,"150",deg C,false,true,,,25,355,2026-01-07 16:24:48.364 +0700
3975,SAW,Diameter After Welding Area 1,"232",mm,false,true,,,27,355,2026-01-07 16:24:48.381 +0700
3976,SAW,Diameter After Welding Area 2,"232",mm,false,true,,,28,355,2026-01-07 16:24:48.402 +0700
3977,SAW,Lenght Welding,"350",mm,false,true,,,29,355,2026-01-07 16:24:48.421 +0700
3978,SAW,Operator Note,"","",false,false,,,31,355,2026-01-07 16:24:48.446 +0700
3979,SAW,Filler Material,Bohler EM12K,"",true,false,,,14,356,2026-01-08 00:44:05.431 +0700
3980,SAW,Flux,"","",true,true,,,144,356,2026-01-08 00:44:05.461 +0700
3981,SAW,Wire Diameter,"2,4 mm","",true,false,,,15,356,2026-01-08 00:44:05.472 +0700
3982,SAW,Diameter Before Welding,"227",mm,false,true,,,21,356,2026-01-08 00:44:05.500 +0700
3983,SAW,Pre heat,"163",deg C,false,true,,,22,356,2026-01-08 00:44:05.514 +0700
3984,SAW,Amperage,"320",A,false,true,,,23,356,2026-01-08 00:44:05.548 +0700
3985,SAW,Voltage,"28",V,false,true,,,24,356,2026-01-08 00:44:05.571 +0700
3986,SAW,Speed Frekuensi,"36",Hz,false,false,,,18,356,2026-01-08 00:44:05.590 +0700
3987,SAW,Temperature After Welding,"240",deg C,false,true,,,25,356,2026-01-08 00:44:05.607 +0700
3988,SAW,Diameter After Welding Area 1,"232",mm,false,true,,,27,356,2026-01-08 00:44:05.636 +0700
3989,SAW,Diameter After Welding Area 2,"",mm,false,true,,,28,356,2026-01-08 00:44:05.646 +0700
3990,SAW,Lenght Welding,"350",mm,false,true,,,29,356,2026-01-08 00:44:05.670 +0700
3991,SAW,Operator Note,"","",false,false,,,31,356,2026-01-08 00:44:05.692 +0700
3992,SAW,Filler Material,Bohler EM12K,"",true,false,,,14,357,2026-01-08 00:44:09.768 +0700
3993,SAW,Flux,"","",true,true,,,144,357,2026-01-08 00:44:09.783 +0700
3994,SAW,Wire Diameter,"2,4 mm","",true,false,,,15,357,2026-01-08 00:44:09.805 +0700
3995,SAW,Diameter Before Welding,"227",mm,false,true,,,21,357,2026-01-08 00:44:09.831 +0700
3996,SAW,Pre heat,"163",deg C,false,true,,,22,357,2026-01-08 00:44:09.849 +0700
3997,SAW,Amperage,"320",A,false,true,,,23,357,2026-01-08 00:44:09.877 +0700
3998,SAW,Voltage,"28",V,false,true,,,24,357,2026-01-08 00:44:09.901 +0700
3999,SAW,Speed Frekuensi,"36",Hz,false,false,,,18,357,2026-01-08 00:44:09.915 +0700
4000,SAW,Temperature After Welding,"240",deg C,false,true,,,25,357,2026-01-08 00:44:09.938 +0700
4001,SAW,Diameter After Welding Area 1,"232",mm,false,true,,,27,357,2026-01-08 00:44:09.965 +0700
4002,SAW,Diameter After Welding Area 2,"",mm,false,true,,,28,357,2026-01-08 00:44:09.981 +0700
4003,SAW,Lenght Welding,"350",mm,false,true,,,29,357,2026-01-08 00:44:10.002 +0700
4004,SAW,Operator Note,"","",false,false,,,31,357,2026-01-08 00:44:10.015 +0700
4005,SAW,Filler Material,Bohler EM12K,"",true,false,,,14,358,2026-01-08 00:44:16.624 +0700
4006,SAW,Flux,"","",true,true,,,144,358,2026-01-08 00:44:16.640 +0700
4007,SAW,Wire Diameter,"2,4 mm","",true,false,,,15,358,2026-01-08 00:44:16.662 +0700
4008,SAW,Diameter Before Welding,"227",mm,false,true,,,21,358,2026-01-08 00:44:16.705 +0700
4009,SAW,Pre heat,"163",deg C,false,true,,,22,358,2026-01-08 00:44:16.728 +0700
4010,SAW,Amperage,"320",A,false,true,,,23,358,2026-01-08 00:44:16.756 +0700
4011,SAW,Voltage,"28",V,false,true,,,24,358,2026-01-08 00:44:16.790 +0700
4012,SAW,Speed Frekuensi,"36",Hz,false,false,,,18,358,2026-01-08 00:44:16.807 +0700
4013,SAW,Temperature After Welding,"240",deg C,false,true,,,25,358,2026-01-08 00:44:16.825 +0700
4014,SAW,Diameter After Welding Area 1,"232",mm,false,true,,,27,358,2026-01-08 00:44:16.838 +0700
4015,SAW,Diameter After Welding Area 2,"",mm,false,true,,,28,358,2026-01-08 00:44:16.863 +0700
4016,SAW,Lenght Welding,"350",mm,false,true,,,29,358,2026-01-08 00:44:16.893 +0700
4017,SAW,Operator Note,"","",false,false,,,31,358,2026-01-08 00:44:16.905 +0700
4018,MACHINING,Process Machining,Roughing,"",true,false,,,16,360,2026-01-08 03:42:42.503 +0700
4019,MACHINING,Material Type,Manufacture/Raw Material,"",true,false,,,62,360,2026-01-08 03:42:42.531 +0700
4020,MACHINING,Consumable Insert,BA101,"",true,false,,,17,360,2026-01-08 03:42:42.558 +0700
4021,MACHINING,Length Machining,"100",mm,false,true,,,20,360,2026-01-08 03:42:42.589 +0700
4022,MACHINING,Dimension Before Machining,"0",mm,false,true,,,19,360,2026-01-08 03:42:42.621 +0700
4023,MACHINING,Dimension After Machining,"5",mm,false,true,,,35,360,2026-01-08 03:42:42.639 +0700
4024,MACHINING,RPM (Spindle Speed),"54",Rpm,false,true,,,26,360,2026-01-08 03:42:42.662 +0700
4025,MACHINING,Feeding,"0.2",mm/rev,false,true,,,30,360,2026-01-08 03:42:42.687 +0700
4026,MACHINING,Depth of Cut,"1",mm,false,true,,,32,360,2026-01-08 03:42:42.704 +0700
4027,MACHINING,Lubrication,Coolant,"",true,false,,,33,360,2026-01-08 03:42:42.723 +0700
4028,MACHINING,Condition Material After Machining,Crack,"",true,false,,,36,360,2026-01-08 03:42:42.793 +0700
4029,MACHINING,Operator Note,Done,"",false,false,,,49,360,2026-01-08 03:42:42.813 +0700
4030,MACHINING,Process Machining,Roughing,"",true,false,,,16,361,2026-01-08 03:43:25.333 +0700
4031,MACHINING,Material Type,Manufacture/Raw Material,"",true,false,,,62,361,2026-01-08 03:43:25.378 +0700
4032,MACHINING,Consumable Insert,BA101,"",true,false,,,17,361,2026-01-08 03:43:25.396 +0700
4033,MACHINING,Length Machining,"554.85",mm,false,true,,,20,361,2026-01-08 03:43:25.414 +0700
4034,MACHINING,Dimension Before Machining,"312",mm,false,true,,,19,361,2026-01-08 03:43:25.433 +0700
4035,MACHINING,Dimension After Machining,"307.090",mm,false,true,,,35,361,2026-01-08 03:43:25.456 +0700
4036,MACHINING,RPM (Spindle Speed),"125",Rpm,false,true,,,26,361,2026-01-08 03:43:25.480 +0700
4037,MACHINING,Feeding,"0.15",mm/rev,false,true,,,30,361,2026-01-08 03:43:25.504 +0700
4038,MACHINING,Depth of Cut,"1",mm,false,true,,,32,361,2026-01-08 03:43:25.521 +0700
4039,MACHINING,Lubrication,Coolant,"",true,false,,,33,361,2026-01-08 03:43:25.538 +0700
4040,MACHINING,Condition Material After Machining,On Spec,"",true,false,,,36,361,2026-01-08 03:43:25.560 +0700
4041,MACHINING,Operator Note,Done,"",false,false,,,49,361,2026-01-08 03:43:25.582 +0700
4042,MACHINING,Process Machining,Roughing,"",true,false,,,16,362,2026-01-08 03:45:22.069 +0700
4043,MACHINING,Material Type,Manufacture/Raw Material,"",true,false,,,62,362,2026-01-08 03:45:22.086 +0700
4044,MACHINING,Consumable Insert,BA101,"",true,false,,,17,362,2026-01-08 03:45:22.101 +0700
4045,MACHINING,Length Machining,"42",mm,false,true,,,20,362,2026-01-08 03:45:22.140 +0700
4046,MACHINING,Dimension Before Machining,"5",mm,false,true,,,19,362,2026-01-08 03:45:22.167 +0700
4047,MACHINING,Dimension After Machining,"3",mm,false,true,,,35,362,2026-01-08 03:45:22.179 +0700
4048,MACHINING,RPM (Spindle Speed),"95",Rpm,false,true,,,26,362,2026-01-08 03:45:22.195 +0700
4049,MACHINING,Feeding,"0.15",mm/rev,false,true,,,30,362,2026-01-08 03:45:22.216 +0700
4050,MACHINING,Depth of Cut,"0.5",mm,false,true,,,32,362,2026-01-08 03:45:22.227 +0700
4051,MACHINING,Lubrication,Coolant,"",true,false,,,33,362,2026-01-08 03:45:22.249 +0700
4052,MACHINING,Condition Material After Machining,Over Size,"",true,false,,,36,362,2026-01-08 03:45:22.275 +0700
4053,MACHINING,Operator Note,Lanjut skim face ex weld,"",false,false,,,49,362,2026-01-08 03:45:22.290 +0700
4054,MACHINING,Process Machining,Roughing,"",true,false,,,16,363,2026-01-09 02:46:15.303 +0700
4055,MACHINING,Material Type,Manufacture/Raw Material,"",true,false,,,62,363,2026-01-09 02:46:15.332 +0700
4056,MACHINING,Consumable Insert,BA101,"",true,false,,,17,363,2026-01-09 02:46:15.348 +0700
4057,MACHINING,Length Machining,"2",mm,false,true,,,20,363,2026-01-09 02:46:15.368 +0700
4058,MACHINING,Dimension Before Machining,"125",mm,false,true,,,19,363,2026-01-09 02:46:15.387 +0700
4059,MACHINING,Dimension After Machining,"119",mm,false,true,,,35,363,2026-01-09 02:46:15.403 +0700
4060,MACHINING,RPM (Spindle Speed),"9.5",Rpm,false,true,,,26,363,2026-01-09 02:46:15.426 +0700
4061,MACHINING,Feeding,"0.10",mm/rev,false,true,,,30,363,2026-01-09 02:46:15.438 +0700
4062,MACHINING,Depth of Cut,"0.10",mm,false,true,,,32,363,2026-01-09 02:46:15.454 +0700
4063,MACHINING,Lubrication,Coolant,"",true,false,,,33,363,2026-01-09 02:46:15.471 +0700
4064,MACHINING,Condition Material After Machining,On Spec,"",true,false,,,36,363,2026-01-09 02:46:15.495 +0700
4065,MACHINING,Operator Note,Done,"",false,false,,,49,363,2026-01-09 02:46:15.514 +0700
4066,MACHINING,Process Machining,Roughing,"",true,false,,,16,364,2026-01-09 02:47:58.539 +0700
4067,MACHINING,Material Type,Manufacture/Raw Material,"",true,false,,,62,364,2026-01-09 02:47:58.555 +0700
4068,MACHINING,Consumable Insert,BA101,"",true,false,,,17,364,2026-01-09 02:47:58.578 +0700
4069,MACHINING,Length Machining,"81",mm,false,true,,,20,364,2026-01-09 02:47:58.594 +0700
4070,MACHINING,Dimension Before Machining,"120",mm,false,true,,,19,364,2026-01-09 02:47:58.618 +0700
4071,MACHINING,Dimension After Machining,"95",mm,false,true,,,35,364,2026-01-09 02:47:58.641 +0700
4072,MACHINING,RPM (Spindle Speed),"125",Rpm,false,true,,,26,364,2026-01-09 02:47:58.661 +0700
4073,MACHINING,Feeding,"0.15",mm/rev,false,true,,,30,364,2026-01-09 02:47:58.688 +0700
4074,MACHINING,Depth of Cut,"1",mm,false,true,,,32,364,2026-01-09 02:47:58.702 +0700
4075,MACHINING,Lubrication,Coolant,"",true,false,,,33,364,2026-01-09 02:47:58.727 +0700
4076,MACHINING,Condition Material After Machining,On Spec,"",true,false,,,36,364,2026-01-09 02:47:58.751 +0700
4077,MACHINING,Operator Note,Done,"",false,false,,,49,364,2026-01-09 02:47:58.771 +0700
4078,MACHINING,Process Machining,Roughing,"",true,false,,,16,365,2026-01-09 02:49:38.699 +0700
4079,MACHINING,Material Type,Manufacture/Raw Material,"",true,false,,,62,365,2026-01-09 02:49:38.724 +0700
4080,MACHINING,Consumable Insert,BA101,"",true,false,,,17,365,2026-01-09 02:49:38.745 +0700
4081,MACHINING,Length Machining,"115",mm,false,true,,,20,365,2026-01-09 02:49:38.761 +0700
4082,MACHINING,Dimension Before Machining,"225",mm,false,true,,,19,365,2026-01-09 02:49:38.774 +0700
4083,MACHINING,Dimension After Machining,"175",mm,false,true,,,35,365,2026-01-09 02:49:38.806 +0700
4084,MACHINING,RPM (Spindle Speed),"125",Rpm,false,true,,,26,365,2026-01-09 02:49:38.883 +0700
4085,MACHINING,Feeding,"0.2",mm/rev,false,true,,,30,365,2026-01-09 02:49:38.907 +0700
4086,MACHINING,Depth of Cut,"2",mm,false,true,,,32,365,2026-01-09 02:49:38.935 +0700
4087,MACHINING,Lubrication,Coolant,"",true,false,,,33,365,2026-01-09 02:49:38.951 +0700
4088,MACHINING,Condition Material After Machining,Over Size,"",true,false,,,36,365,2026-01-09 02:49:38.974 +0700
4089,MACHINING,Operator Note,Lanjut machining,"",false,false,,,49,365,2026-01-09 02:49:38.991 +0700
4090,SAW,Filler Material,Bohler EM12K,"",true,false,,,14,366,2026-01-09 19:14:20.190 +0700
4091,SAW,Flux,"","",true,true,,,144,366,2026-01-09 19:14:20.207 +0700
4092,SAW,Wire Diameter,"2,4 mm","",true,false,,,15,366,2026-01-09 19:14:20.225 +0700
4093,SAW,Diameter Before Welding,"27",mm,false,true,,,21,366,2026-01-09 19:14:20.240 +0700
4094,SAW,Pre heat,"156",deg C,false,true,,,22,366,2026-01-09 19:14:20.258 +0700
4095,SAW,Amperage,"320",A,false,true,,,23,366,2026-01-09 19:14:20.281 +0700
4096,SAW,Voltage,"28",V,false,true,,,24,366,2026-01-09 19:14:20.295 +0700
4097,SAW,Speed Frekuensi,"36",Hz,false,false,,,18,366,2026-01-09 19:14:20.311 +0700
4098,SAW,Temperature After Welding,"210",deg C,false,true,,,25,366,2026-01-09 19:14:20.328 +0700
4099,SAW,Diameter After Welding Area 1,"232",mm,false,true,,,27,366,2026-01-09 19:14:20.345 +0700
4100,SAW,Diameter After Welding Area 2,"00",mm,false,true,,,28,366,2026-01-09 19:14:20.367 +0700
4101,SAW,Lenght Welding,"600",mm,false,true,,,29,366,2026-01-09 19:14:20.389 +0700
4102,SAW,Operator Note,"","",false,false,,,31,366,2026-01-09 19:14:20.407 +0700
4103,SAW,Filler Material,Bohler EM12K,"",true,false,,,14,367,2026-01-10 01:17:28.617 +0700
4104,SAW,Flux,"","",true,true,,,144,367,2026-01-10 01:17:28.650 +0700
4105,SAW,Wire Diameter,"2,4 mm","",true,false,,,15,367,2026-01-10 01:17:28.672 +0700
4106,SAW,Diameter Before Welding,"227",mm,false,true,,,21,367,2026-01-10 01:17:28.686 +0700
4107,SAW,Pre heat,"163",deg C,false,true,,,22,367,2026-01-10 01:17:28.710 +0700
4108,SAW,Amperage,"280",A,false,true,,,23,367,2026-01-10 01:17:28.741 +0700
4109,SAW,Voltage,"28",V,false,true,,,24,367,2026-01-10 01:17:28.755 +0700
4110,SAW,Speed Frekuensi,"30",Hz,false,false,,,18,367,2026-01-10 01:17:28.773 +0700
4111,SAW,Temperature After Welding,"223",deg C,false,true,,,25,367,2026-01-10 01:17:28.802 +0700
4112,SAW,Diameter After Welding Area 1,"231",mm,false,true,,,27,367,2026-01-10 01:17:28.822 +0700
4113,SAW,Diameter After Welding Area 2,"",mm,false,true,,,28,367,2026-01-10 01:17:28.845 +0700
4114,SAW,Lenght Welding,"300",mm,false,true,,,29,367,2026-01-10 01:17:28.870 +0700
4115,SAW,Operator Note,"","",false,false,,,31,367,2026-01-10 01:17:28.886 +0700
4116,MACHINING,Process Machining,Roughing,"",true,false,,,16,368,2026-01-10 03:57:55.354 +0700
4117,MACHINING,Material Type,Manufacture/Raw Material,"",true,false,,,62,368,2026-01-10 03:57:55.385 +0700
4118,MACHINING,Consumable Insert,BA101,"",true,false,,,17,368,2026-01-10 03:57:55.402 +0700
4119,MACHINING,Length Machining,"105",mm,false,true,,,20,368,2026-01-10 03:57:55.426 +0700
4120,MACHINING,Dimension Before Machining,"132",mm,false,true,,,19,368,2026-01-10 03:57:55.448 +0700
4121,MACHINING,Dimension After Machining,"159.93",mm,false,true,,,35,368,2026-01-10 03:57:55.478 +0700
4122,MACHINING,RPM (Spindle Speed),"125",Rpm,false,true,,,26,368,2026-01-10 03:57:55.491 +0700
4123,MACHINING,Feeding,"0.15",mm/rev,false,true,,,30,368,2026-01-10 03:57:55.506 +0700
4124,MACHINING,Depth of Cut,"1",mm,false,true,,,32,368,2026-01-10 03:57:55.529 +0700
4125,MACHINING,Lubrication,Coolant,"",true,false,,,33,368,2026-01-10 03:57:55.541 +0700
4126,MACHINING,Condition Material After Machining,On Spec,"",true,false,,,36,368,2026-01-10 03:57:55.559 +0700
4127,MACHINING,Operator Note,Done,"",false,false,,,49,368,2026-01-10 03:57:55.584 +0700
4128,MACHINING,Process Machining,Roughing,"",true,false,,,16,369,2026-01-10 03:58:30.227 +0700
4129,MACHINING,Material Type,Manufacture/Raw Material,"",true,false,,,62,369,2026-01-10 03:58:30.242 +0700
4130,MACHINING,Consumable Insert,BA101,"",true,false,,,17,369,2026-01-10 03:58:30.272 +0700
4131,MACHINING,Length Machining,"420",mm,false,true,,,20,369,2026-01-10 03:58:30.294 +0700
4132,MACHINING,Dimension Before Machining,"112",mm,false,true,,,19,369,2026-01-10 03:58:30.311 +0700
4133,MACHINING,Dimension After Machining,"99",mm,false,true,,,35,369,2026-01-10 03:58:30.327 +0700
4134,MACHINING,RPM (Spindle Speed),"125",Rpm,false,true,,,26,369,2026-01-10 03:58:30.342 +0700
4135,MACHINING,Feeding,"0.15",mm/rev,false,true,,,30,369,2026-01-10 03:58:30.358 +0700
4136,MACHINING,Depth of Cut,"1",mm,false,true,,,32,369,2026-01-10 03:58:30.381 +0700
4137,MACHINING,Lubrication,Coolant,"",true,false,,,33,369,2026-01-10 03:58:30.399 +0700
4138,MACHINING,Condition Material After Machining,On Spec,"",true,false,,,36,369,2026-01-10 03:58:30.424 +0700
4139,MACHINING,Operator Note,Done,"",false,false,,,49,369,2026-01-10 03:58:30.442 +0700
4140,SAW,Filler Material,Bohler EM12K,"",true,false,,,14,370,2026-01-10 15:44:29.114 +0700
4141,SAW,Flux,"","",true,true,,,144,370,2026-01-10 15:44:29.149 +0700
4142,SAW,Wire Diameter,"2,4 mm","",true,false,,,15,370,2026-01-10 15:44:29.169 +0700
4143,SAW,Diameter Before Welding,"227",mm,false,true,,,21,370,2026-01-10 15:44:29.282 +0700
4144,SAW,Pre heat,"153",deg C,false,true,,,22,370,2026-01-10 15:44:29.316 +0700
4145,SAW,Amperage,"280",A,false,true,,,23,370,2026-01-10 15:44:29.357 +0700
4146,SAW,Voltage,"28",V,false,true,,,24,370,2026-01-10 15:44:29.376 +0700
4147,SAW,Speed Frekuensi,"30",Hz,false,false,,,18,370,2026-01-10 15:44:29.396 +0700
4148,SAW,Temperature After Welding,"223",deg C,false,true,,,25,370,2026-01-10 15:44:29.426 +0700
4149,SAW,Diameter After Welding Area 1,"231",mm,false,true,,,27,370,2026-01-10 15:44:29.444 +0700
4150,SAW,Diameter After Welding Area 2,"",mm,false,true,,,28,370,2026-01-10 15:44:29.466 +0700
4151,SAW,Lenght Welding,"",mm,false,true,,,29,370,2026-01-10 15:44:29.498 +0700
4152,SAW,Operator Note,"","",false,false,,,31,370,2026-01-10 15:44:29.524 +0700
4153,MACHINING,Process Machining,Finishing,"",true,false,,,16,371,2026-01-10 20:33:20.798 +0700
4154,MACHINING,Material Type,Manufacture/Raw Material,"",true,false,,,62,371,2026-01-10 20:33:20.826 +0700
4155,MACHINING,Consumable Insert,BA101,"",true,false,,,17,371,2026-01-10 20:33:20.867 +0700
4156,MACHINING,Length Machining,"1075",mm,false,true,,,20,371,2026-01-10 20:33:20.886 +0700
4157,MACHINING,Dimension Before Machining,"",mm,false,true,,,19,371,2026-01-10 20:33:20.910 +0700
4158,MACHINING,Dimension After Machining,"",mm,false,true,,,35,371,2026-01-10 20:33:20.931 +0700
4159,MACHINING,RPM (Spindle Speed),"240",Rpm,false,true,,,26,371,2026-01-10 20:33:20.951 +0700
4160,MACHINING,Feeding,"00.10",mm/rev,false,true,,,30,371,2026-01-10 20:33:20.973 +0700
4161,MACHINING,Depth of Cut,"00.50",mm,false,true,,,32,371,2026-01-10 20:33:20.985 +0700
4162,MACHINING,Lubrication,Dry,"",true,false,,,33,371,2026-01-10 20:33:21.001 +0700
4163,MACHINING,Condition Material After Machining,On Spec,"",true,false,,,36,371,2026-01-10 20:33:21.025 +0700
4164,MACHINING,Operator Note,Strip,"",false,false,,,49,371,2026-01-10 20:33:21.056 +0700
4165,MACHINING,Process Machining,Finishing,"",true,false,,,16,372,2026-01-10 20:34:04.541 +0700
4166,MACHINING,Material Type,Manufacture/Raw Material,"",true,false,,,62,372,2026-01-10 20:34:04.568 +0700
4167,MACHINING,Consumable Insert,BA101,"",true,false,,,17,372,2026-01-10 20:34:04.586 +0700
4168,MACHINING,Length Machining,"",mm,false,true,,,20,372,2026-01-10 20:34:04.602 +0700
4169,MACHINING,Dimension Before Machining,"",mm,false,true,,,19,372,2026-01-10 20:34:04.624 +0700
4170,MACHINING,Dimension After Machining,"",mm,false,true,,,35,372,2026-01-10 20:34:04.654 +0700
4171,MACHINING,RPM (Spindle Speed),"100",Rpm,false,true,,,26,372,2026-01-10 20:34:04.672 +0700
4172,MACHINING,Feeding,"00.10",mm/rev,false,true,,,30,372,2026-01-10 20:34:04.684 +0700
4173,MACHINING,Depth of Cut,"00.20",mm,false,true,,,32,372,2026-01-10 20:34:04.703 +0700
4174,MACHINING,Lubrication,Dry,"",true,false,,,33,372,2026-01-10 20:34:04.725 +0700
4175,MACHINING,Condition Material After Machining,On Spec,"",true,false,,,36,372,2026-01-10 20:34:04.751 +0700
4176,MACHINING,Operator Note,Skim,"",false,false,,,49,372,2026-01-10 20:34:04.775 +0700
4177,MACHINING,Process Machining,Finishing,"",true,false,,,16,373,2026-01-10 21:56:30.385 +0700
4178,MACHINING,Material Type,Manufacture/Raw Material,"",true,false,,,62,373,2026-01-10 21:56:30.420 +0700
4179,MACHINING,Consumable Insert,BA101,"",true,false,,,17,373,2026-01-10 21:56:30.442 +0700
4180,MACHINING,Length Machining,"81.67",mm,false,true,,,20,373,2026-01-10 21:56:30.458 +0700
4181,MACHINING,Dimension Before Machining,"190.57",mm,false,true,,,19,373,2026-01-10 21:56:30.474 +0700
4182,MACHINING,Dimension After Machining,"191.85",mm,false,true,,,35,373,2026-01-10 21:56:30.508 +0700
4183,MACHINING,RPM (Spindle Speed),"240",Rpm,false,true,,,26,373,2026-01-10 21:56:30.527 +0700
4184,MACHINING,Feeding,"00.10",mm/rev,false,true,,,30,373,2026-01-10 21:56:30.545 +0700
4185,MACHINING,Depth of Cut,"0.30",mm,false,true,,,32,373,2026-01-10 21:56:30.560 +0700
4186,MACHINING,Lubrication,Dry,"",true,false,,,33,373,2026-01-10 21:56:30.573 +0700
4187,MACHINING,Condition Material After Machining,Over Size,"",true,false,,,36,373,2026-01-10 21:56:30.611 +0700
4188,MACHINING,Operator Note,Striping,"",false,false,,,49,373,2026-01-10 21:56:30.631 +0700
4189,MACHINING,Process Machining,Roughing,"",true,false,,,16,374,2026-01-10 22:41:35.941 +0700
4190,MACHINING,Material Type,Manufacture/Raw Material,"",true,false,,,62,374,2026-01-10 22:41:35.980 +0700
4191,MACHINING,Consumable Insert,BA101,"",true,false,,,17,374,2026-01-10 22:41:36.000 +0700
4192,MACHINING,Length Machining,"174",mm,false,true,,,20,374,2026-01-10 22:41:36.017 +0700
4193,MACHINING,Dimension Before Machining,"50",mm,false,true,,,19,374,2026-01-10 22:41:36.032 +0700
4194,MACHINING,Dimension After Machining,"138",mm,false,true,,,35,374,2026-01-10 22:41:36.088 +0700
4195,MACHINING,RPM (Spindle Speed),"125",Rpm,false,true,,,26,374,2026-01-10 22:41:36.109 +0700
4196,MACHINING,Feeding,"0.2",mm/rev,false,true,,,30,374,2026-01-10 22:41:36.124 +0700
4197,MACHINING,Depth of Cut,"2",mm,false,true,,,32,374,2026-01-10 22:41:36.144 +0700
4198,MACHINING,Lubrication,Coolant,"",true,false,,,33,374,2026-01-10 22:41:36.179 +0700
4199,MACHINING,Condition Material After Machining,Under Size,"",true,false,,,36,374,2026-01-10 22:41:36.200 +0700
4200,MACHINING,Operator Note,Lanjut final macining,"",false,false,,,49,374,2026-01-10 22:41:36.222 +0700
4201,MACHINING,Process Machining,Roughing,"",true,false,,,16,375,2026-01-10 22:42:47.564 +0700
4202,MACHINING,Material Type,Manufacture/Raw Material,"",true,false,,,62,375,2026-01-10 22:42:47.606 +0700
4203,MACHINING,Consumable Insert,BA101,"",true,false,,,17,375,2026-01-10 22:42:47.631 +0700
4204,MACHINING,Length Machining,"26.8",mm,false,true,,,20,375,2026-01-10 22:42:47.649 +0700
4205,MACHINING,Dimension Before Machining,"138",mm,false,true,,,19,375,2026-01-10 22:42:47.679 +0700
4206,MACHINING,Dimension After Machining,"164",mm,false,true,,,35,375,2026-01-10 22:42:47.706 +0700
4207,MACHINING,RPM (Spindle Speed),"125",Rpm,false,true,,,26,375,2026-01-10 22:42:47.728 +0700
4208,MACHINING,Feeding,"0.2",mm/rev,false,true,,,30,375,2026-01-10 22:42:47.744 +0700
4209,MACHINING,Depth of Cut,"2",mm,false,true,,,32,375,2026-01-10 22:42:47.762 +0700
4210,MACHINING,Lubrication,Coolant,"",true,false,,,33,375,2026-01-10 22:42:47.800 +0700
4211,MACHINING,Condition Material After Machining,Under Size,"",true,false,,,36,375,2026-01-10 22:42:47.838 +0700
4212,MACHINING,Operator Note,Lanjut final macining,"",false,false,,,49,375,2026-01-10 22:42:47.854 +0700
4213,SAW,Filler Material,Bohler EM12K,"",true,false,,,14,376,2026-01-12 14:05:38.221 +0700
4214,SAW,Flux,"","",true,true,,,144,376,2026-01-12 14:05:38.239 +0700
4215,SAW,Wire Diameter,"2,4 mm","",true,false,,,15,376,2026-01-12 14:05:38.255 +0700
4216,SAW,Diameter Before Welding,"177",mm,false,true,,,21,376,2026-01-12 14:05:38.322 +0700
4217,SAW,Pre heat,"153",deg C,false,true,,,22,376,2026-01-12 14:05:38.342 +0700
4218,SAW,Amperage,"270",A,false,true,,,23,376,2026-01-12 14:05:38.355 +0700
4219,SAW,Voltage,"280",V,false,true,,,24,376,2026-01-12 14:05:38.381 +0700
4220,SAW,Speed Frekuensi,"50",Hz,false,false,,,18,376,2026-01-12 14:05:38.397 +0700
4221,SAW,Temperature After Welding,"240",deg C,false,true,,,25,376,2026-01-12 14:05:38.440 +0700
4222,SAW,Diameter After Welding Area 1,"181",mm,false,true,,,27,376,2026-01-12 14:05:38.458 +0700
4223,SAW,Diameter After Welding Area 2,"",mm,false,true,,,28,376,2026-01-12 14:05:38.473 +0700
4224,SAW,Lenght Welding,"450",mm,false,true,,,29,376,2026-01-12 14:05:38.489 +0700
4225,SAW,Operator Note,"","",false,false,,,31,376,2026-01-12 14:05:38.508 +0700
4226,ID WELD,Pass No,"",Number,false,true,,,1,377,2026-01-12 20:11:44.727 +0700
4227,ID WELD,Filler Material,KISWEL K71TLF,"",true,false,,,2,377,2026-01-12 20:11:44.747 +0700
4228,ID WELD,Wire Diameter,"1,2 mm","",true,false,,,3,377,2026-01-12 20:11:44.773 +0700
4229,ID WELD,Diameter Before Welding,"",mm,false,true,,,5,377,2026-01-12 20:11:44.799 +0700
4230,ID WELD,Pre heat,"150",deg C,false,true,,,6,377,2026-01-12 20:11:44.823 +0700
4231,ID WELD,Gas Flowrate,"35",lpm,false,true,,,7,377,2026-01-12 20:11:44.844 +0700
4232,ID WELD,Amperage,"230",A,false,true,,,8,377,2026-01-12 20:11:44.864 +0700
4233,ID WELD,Voltage,"260",V,false,true,,,9,377,2026-01-12 20:11:44.917 +0700
4234,ID WELD,Control Speed,"0.55",Hz,false,true,,,4,377,2026-01-12 20:11:44.938 +0700
4235,ID WELD,Temperature After Welding,"",deg C,false,true,,,10,377,2026-01-12 20:11:44.951 +0700
4236,ID WELD,Diameter After Welding,"",mm,false,true,,,11,377,2026-01-12 20:11:44.978 +0700
4237,ID WELD,Lenght Welding,"",mm,false,true,,,12,377,2026-01-12 20:11:45.001 +0700
4238,ID WELD,Operator Note,"","",false,false,,,13,377,2026-01-12 20:11:45.027 +0700
4239,MACHINING,Process Machining,Roughing,"",true,false,,,16,378,2026-01-13 14:28:56.564 +0700
4240,MACHINING,Material Type,Manufacture/Raw Material,"",true,false,,,62,378,2026-01-13 14:28:56.598 +0700
4241,MACHINING,Consumable Insert,BA101,"",true,false,,,17,378,2026-01-13 14:28:56.640 +0700
4242,MACHINING,Length Machining,"37",mm,false,true,,,20,378,2026-01-13 14:28:56.669 +0700
4243,MACHINING,Dimension Before Machining,"138",mm,false,true,,,19,378,2026-01-13 14:28:56.695 +0700
4244,MACHINING,Dimension After Machining,"139.7",mm,false,true,,,35,378,2026-01-13 14:28:56.711 +0700
4245,MACHINING,RPM (Spindle Speed),"125",Rpm,false,true,,,26,378,2026-01-13 14:28:56.729 +0700
4246,MACHINING,Feeding,"0.15",mm/rev,false,true,,,30,378,2026-01-13 14:28:56.790 +0700
4247,MACHINING,Depth of Cut,"1",mm,false,true,,,32,378,2026-01-13 14:28:56.844 +0700
4248,MACHINING,Lubrication,Coolant,"",true,false,,,33,378,2026-01-13 14:28:56.860 +0700
4249,MACHINING,Condition Material After Machining,On Spec,"",true,false,,,36,378,2026-01-13 14:28:56.877 +0700
4250,MACHINING,Operator Note,Done,"",false,false,,,49,378,2026-01-13 14:28:56.903 +0700
4251,MACHINING,Process Machining,Roughing,"",true,false,,,16,379,2026-01-13 14:30:27.027 +0700
4252,MACHINING,Material Type,Manufacture/Raw Material,"",true,false,,,62,379,2026-01-13 14:30:27.059 +0700
4253,MACHINING,Consumable Insert,BA101,"",true,false,,,17,379,2026-01-13 14:30:27.083 +0700
4254,MACHINING,Length Machining,"20",mm,false,true,,,20,379,2026-01-13 14:30:27.103 +0700
4255,MACHINING,Dimension Before Machining,"136",mm,false,true,,,19,379,2026-01-13 14:30:27.129 +0700
4256,MACHINING,Dimension After Machining,"139.025",mm,false,true,,,35,379,2026-01-13 14:30:27.195 +0700
4257,MACHINING,RPM (Spindle Speed),"125",Rpm,false,true,,,26,379,2026-01-13 14:30:27.217 +0700
4258,MACHINING,Feeding,"0.15",mm/rev,false,true,,,30,379,2026-01-13 14:30:27.242 +0700
4259,MACHINING,Depth of Cut,"1",mm,false,true,,,32,379,2026-01-13 14:30:27.261 +0700
4260,MACHINING,Lubrication,Coolant,"",true,false,,,33,379,2026-01-13 14:30:27.273 +0700
4261,MACHINING,Condition Material After Machining,On Spec,"",true,false,,,36,379,2026-01-13 14:30:27.295 +0700
4262,MACHINING,Operator Note,Done,"",false,false,,,49,379,2026-01-13 14:30:27.314 +0700
4263,MACHINING,Process Machining,Roughing,"",true,false,,,16,380,2026-01-13 14:31:29.859 +0700
4264,MACHINING,Material Type,Manufacture/Raw Material,"",true,false,,,62,380,2026-01-13 14:31:29.889 +0700
4265,MACHINING,Consumable Insert,BA101,"",true,false,,,17,380,2026-01-13 14:31:29.916 +0700
4266,MACHINING,Length Machining,"14",mm,false,true,,,20,380,2026-01-13 14:31:29.936 +0700
4267,MACHINING,Dimension Before Machining,"120",mm,false,true,,,19,380,2026-01-13 14:31:29.983 +0700
4268,MACHINING,Dimension After Machining,"111",mm,false,true,,,35,380,2026-01-13 14:31:30.006 +0700
4269,MACHINING,RPM (Spindle Speed),"490",Rpm,false,true,,,26,380,2026-01-13 14:31:30.027 +0700
4270,MACHINING,Feeding,"0.1",mm/rev,false,true,,,30,380,2026-01-13 14:31:30.053 +0700
4271,MACHINING,Depth of Cut,"1",mm,false,true,,,32,380,2026-01-13 14:31:30.102 +0700
4272,MACHINING,Lubrication,Coolant,"",true,false,,,33,380,2026-01-13 14:31:30.129 +0700
4273,MACHINING,Condition Material After Machining,On Spec,"",true,false,,,36,380,2026-01-13 14:31:30.147 +0700
4274,MACHINING,Operator Note,"","",false,false,,,49,380,2026-01-13 14:31:30.172 +0700
4275,MACHINING,Process Machining,Roughing,"",true,false,,,16,381,2026-01-13 14:32:42.232 +0700
4276,MACHINING,Material Type,Manufacture/Raw Material,"",true,false,,,62,381,2026-01-13 14:32:42.266 +0700
4277,MACHINING,Consumable Insert,BA101,"",true,false,,,17,381,2026-01-13 14:32:42.335 +0700
4278,MACHINING,Length Machining,"600",mm,false,true,,,20,381,2026-01-13 14:32:42.369 +0700
4279,MACHINING,Dimension Before Machining,"70",mm,false,true,,,19,381,2026-01-13 14:32:42.395 +0700
4280,MACHINING,Dimension After Machining,"27",mm,false,true,,,35,381,2026-01-13 14:32:42.423 +0700
4281,MACHINING,RPM (Spindle Speed),"690",Rpm,false,true,,,26,381,2026-01-13 14:32:42.443 +0700
4282,MACHINING,Feeding,"0.1",mm/rev,false,true,,,30,381,2026-01-13 14:32:42.471 +0700
4283,MACHINING,Depth of Cut,"1",mm,false,true,,,32,381,2026-01-13 14:32:42.491 +0700
4284,MACHINING,Lubrication,Coolant,"",true,false,,,33,381,2026-01-13 14:32:42.503 +0700
4285,MACHINING,Condition Material After Machining,On Spec,"",true,false,,,36,381,2026-01-13 14:32:42.525 +0700
4286,MACHINING,Operator Note,Done,"",false,false,,,49,381,2026-01-13 14:32:42.543 +0700
4287,MACHINING,Process Machining,Roughing,"",true,false,,,16,382,2026-01-13 14:33:32.239 +0700
4288,MACHINING,Material Type,Manufacture/Raw Material,"",true,false,,,62,382,2026-01-13 14:33:32.272 +0700
4289,MACHINING,Consumable Insert,BA101,"",true,false,,,17,382,2026-01-13 14:33:32.295 +0700
4290,MACHINING,Length Machining,"159",mm,false,true,,,20,382,2026-01-13 14:33:32.313 +0700
4291,MACHINING,Dimension Before Machining,"140",mm,false,true,,,19,382,2026-01-13 14:33:32.334 +0700
4292,MACHINING,Dimension After Machining,"138.35",mm,false,true,,,35,382,2026-01-13 14:33:32.359 +0700
4293,MACHINING,RPM (Spindle Speed),"690",Rpm,false,true,,,26,382,2026-01-13 14:33:32.384 +0700
4294,MACHINING,Feeding,"0.1",mm/rev,false,true,,,30,382,2026-01-13 14:33:32.409 +0700
4295,MACHINING,Depth of Cut,"1",mm,false,true,,,32,382,2026-01-13 14:33:32.486 +0700
4296,MACHINING,Lubrication,Coolant,"",true,false,,,33,382,2026-01-13 14:33:32.511 +0700
4297,MACHINING,Condition Material After Machining,Under Size,"",true,false,,,36,382,2026-01-13 14:33:32.533 +0700
4298,MACHINING,Operator Note,Lanjut polish,"",false,false,,,49,382,2026-01-13 14:33:32.556 +0700
4299,MACHINING,Process Machining,Finishing,"",true,false,,,16,383,2026-01-13 16:45:48.055 +0700
4300,MACHINING,Material Type,Manufacture/Raw Material,"",true,false,,,62,383,2026-01-13 16:45:48.081 +0700
4301,MACHINING,Consumable Insert,BA101,"",true,false,,,17,383,2026-01-13 16:45:48.145 +0700
4302,MACHINING,Length Machining,"",mm,false,true,,,20,383,2026-01-13 16:45:48.164 +0700
4303,MACHINING,Dimension Before Machining,"189",mm,false,true,,,19,383,2026-01-13 16:45:48.190 +0700
4304,MACHINING,Dimension After Machining,"190.57",mm,false,true,,,35,383,2026-01-13 16:45:48.212 +0700
4305,MACHINING,RPM (Spindle Speed),"60",Rpm,false,true,,,26,383,2026-01-13 16:45:48.232 +0700
4306,MACHINING,Feeding,"00.10",mm/rev,false,true,,,30,383,2026-01-13 16:45:48.255 +0700
4307,MACHINING,Depth of Cut,"00.10",mm,false,true,,,32,383,2026-01-13 16:45:48.268 +0700
4308,MACHINING,Lubrication,Coolant,"",true,false,,,33,383,2026-01-13 16:45:48.295 +0700
4309,MACHINING,Condition Material After Machining,On Spec,"",true,false,,,36,383,2026-01-13 16:45:48.316 +0700
4310,MACHINING,Operator Note,"","",false,false,,,49,383,2026-01-13 16:45:48.335 +0700
4311,MACHINING,Process Machining,Finishing,"",true,false,,,16,384,2026-01-13 16:46:33.004 +0700
4312,MACHINING,Material Type,Manufacture/Raw Material,"",true,false,,,62,384,2026-01-13 16:46:33.063 +0700
4313,MACHINING,Consumable Insert,BA101,"",true,false,,,17,384,2026-01-13 16:46:33.085 +0700
4314,MACHINING,Length Machining,"359",mm,false,true,,,20,384,2026-01-13 16:46:33.119 +0700
4315,MACHINING,Dimension Before Machining,"",mm,false,true,,,19,384,2026-01-13 16:46:33.137 +0700
4316,MACHINING,Dimension After Machining,"38.330",mm,false,true,,,35,384,2026-01-13 16:46:33.156 +0700
4317,MACHINING,RPM (Spindle Speed),"400",Rpm,false,true,,,26,384,2026-01-13 16:46:33.178 +0700
4318,MACHINING,Feeding,"00.10",mm/rev,false,true,,,30,384,2026-01-13 16:46:33.190 +0700
4319,MACHINING,Depth of Cut,"00.10",mm,false,true,,,32,384,2026-01-13 16:46:33.209 +0700
4320,MACHINING,Lubrication,Dry,"",true,false,,,33,384,2026-01-13 16:46:33.236 +0700
4321,MACHINING,Condition Material After Machining,On Spec,"",true,false,,,36,384,2026-01-13 16:46:33.259 +0700
4322,MACHINING,Operator Note,"","",false,false,,,49,384,2026-01-13 16:46:33.282 +0700
4323,ID WELD,Pass No,"",Number,false,true,,,1,385,2026-01-13 22:22:39.113 +0700
4324,ID WELD,Filler Material,KISWEL K71TLF,"",true,false,,,2,385,2026-01-13 22:22:39.131 +0700
4325,ID WELD,Wire Diameter,"1,2 mm","",true,false,,,3,385,2026-01-13 22:22:39.151 +0700
4326,ID WELD,Diameter Before Welding,"",mm,false,true,,,5,385,2026-01-13 22:22:39.181 +0700
4327,ID WELD,Pre heat,"150",deg C,false,true,,,6,385,2026-01-13 22:22:39.221 +0700
4328,ID WELD,Gas Flowrate,"35",lpm,false,true,,,7,385,2026-01-13 22:22:39.255 +0700
4329,ID WELD,Amperage,"230",A,false,true,,,8,385,2026-01-13 22:22:39.275 +0700
4330,ID WELD,Voltage,"260",V,false,true,,,9,385,2026-01-13 22:22:39.294 +0700
4331,ID WELD,Control Speed,"0.55",Hz,false,true,,,4,385,2026-01-13 22:22:39.327 +0700
4332,ID WELD,Temperature After Welding,"",deg C,false,true,,,10,385,2026-01-13 22:22:39.361 +0700
4333,ID WELD,Diameter After Welding,"",mm,false,true,,,11,385,2026-01-13 22:22:39.383 +0700
4334,ID WELD,Lenght Welding,"",mm,false,true,,,12,385,2026-01-13 22:22:39.421 +0700
4335,ID WELD,Operator Note,"","",false,false,,,13,385,2026-01-13 22:22:39.436 +0700
4336,MACHINING,Process Machining,Finishing,"",true,false,,,16,387,2026-01-16 13:44:03.331 +0700
4337,MACHINING,Material Type,Manufacture/Raw Material,"",true,false,,,62,387,2026-01-16 13:44:03.457 +0700
4338,MACHINING,Consumable Insert,BA101,"",true,false,,,17,387,2026-01-16 13:44:03.479 +0700
4339,MACHINING,Length Machining,"1075",mm,false,true,,,20,387,2026-01-16 13:44:03.498 +0700
4340,MACHINING,Dimension Before Machining,"229.50",mm,false,true,,,19,387,2026-01-16 13:44:03.523 +0700
4341,MACHINING,Dimension After Machining,"228.52",mm,false,true,,,35,387,2026-01-16 13:44:03.546 +0700
4342,MACHINING,RPM (Spindle Speed),"400",Rpm,false,true,,,26,387,2026-01-16 13:44:03.567 +0700
4343,MACHINING,Feeding,"00.10",mm/rev,false,true,,,30,387,2026-01-16 13:44:03.588 +0700
4344,MACHINING,Depth of Cut,"00.30",mm,false,true,,,32,387,2026-01-16 13:44:03.615 +0700
4345,MACHINING,Lubrication,Dry,"",true,false,,,33,387,2026-01-16 13:44:03.638 +0700
4346,MACHINING,Condition Material After Machining,On Spec,"",true,false,,,36,387,2026-01-16 13:44:03.661 +0700
4347,MACHINING,Operator Note,"","",false,false,,,49,387,2026-01-16 13:44:03.678 +0700
4348,MACHINING,Process Machining,Rn,"",true,false,,,16,388,2026-01-16 13:44:44.856 +0700
4349,MACHINING,Material Type,Manufacture/Raw Material,"",true,false,,,62,388,2026-01-16 13:44:44.902 +0700
4350,MACHINING,Consumable Insert,BA101,"",true,false,,,17,388,2026-01-16 13:44:44.926 +0700
4351,MACHINING,Length Machining,"1075",mm,false,true,,,20,388,2026-01-16 13:44:44.958 +0700
4352,MACHINING,Dimension Before Machining,"229.50",mm,false,true,,,19,388,2026-01-16 13:44:44.989 +0700
4353,MACHINING,Dimension After Machining,"228.52",mm,false,true,,,35,388,2026-01-16 13:44:45.011 +0700
4354,MACHINING,RPM (Spindle Speed),"250",Rpm,false,true,,,26,388,2026-01-16 13:44:45.027 +0700
4355,MACHINING,Feeding,"00.10",mm/rev,false,true,,,30,388,2026-01-16 13:44:45.043 +0700
4356,MACHINING,Depth of Cut,"00.30",mm,false,true,,,32,388,2026-01-16 13:44:45.068 +0700
4357,MACHINING,Lubrication,Dry,"",true,false,,,33,388,2026-01-16 13:44:45.089 +0700
4440,MACHINING,Feeding,"00.10",mm/rev,false,true,,,30,396,2026-01-21 03:46:39.663 +0700
4358,MACHINING,Condition Material After Machining,On Spec,"",true,false,,,36,388,2026-01-16 13:44:45.115 +0700
4359,MACHINING,Operator Note,Found crack,"",false,false,,,49,388,2026-01-16 13:44:45.170 +0700
4360,MACHINING,Process Machining,Roughing,"",true,false,,,16,389,2026-01-16 13:45:47.386 +0700
4361,MACHINING,Material Type,Manufacture/Raw Material,"",true,false,,,62,389,2026-01-16 13:45:47.451 +0700
4362,MACHINING,Consumable Insert,BA101,"",true,false,,,17,389,2026-01-16 13:45:47.491 +0700
4363,MACHINING,Length Machining,"889.9",mm,false,true,,,20,389,2026-01-16 13:45:47.516 +0700
4364,MACHINING,Dimension Before Machining,"180",mm,false,true,,,19,389,2026-01-16 13:45:47.535 +0700
4365,MACHINING,Dimension After Machining,"177.72",mm,false,true,,,35,389,2026-01-16 13:45:47.551 +0700
4366,MACHINING,RPM (Spindle Speed),"400",Rpm,false,true,,,26,389,2026-01-16 13:45:47.567 +0700
4367,MACHINING,Feeding,"00.10",mm/rev,false,true,,,30,389,2026-01-16 13:45:47.611 +0700
4368,MACHINING,Depth of Cut,"01.00",mm,false,true,,,32,389,2026-01-16 13:45:47.634 +0700
4369,MACHINING,Lubrication,Dry,"",true,false,,,33,389,2026-01-16 13:45:47.651 +0700
4370,MACHINING,Condition Material After Machining,Over Size,"",true,false,,,36,389,2026-01-16 13:45:47.666 +0700
4371,MACHINING,Operator Note,Lanjut ,"",false,false,,,49,389,2026-01-16 13:45:47.694 +0700
4372,MACHINING,Process Machining,Roughing,"",true,false,,,16,391,2026-01-16 14:52:26.827 +0700
4373,MACHINING,Material Type,Manufacture/Raw Material,"",true,false,,,62,391,2026-01-16 14:52:26.895 +0700
4374,MACHINING,Consumable Insert,BA101,"",true,false,,,17,391,2026-01-16 14:52:26.913 +0700
4375,MACHINING,Length Machining,"80",mm,false,true,,,20,391,2026-01-16 14:52:26.995 +0700
4376,MACHINING,Dimension Before Machining,"670",mm,false,true,,,19,391,2026-01-16 14:52:27.016 +0700
4377,MACHINING,Dimension After Machining,"660",mm,false,true,,,35,391,2026-01-16 14:52:27.034 +0700
4378,MACHINING,RPM (Spindle Speed),"30",Rpm,false,true,,,26,391,2026-01-16 14:52:27.051 +0700
4379,MACHINING,Feeding,"0.14",mm/rev,false,true,,,30,391,2026-01-16 14:52:27.084 +0700
4380,MACHINING,Depth of Cut,"1",mm,false,true,,,32,391,2026-01-16 14:52:27.105 +0700
4381,MACHINING,Lubrication,Coolant,"",true,false,,,33,391,2026-01-16 14:52:27.125 +0700
4382,MACHINING,Condition Material After Machining,"","",true,false,,,36,391,2026-01-16 14:52:27.140 +0700
4383,MACHINING,Operator Note,Buil up kurang,"",false,false,,,49,391,2026-01-16 14:52:27.187 +0700
4384,MACHINING,Process Machining,Roughing,"",true,false,,,16,392,2026-01-16 14:53:25.273 +0700
4385,MACHINING,Material Type,Manufacture/Raw Material,"",true,false,,,62,392,2026-01-16 14:53:25.336 +0700
4386,MACHINING,Consumable Insert,BA101,"",true,false,,,17,392,2026-01-16 14:53:25.356 +0700
4387,MACHINING,Length Machining,"430",mm,false,true,,,20,392,2026-01-16 14:53:25.371 +0700
4388,MACHINING,Dimension Before Machining,"215",mm,false,true,,,19,392,2026-01-16 14:53:25.414 +0700
4389,MACHINING,Dimension After Machining,"180",mm,false,true,,,35,392,2026-01-16 14:53:25.431 +0700
4390,MACHINING,RPM (Spindle Speed),"170",Rpm,false,true,,,26,392,2026-01-16 14:53:25.445 +0700
4391,MACHINING,Feeding,"0.14",mm/rev,false,true,,,30,392,2026-01-16 14:53:25.463 +0700
4392,MACHINING,Depth of Cut,"1",mm,false,true,,,32,392,2026-01-16 14:53:25.478 +0700
4393,MACHINING,Lubrication,Dry,"",true,false,,,33,392,2026-01-16 14:53:25.529 +0700
4394,MACHINING,Condition Material After Machining,On Spec,"",true,false,,,36,392,2026-01-16 14:53:25.545 +0700
4395,MACHINING,Operator Note,Done,"",false,false,,,49,392,2026-01-16 14:53:25.562 +0700
4396,SAW,Filler Material,Bohler EM12K,"",true,false,,,14,393,2026-01-19 10:49:16.971 +0700
4397,SAW,Flux,Boiler,"",true,true,,,144,393,2026-01-19 10:49:17.003 +0700
4398,SAW,Wire Diameter,"2,4 mm","",true,false,,,15,393,2026-01-19 10:49:17.038 +0700
4399,SAW,Diameter Before Welding,"176",mm,false,true,,,21,393,2026-01-19 10:49:17.057 +0700
4400,SAW,Pre heat,"150",deg C,false,true,,,22,393,2026-01-19 10:49:17.078 +0700
4401,SAW,Amperage,"240",A,false,true,,,23,393,2026-01-19 10:49:17.091 +0700
4402,SAW,Voltage,"26",V,false,true,,,24,393,2026-01-19 10:49:17.108 +0700
4403,SAW,Speed Frekuensi,"41",Hz,false,false,,,18,393,2026-01-19 10:49:17.138 +0700
4404,SAW,Temperature After Welding,"150",deg C,false,true,,,25,393,2026-01-19 10:49:17.160 +0700
4405,SAW,Diameter After Welding Area 1,"181",mm,false,true,,,27,393,2026-01-19 10:49:17.181 +0700
4406,SAW,Diameter After Welding Area 2,"181",mm,false,true,,,28,393,2026-01-19 10:49:17.204 +0700
4407,SAW,Lenght Welding,"889",mm,false,true,,,29,393,2026-01-19 10:49:17.239 +0700
4408,SAW,Operator Note,Ok,"",false,false,,,31,393,2026-01-19 10:49:17.276 +0700
4409,MACHINING,Process Machining,Roughing,"",true,false,,,16,394,2026-01-20 17:28:59.047 +0700
4410,MACHINING,Material Type,Manufacture/Raw Material,"",true,false,,,62,394,2026-01-20 17:28:59.084 +0700
4411,MACHINING,Consumable Insert,BA101,"",true,false,,,17,394,2026-01-20 17:28:59.108 +0700
4412,MACHINING,Length Machining,"821",mm,false,true,,,20,394,2026-01-20 17:28:59.134 +0700
4413,MACHINING,Dimension Before Machining,"215",mm,false,true,,,19,394,2026-01-20 17:28:59.157 +0700
4414,MACHINING,Dimension After Machining,"190",mm,false,true,,,35,394,2026-01-20 17:28:59.188 +0700
4415,MACHINING,RPM (Spindle Speed),"125",Rpm,false,true,,,26,394,2026-01-20 17:28:59.215 +0700
4416,MACHINING,Feeding,"0.15",mm/rev,false,true,,,30,394,2026-01-20 17:28:59.233 +0700
4417,MACHINING,Depth of Cut,"1",mm,false,true,,,32,394,2026-01-20 17:28:59.251 +0700
4418,MACHINING,Lubrication,Coolant,"",true,false,,,33,394,2026-01-20 17:28:59.266 +0700
4419,MACHINING,Condition Material After Machining,Under Size,"",true,false,,,36,394,2026-01-20 17:28:59.288 +0700
4420,MACHINING,Operator Note,Lanjut,"",false,false,,,49,394,2026-01-20 17:28:59.308 +0700
4421,MACHINING,Process Machining,Finishing,"",true,false,,,16,395,2026-01-21 03:46:08.079 +0700
4422,MACHINING,Material Type,Manufacture/Raw Material,"",true,false,,,62,395,2026-01-21 03:46:08.107 +0700
4423,MACHINING,Consumable Insert,BA101,"",true,false,,,17,395,2026-01-21 03:46:08.123 +0700
4424,MACHINING,Length Machining,"889",mm,false,true,,,20,395,2026-01-21 03:46:08.157 +0700
4425,MACHINING,Dimension Before Machining,"178",mm,false,true,,,19,395,2026-01-21 03:46:08.176 +0700
4426,MACHINING,Dimension After Machining,"177.650",mm,false,true,,,35,395,2026-01-21 03:46:08.187 +0700
4427,MACHINING,RPM (Spindle Speed),"400",Rpm,false,true,,,26,395,2026-01-21 03:46:08.204 +0700
4428,MACHINING,Feeding,"00.10",mm/rev,false,true,,,30,395,2026-01-21 03:46:08.220 +0700
4429,MACHINING,Depth of Cut,"00.10",mm,false,true,,,32,395,2026-01-21 03:46:08.245 +0700
4430,MACHINING,Lubrication,Dry,"",true,false,,,33,395,2026-01-21 03:46:08.274 +0700
4431,MACHINING,Condition Material After Machining,On Spec,"",true,false,,,36,395,2026-01-21 03:46:08.287 +0700
4432,MACHINING,Operator Note,"","",false,false,,,49,395,2026-01-21 03:46:08.305 +0700
4433,MACHINING,Process Machining,Finishing,"",true,false,,,16,396,2026-01-21 03:46:39.524 +0700
4434,MACHINING,Material Type,Manufacture/Raw Material,"",true,false,,,62,396,2026-01-21 03:46:39.540 +0700
4435,MACHINING,Consumable Insert,BA101,"",true,false,,,17,396,2026-01-21 03:46:39.558 +0700
4436,MACHINING,Length Machining,"150",mm,false,true,,,20,396,2026-01-21 03:46:39.589 +0700
4437,MACHINING,Dimension Before Machining,"221",mm,false,true,,,19,396,2026-01-21 03:46:39.601 +0700
4438,MACHINING,Dimension After Machining,"207",mm,false,true,,,35,396,2026-01-21 03:46:39.618 +0700
4439,MACHINING,RPM (Spindle Speed),"400",Rpm,false,true,,,26,396,2026-01-21 03:46:39.635 +0700
4441,MACHINING,Depth of Cut,"00.10",mm,false,true,,,32,396,2026-01-21 03:46:39.691 +0700
4442,MACHINING,Lubrication,Dry,"",true,false,,,33,396,2026-01-21 03:46:39.711 +0700
4443,MACHINING,Condition Material After Machining,On Spec,"",true,false,,,36,396,2026-01-21 03:46:39.727 +0700
4444,MACHINING,Operator Note,"","",false,false,,,49,396,2026-01-21 03:46:39.744 +0700
4445,MACHINING,Process Machining,Roughing,"",true,false,,,16,397,2026-01-22 02:22:13.545 +0700
4446,MACHINING,Material Type,Manufacture/Raw Material,"",true,false,,,62,397,2026-01-22 02:22:13.598 +0700
4447,MACHINING,Consumable Insert,BA101,"",true,false,,,17,397,2026-01-22 02:22:13.615 +0700
4448,MACHINING,Length Machining,"105",mm,false,true,,,20,397,2026-01-22 02:22:13.633 +0700
4449,MACHINING,Dimension Before Machining,"215",mm,false,true,,,19,397,2026-01-22 02:22:13.651 +0700
4450,MACHINING,Dimension After Machining,"206.74",mm,false,true,,,35,397,2026-01-22 02:22:13.672 +0700
4451,MACHINING,RPM (Spindle Speed),"170",Rpm,false,true,,,26,397,2026-01-22 02:22:13.700 +0700
4452,MACHINING,Feeding,"0.15",mm/rev,false,true,,,30,397,2026-01-22 02:22:13.717 +0700
4453,MACHINING,Depth of Cut,"1",mm,false,true,,,32,397,2026-01-22 02:22:13.734 +0700
4454,MACHINING,Lubrication,Coolant,"",true,false,,,33,397,2026-01-22 02:22:13.750 +0700
4455,MACHINING,Condition Material After Machining,On Spec,"",true,false,,,36,397,2026-01-22 02:22:13.768 +0700
4456,MACHINING,Operator Note,Lanjut final mac id bore,"",false,false,,,49,397,2026-01-22 02:22:13.788 +0700
4457,MACHINING,Process Machining,Roughing,"",true,false,,,16,398,2026-01-22 02:23:41.340 +0700
4458,MACHINING,Material Type,Manufacture/Raw Material,"",true,false,,,62,398,2026-01-22 02:23:41.360 +0700
4459,MACHINING,Consumable Insert,BA101,"",true,false,,,17,398,2026-01-22 02:23:41.373 +0700
4460,MACHINING,Length Machining,"150",mm,false,true,,,20,398,2026-01-22 02:23:41.407 +0700
4461,MACHINING,Dimension Before Machining,"207",mm,false,true,,,19,398,2026-01-22 02:23:41.432 +0700
4462,MACHINING,Dimension After Machining,"204",mm,false,true,,,35,398,2026-01-22 02:23:41.448 +0700
4463,MACHINING,RPM (Spindle Speed),"125",Rpm,false,true,,,26,398,2026-01-22 02:23:41.464 +0700
4464,MACHINING,Feeding,"0.15",mm/rev,false,true,,,30,398,2026-01-22 02:23:41.488 +0700
4465,MACHINING,Depth of Cut,"1",mm,false,true,,,32,398,2026-01-22 02:23:41.511 +0700
4466,MACHINING,Lubrication,Coolant,"",true,false,,,33,398,2026-01-22 02:23:41.533 +0700
4467,MACHINING,Condition Material After Machining,Under Size,"",true,false,,,36,398,2026-01-22 02:23:41.547 +0700
4468,MACHINING,Operator Note,Lanjut final machining,"",false,false,,,49,398,2026-01-22 02:23:41.564 +0700
4469,ID WELD,Pass No,"1",Number,false,true,,,1,399,2026-01-22 22:44:36.962 +0700
4470,ID WELD,Filler Material,KISWEL K71TLF,"",true,false,,,2,399,2026-01-22 22:44:37.142 +0700
4471,ID WELD,Wire Diameter,"1,2 mm","",true,false,,,3,399,2026-01-22 22:44:37.167 +0700
4472,ID WELD,Diameter Before Welding,"103",mm,false,true,,,5,399,2026-01-22 22:44:37.189 +0700
4473,ID WELD,Pre heat,"132",deg C,false,true,,,6,399,2026-01-22 22:44:37.229 +0700
4474,ID WELD,Gas Flowrate,"30",lpm,false,true,,,7,399,2026-01-22 22:44:37.256 +0700
4475,ID WELD,Amperage,"204",A,false,true,,,8,399,2026-01-22 22:44:37.281 +0700
4476,ID WELD,Voltage,"25",V,false,true,,,9,399,2026-01-22 22:44:37.332 +0700
4477,ID WELD,Control Speed,"05.5",Hz,false,true,,,4,399,2026-01-22 22:44:37.354 +0700
4478,ID WELD,Temperature After Welding,"211",deg C,false,true,,,10,399,2026-01-22 22:44:37.419 +0700
4479,ID WELD,Diameter After Welding,"95",mm,false,true,,,11,399,2026-01-22 22:44:37.439 +0700
4480,ID WELD,Lenght Welding,"105",mm,false,true,,,12,399,2026-01-22 22:44:37.474 +0700
4481,ID WELD,Operator Note,"","",false,false,,,13,399,2026-01-22 22:44:37.495 +0700
4482,MACHINING,Process Machining,Finishing,"",true,false,,,16,400,2026-01-23 03:17:31.413 +0700
4483,MACHINING,Material Type,Welding,"",true,false,,,62,400,2026-01-23 03:17:31.448 +0700
4484,MACHINING,Consumable Insert,BA101,"",true,false,,,17,400,2026-01-23 03:17:31.689 +0700
4485,MACHINING,Length Machining,"1075",mm,false,true,,,20,400,2026-01-23 03:17:31.742 +0700
4486,MACHINING,Dimension Before Machining,"228.800",mm,false,true,,,19,400,2026-01-23 03:17:31.763 +0700
4487,MACHINING,Dimension After Machining,"228.520",mm,false,true,,,35,400,2026-01-23 03:17:31.787 +0700
4488,MACHINING,RPM (Spindle Speed),"400",Rpm,false,true,,,26,400,2026-01-23 03:17:31.804 +0700
4489,MACHINING,Feeding,"00.10",mm/rev,false,true,,,30,400,2026-01-23 03:17:31.818 +0700
4490,MACHINING,Depth of Cut,"00.10",mm,false,true,,,32,400,2026-01-23 03:17:31.856 +0700
4491,MACHINING,Lubrication,Dry,"",true,false,,,33,400,2026-01-23 03:17:31.871 +0700
4492,MACHINING,Condition Material After Machining,On Spec,"",true,false,,,36,400,2026-01-23 03:17:31.896 +0700
4493,MACHINING,Operator Note,"","",false,false,,,49,400,2026-01-23 03:17:31.914 +0700
4494,MACHINING,Process Machining,Finishing,"",true,false,,,16,401,2026-01-23 03:17:56.150 +0700
4495,MACHINING,Material Type,Welding,"",true,false,,,62,401,2026-01-23 03:17:56.327 +0700
4496,MACHINING,Consumable Insert,BA101,"",true,false,,,17,401,2026-01-23 03:17:56.419 +0700
4497,MACHINING,Length Machining,"1075",mm,false,true,,,20,401,2026-01-23 03:17:56.449 +0700
4498,MACHINING,Dimension Before Machining,"230.500",mm,false,true,,,19,401,2026-01-23 03:17:56.464 +0700
4499,MACHINING,Dimension After Machining,"228.520",mm,false,true,,,35,401,2026-01-23 03:17:56.561 +0700
4500,MACHINING,RPM (Spindle Speed),"400",Rpm,false,true,,,26,401,2026-01-23 03:17:56.580 +0700
4501,MACHINING,Feeding,"00.10",mm/rev,false,true,,,30,401,2026-01-23 03:17:56.723 +0700
4502,MACHINING,Depth of Cut,"00.30",mm,false,true,,,32,401,2026-01-23 03:17:56.737 +0700
4503,MACHINING,Lubrication,Dry,"",true,false,,,33,401,2026-01-23 03:17:56.826 +0700
4504,MACHINING,Condition Material After Machining,On Spec,"",true,false,,,36,401,2026-01-23 03:17:56.847 +0700
4505,MACHINING,Operator Note,"","",false,false,,,49,401,2026-01-23 03:17:56.864 +0700
4506,ID WELD,Pass No,"1",Number,false,true,,,1,402,2026-01-23 19:31:39.938 +0700
4507,ID WELD,Filler Material,KISWEL K71TLF,"",true,false,,,2,402,2026-01-23 19:31:39.969 +0700
4508,ID WELD,Wire Diameter,"1,2 mm","",true,false,,,3,402,2026-01-23 19:31:40.017 +0700
4509,ID WELD,Diameter Before Welding,"103",mm,false,true,,,5,402,2026-01-23 19:31:40.036 +0700
4510,ID WELD,Pre heat,"132",deg C,false,true,,,6,402,2026-01-23 19:31:40.059 +0700
4511,ID WELD,Gas Flowrate,"30",lpm,false,true,,,7,402,2026-01-23 19:31:40.076 +0700
4512,ID WELD,Amperage,"200",A,false,true,,,8,402,2026-01-23 19:31:40.118 +0700
4513,ID WELD,Voltage,"25",V,false,true,,,9,402,2026-01-23 19:31:40.142 +0700
4514,ID WELD,Control Speed,"06.1",Hz,false,true,,,4,402,2026-01-23 19:31:40.222 +0700
4515,ID WELD,Temperature After Welding,"211",deg C,false,true,,,10,402,2026-01-23 19:31:40.247 +0700
4516,ID WELD,Diameter After Welding,"94",mm,false,true,,,11,402,2026-01-23 19:31:40.262 +0700
4517,ID WELD,Lenght Welding,"105",mm,false,true,,,12,402,2026-01-23 19:31:40.282 +0700
4518,ID WELD,Operator Note,"","",false,false,,,13,402,2026-01-23 19:31:40.321 +0700
4519,ID WELD,Pass No,"1",Number,false,true,,,1,403,2026-01-23 19:31:45.878 +0700
4520,ID WELD,Filler Material,KISWEL K71TLF,"",true,false,,,2,403,2026-01-23 19:31:45.960 +0700
4521,ID WELD,Wire Diameter,"1,2 mm","",true,false,,,3,403,2026-01-23 19:31:45.980 +0700
4522,ID WELD,Diameter Before Welding,"103",mm,false,true,,,5,403,2026-01-23 19:31:45.996 +0700
4523,ID WELD,Pre heat,"132",deg C,false,true,,,6,403,2026-01-23 19:31:46.014 +0700
4524,ID WELD,Gas Flowrate,"30",lpm,false,true,,,7,403,2026-01-23 19:31:46.041 +0700
4525,ID WELD,Amperage,"200",A,false,true,,,8,403,2026-01-23 19:31:46.061 +0700
4526,ID WELD,Voltage,"25",V,false,true,,,9,403,2026-01-23 19:31:46.113 +0700
4527,ID WELD,Control Speed,"06.1",Hz,false,true,,,4,403,2026-01-23 19:31:46.154 +0700
4528,ID WELD,Temperature After Welding,"211",deg C,false,true,,,10,403,2026-01-23 19:31:46.175 +0700
4529,ID WELD,Diameter After Welding,"94",mm,false,true,,,11,403,2026-01-23 19:31:46.191 +0700
4530,ID WELD,Lenght Welding,"105",mm,false,true,,,12,403,2026-01-23 19:31:46.208 +0700
4531,ID WELD,Operator Note,"","",false,false,,,13,403,2026-01-23 19:31:46.230 +0700
4532,MACHINING,Process Machining,Roughing,"",true,false,,,16,404,2026-01-24 03:59:52.919 +0700
4533,MACHINING,Material Type,Manufacture/Raw Material,"",true,false,,,62,404,2026-01-24 03:59:52.958 +0700
4534,MACHINING,Consumable Insert,BA101,"",true,false,,,17,404,2026-01-24 03:59:53.224 +0700
4535,MACHINING,Length Machining,"425.5",mm,false,true,,,20,404,2026-01-24 03:59:53.249 +0700
4536,MACHINING,Dimension Before Machining,"236",mm,false,true,,,19,404,2026-01-24 03:59:53.270 +0700
4537,MACHINING,Dimension After Machining,"228.3",mm,false,true,,,35,404,2026-01-24 03:59:53.301 +0700
4538,MACHINING,RPM (Spindle Speed),"125",Rpm,false,true,,,26,404,2026-01-24 03:59:53.346 +0700
4539,MACHINING,Feeding,"0.15",mm/rev,false,true,,,30,404,2026-01-24 03:59:53.381 +0700
4540,MACHINING,Depth of Cut,"2",mm,false,true,,,32,404,2026-01-24 03:59:53.445 +0700
4541,MACHINING,Lubrication,Dry,"",true,false,,,33,404,2026-01-24 03:59:53.472 +0700
4542,MACHINING,Condition Material After Machining,On Spec,"",true,false,,,36,404,2026-01-24 03:59:53.496 +0700
4543,MACHINING,Operator Note,Done,"",false,false,,,49,404,2026-01-24 03:59:53.531 +0700
4544,MACHINING,Process Machining,Roughing,"",true,false,,,16,405,2026-01-24 03:59:58.969 +0700
4545,MACHINING,Material Type,Manufacture/Raw Material,"",true,false,,,62,405,2026-01-24 03:59:58.999 +0700
4546,MACHINING,Consumable Insert,BA101,"",true,false,,,17,405,2026-01-24 03:59:59.024 +0700
4547,MACHINING,Length Machining,"425.5",mm,false,true,,,20,405,2026-01-24 03:59:59.057 +0700
4548,MACHINING,Dimension Before Machining,"236",mm,false,true,,,19,405,2026-01-24 03:59:59.084 +0700
4549,MACHINING,Dimension After Machining,"228.3",mm,false,true,,,35,405,2026-01-24 03:59:59.108 +0700
4550,MACHINING,RPM (Spindle Speed),"125",Rpm,false,true,,,26,405,2026-01-24 03:59:59.123 +0700
4551,MACHINING,Feeding,"0.15",mm/rev,false,true,,,30,405,2026-01-24 03:59:59.162 +0700
4552,MACHINING,Depth of Cut,"2",mm,false,true,,,32,405,2026-01-24 03:59:59.181 +0700
4553,MACHINING,Lubrication,Dry,"",true,false,,,33,405,2026-01-24 03:59:59.201 +0700
4554,MACHINING,Condition Material After Machining,On Spec,"",true,false,,,36,405,2026-01-24 03:59:59.219 +0700
4555,MACHINING,Operator Note,Done,"",false,false,,,49,405,2026-01-24 03:59:59.235 +0700
4556,MACHINING,Process Machining,Roughing,"",true,false,,,16,406,2026-01-24 21:57:58.697 +0700
4557,MACHINING,Material Type,Manufacture/Raw Material,"",true,false,,,62,406,2026-01-24 21:57:58.719 +0700
4558,MACHINING,Consumable Insert,BA101,"",true,false,,,17,406,2026-01-24 21:57:58.757 +0700
4559,MACHINING,Length Machining,"88.4",mm,false,true,,,20,406,2026-01-24 21:57:58.784 +0700
4560,MACHINING,Dimension Before Machining,"209.55",mm,false,true,,,19,406,2026-01-24 21:57:58.807 +0700
4561,MACHINING,Dimension After Machining,"242",mm,false,true,,,35,406,2026-01-24 21:57:58.832 +0700
4562,MACHINING,RPM (Spindle Speed),"125",Rpm,false,true,,,26,406,2026-01-24 21:57:58.867 +0700
4563,MACHINING,Feeding,"0.15",mm/rev,false,true,,,30,406,2026-01-24 21:57:58.884 +0700
4564,MACHINING,Depth of Cut,"2",mm,false,true,,,32,406,2026-01-24 21:57:58.958 +0700
4565,MACHINING,Lubrication,Dry,"",true,false,,,33,406,2026-01-24 21:57:58.975 +0700
4566,MACHINING,Condition Material After Machining,On Spec,"",true,false,,,36,406,2026-01-24 21:57:58.991 +0700
4567,MACHINING,Operator Note,Do,"",false,false,,,49,406,2026-01-24 21:57:59.009 +0700
4568,MACHINING,Process Machining,Roughing,"",true,false,,,16,407,2026-01-24 21:59:31.727 +0700
4569,MACHINING,Material Type,Manufacture/Raw Material,"",true,false,,,62,407,2026-01-24 21:59:31.751 +0700
4570,MACHINING,Consumable Insert,BA101,"",true,false,,,17,407,2026-01-24 21:59:31.778 +0700
4571,MACHINING,Length Machining,"18.4",mm,false,true,,,20,407,2026-01-24 21:59:31.803 +0700
4572,MACHINING,Dimension Before Machining,"422",mm,false,true,,,19,407,2026-01-24 21:59:31.819 +0700
4573,MACHINING,Dimension After Machining,"400",mm,false,true,,,35,407,2026-01-24 21:59:31.841 +0700
4574,MACHINING,RPM (Spindle Speed),"125",Rpm,false,true,,,26,407,2026-01-24 21:59:31.904 +0700
4575,MACHINING,Feeding,"0.15",mm/rev,false,true,,,30,407,2026-01-24 21:59:31.920 +0700
4576,MACHINING,Depth of Cut,"2",mm,false,true,,,32,407,2026-01-24 21:59:31.937 +0700
4577,MACHINING,Lubrication,Coolant,"",true,false,,,33,407,2026-01-24 21:59:31.979 +0700
4578,MACHINING,Condition Material After Machining,Over Size,"",true,false,,,36,407,2026-01-24 21:59:31.996 +0700
4579,MACHINING,Operator Note,Lanjut profile,"",false,false,,,49,407,2026-01-24 21:59:32.018 +0700
4580,ID WELD,Pass No,"1",Number,false,true,,,1,408,2026-01-26 14:41:15.370 +0700
4581,ID WELD,Filler Material,KISWEL K71TLF,"",true,false,,,2,408,2026-01-26 14:41:15.452 +0700
4582,ID WELD,Wire Diameter,"1,2 mm","",true,false,,,3,408,2026-01-26 14:41:15.484 +0700
4583,ID WELD,Diameter Before Welding,"240",mm,false,true,,,5,408,2026-01-26 14:41:15.507 +0700
4584,ID WELD,Pre heat,"147",deg C,false,true,,,6,408,2026-01-26 14:41:15.554 +0700
4585,ID WELD,Gas Flowrate,"30",lpm,false,true,,,7,408,2026-01-26 14:41:15.586 +0700
4586,ID WELD,Amperage,"216",A,false,true,,,8,408,2026-01-26 14:41:15.612 +0700
4587,ID WELD,Voltage,"27",V,false,true,,,9,408,2026-01-26 14:41:15.640 +0700
4588,ID WELD,Control Speed,"02.7",Hz,false,true,,,4,408,2026-01-26 14:41:15.668 +0700
4589,ID WELD,Temperature After Welding,"214",deg C,false,true,,,10,408,2026-01-26 14:41:15.701 +0700
4590,ID WELD,Diameter After Welding,"227",mm,false,true,,,11,408,2026-01-26 14:41:15.743 +0700
4591,ID WELD,Lenght Welding,"297",mm,false,true,,,12,408,2026-01-26 14:41:15.759 +0700
4592,ID WELD,Operator Note,"Perlu blower hexos untuk mengurangi asap pada pengelasan,operator sering terjadi beler","",false,false,,,13,408,2026-01-26 14:41:15.771 +0700
4593,ID WELD,Pass No,"",Number,false,true,,,1,409,2026-02-04 12:17:22.317 +0700
4594,ID WELD,Filler Material,KISWEL K71TLF,"",true,false,,,2,409,2026-02-04 12:17:22.438 +0700
4595,ID WELD,Wire Diameter,"1,0 mm","",true,false,,,3,409,2026-02-04 12:17:22.510 +0700
4596,ID WELD,Diameter Before Welding,"",mm,false,true,,,5,409,2026-02-04 12:17:22.616 +0700
4597,ID WELD,Pre heat,"",deg C,false,true,,,6,409,2026-02-04 12:17:22.697 +0700
4598,ID WELD,Gas Flowrate,"",lpm,false,true,,,7,409,2026-02-04 12:17:22.769 +0700
4599,ID WELD,Amperage,"",A,false,true,,,8,409,2026-02-04 12:17:22.857 +0700
4600,ID WELD,Voltage,"",V,false,true,,,9,409,2026-02-04 12:17:22.952 +0700
4601,ID WELD,Control Speed,"",Hz,false,true,,,4,409,2026-02-04 12:17:23.036 +0700
4602,ID WELD,Temperature After Welding,"",deg C,false,true,,,10,409,2026-02-04 12:17:23.130 +0700
4603,ID WELD,Diameter After Welding,"",mm,false,true,,,11,409,2026-02-04 12:17:23.229 +0700
4604,ID WELD,Lenght Welding,"",mm,false,true,,,12,409,2026-02-04 12:17:23.316 +0700
4605,ID WELD,Operator Note,"","",false,false,,,13,409,2026-02-04 12:17:23.399 +0700
4606,SAW,Filler Material,Bohler EM12K,"",true,false,,,14,410,2026-02-04 12:18:40.998 +0700
4607,SAW,Flux,LINCOLN A96S,"",true,true,,,144,410,2026-02-04 12:18:41.108 +0700
4608,SAW,Wire Diameter,"1,0 mm","",true,false,,,15,410,2026-02-04 12:18:41.205 +0700
4609,SAW,Diameter Before Welding,"",mm,false,true,,,21,410,2026-02-04 12:18:41.300 +0700
4610,SAW,Pre heat,"",deg C,false,true,,,22,410,2026-02-04 12:18:41.397 +0700
4611,SAW,Amperage,"",A,false,true,,,23,410,2026-02-04 12:18:41.489 +0700
4612,SAW,Voltage,"",V,false,true,,,24,410,2026-02-04 12:18:41.575 +0700
4613,SAW,Speed Frekuensi,"",Hz,false,false,,,18,410,2026-02-04 12:18:41.657 +0700
4614,SAW,Temperature After Welding,"",deg C,false,true,,,25,410,2026-02-04 12:18:41.756 +0700
4615,SAW,Diameter After Welding Area 1,"",mm,false,true,,,27,410,2026-02-04 12:18:41.836 +0700
4616,SAW,Diameter After Welding Area 2,"",mm,false,true,,,28,410,2026-02-04 12:18:41.917 +0700
4617,SAW,Lenght Welding,"",mm,false,true,,,29,410,2026-02-04 12:18:42.017 +0700
4618,SAW,Operator Note,"","",false,false,,,31,410,2026-02-04 12:18:42.120 +0700
