idsow,order_no,operation_no,ssbr_id,part_number,part_name,model,customer,location,wct_group,workcenter,operationtext,workcenterdescription,planhours,systemstatus,confirmation,status,finish_date,codenumber,weight,created_by,type,group,category,remark,sync,plan_start,plan_finish,actual_start,actual_finish,actual_progress,actual_hours
515578,,1,UYE-99,9T-3881,Mantep,test,PT. Cipta Kridatama,Mantep,DIS,,test 1,,0,,,,,1,0,teesan,SINGLE,1,JOB,,,,,,,,
515579,,2,UYE-99,9T-3881,Mantep,test,PT. Cipta Kridatama,Mantep,DIS,M5153CLN,test 2,,1,,,,,2,0,teesan,SINGLE,1,JOB,,,,,,,,
515580,,3,UYE-99,9T-3881,Mantep,test,PT. Cipta Kridatama,Mantep,DIS,M5153CLN,test 3,,2.5,,,,,3,0,teesan,SINGLE,1,JOB,,,,,,,,
515581,,4,UYE-99,9T-3881,Mantep,test,PT. Cipta Kridatama,Mantep,DIS,M5153CLN,test 4,,1,,,,,4,0,teesan,SINGLE,1,JOB,,,,,,,,
515582,,5,UYE-99,9T-3881,Mantep,test,PT. Cipta Kridatama,Mantep,DIS,M5153CLN,test 5,,1,,,,,5,0,teesan,SINGLE,1,JOB,,,,,,,,
515583,,6,UYE-99,9T-3881,Mantep,test,PT. Cipta Kridatama,Mantep,DIS,M5153CLN,test 6,,1,,,,,6,0,teesan,SINGLE,1,JOB,,,,,,,,
515584,,7,UYE-99,9T-3881,Mantep,test,PT. Cipta Kridatama,Mantep,DIS,M5153CLN,test 7,,1,,,,,7,0,teesan,SINGLE,1,JOB,,,,,,,,
515585,,8,UYE-99,9T-3881,Mantep,test,PT. Cipta Kridatama,Mantep,DIS,M5153CLN,test 8,,1,,,,,8,0,teesan,SINGLE,1,JOB,,,,,,,,
515586,,9,UYE-99,9T-3881,Mantep,test,PT. Cipta Kridatama,Mantep,DIS,M5153CLN,test 9,,1,,,,,9,0,teesan,SINGLE,1,JOB,,,,,,,,
515588,,11,UYE-99,9T-3881,Mantep,test,PT. Cipta Kridatama,Mantep,DIS,M5153CLN,test 11,,1,,,,,11,0,teesan,SINGLE,1,JOB,,,,,,,,
515462,1000122217,30,SHCG-441,7J-4083 ,Piston Ripper Lilt Cylinder ,D10T,PT. Cipta Kridatama,BIB,QC2,M5153QC2,Inspection,,1,,,FINISH,12/12/2025,1.00012E+11,0,,,2,,,,,,,,,
514310,320008546,1602,SHSP-559,223-9657,Rod Front Suspension,777,Cipta Kridatama PT.,BIB,WM3,,Welding Crack,,6,,,FINISH,12/9/2025,3.20009E+12,0,,,2,,,,,,,,,
514461,1000122086,100,PROJECT 12,,Project,PO PROJECT PERIODE DECEMBER 2025,PT Sanggar Sarana Baja,Internal Project,HCP2,,Chrome,,1,,,,,1.00012E+12,,,,1,,,,,,,,,
514460,1000122086,90,PROJECT 12,,Project,PO PROJECT PERIODE DECEMBER 2025,PT Sanggar Sarana Baja,Internal Project,HCP1,,Dechrome,,1,,,,,1.00012E+11,,,,1,,,,,,,,,
514455,1000122086,40,PROJECT 12,,Project,PO PROJECT PERIODE DECEMBER 2025,PT Sanggar Sarana Baja,Internal Project,DIS,,Disassembly,,1,,,,,1.00012E+11,,,,1,,,,,,,,,
514454,1000122086,30,PROJECT 12,,Project,PO PROJECT PERIODE DECEMBER 2025,PT Sanggar Sarana Baja,Internal Project,BSW,,Bandsaw,,1,,,,,1.00012E+11,,,,1,,,,,,,,,
514459,1000122086,80,PROJECT 12,,Project,PO PROJECT PERIODE DECEMBER 2025,PT Sanggar Sarana Baja,Internal Project,BST,,Big Spindle Lathe,,1,,,,,1.00012E+11,,,,1,,,,,,,,,
514458,1000122086,70,PROJECT 12,,Project,PO PROJECT PERIODE DECEMBER 2025,PT Sanggar Sarana Baja,Internal Project,SYG,,Turning Lathe 3M,,1,,,,,1.00012E+11,,,,1,,,,,,,,,
514456,1000122086,50,PROJECT 12,,Project,PO PROJECT PERIODE DECEMBER 2025,PT Sanggar Sarana Baja,Internal Project,HB,,Horizontal Bore,,1,,,,,1.00012E+11,,,,1,,,,,,,,,
514453,1000122086,20,PROJECT 12,,Project,PO PROJECT PERIODE DECEMBER 2025,PT Sanggar Sarana Baja,Internal Project,BLS,,Blasting,,1,,,,,1.00012E+11,,,,1,,,,,,,,,
514824,1000121500,200,SHSP-494,,Housing Rear Suspension,773,Cipta Kridatama,Site TIA,HM,,Honing ID Housing,,8,,,FINISH,12/9/2025,1.00012E+12,,,,1,,,,,,,,,
515661,1000122336,20,SFRM-766,310-6112,A Frame,773,Cipta Kridatama PT.,Site BIB,PPC,,Order / manufacture sleeve ,,0,,,,,1.00012E+11,0,,,1,,"AISI 1045 (OD180, L110)",,,,,,,
515665,1000122336,60,SFRM-766,310-6112,A Frame,773,Cipta Kridatama PT.,Site BIB,ASY,,Install Sleeve,,2,,,,,1.00012E+11,0,,,1,,,,,,,,,
515666,1000122336,70,SFRM-766,310-6112,A Frame,773,Cipta Kridatama PT.,Site BIB,WM3,,Weld Joint Sleeve ,,1,,,,,1.00012E+11,0,,,1,,,,,,,,,
515667,1000122336,80,SFRM-766,310-6112,A Frame,773,Cipta Kridatama PT.,Site BIB,WM2,,Weld dent area,,1,,,,,1.00012E+11,0,,,1,,,,,,,,,
515668,1000122336,90,SFRM-766,310-6112,A Frame,773,Cipta Kridatama PT.,Site BIB,WM2,,Remove Broken Bolt,,1,,,,,1.00012E+11,0,,,1,,,,,,,,,
515669,1000122336,100,SFRM-766,310-6112,A Frame,773,Cipta Kridatama PT.,Site BIB,HDR,,Handressing,,1,,,,,1.00012E+12,0,,,1,,,,,,,,,
515670,1000122336,110,SFRM-766,310-6112,A Frame,773,Cipta Kridatama PT.,Site BIB,QC2,,Inspection,,1,,,,,1.00012E+12,0,,,1,,,,,,,,,
514805,1000121499,240,SHCP-290,,Rod as Hoist Cylinder,773,PT. Cipta Kridatama,Site BIB,MGN1,,Light skim end face prior to remove excesive chrome,,1,,,FINISH,12/12/2025,1.00012E+12,,,,1,JOB,,update,,,,,,
427944,1000086463,2310,BHSG-2881-II,223-4418,Liner,,PT. Cipta Kridatama,BMB,HM,M5153HM1,Honing ,,3.5,,,,,1.00009E+13,,,,1,,,update,2/2/2026,2/2/2026,,,,
427945,1000086463,2311,BHSG-2881-II,223-4418,Liner,,PT. Cipta Kridatama,BMB,HDR,M5153HDR,Handress,,0.5,,,,,1.00009E+13,,,,1,,,update,2/2/2026,2/2/2026,,,,
427946,1000086463,2312,BHSG-2881-II,223-4418,Liner,,PT. Cipta Kridatama,BMB,QC2,M5153QC2,Post inspect,,0.5,,,,,1.00009E+13,,,,1,,,update,2/2/2026,2/2/2026,,,,
510999,1000120119,290,BHSC-1111,,Piston Hoist Cylinder,,,,,,Tig Weld,,1,,,,,1.00012E+12,,,,1,,,update,2/5/2026,2/5/2026,,,,
515664,1000122336,50,SFRM-766,310-6112,A Frame,773,Cipta Kridatama PT.,Site BIB,HB,,Strip ID eye bore,,4,,,FINISH,12/18/2025,1.00012E+11,0,,,1,,,,,,,,,
515663,1000122336,40,SFRM-766,310-6112,A Frame,773,Cipta Kridatama PT.,Site BIB,SYG,,Manufacture sleeve,,8,,,FINISH,12/19/2025,1.00012E+11,0,,,1,,ID Eye bore & threading nut seat,,,,,,,
515662,1000122336,30,SFRM-766,310-6112,A Frame,773,Cipta Kridatama PT.,Site BIB,BSW,,Cut Material,,2,,,FINISH,12/20/2025,1.00012E+11,0,,,1,,,,,,,,,
514457,1000122086,60,PROJECT 12,,Project,PO PROJECT PERIODE DECEMBER 2025,PT Sanggar Sarana Baja,Internal Project,MGN1,,Magnum,,1,,,FINISH,12/29/2025,1.00012E+11,,,,1,,,,,,,,,
514472,1000122086,210,PROJECT 12,,Project,PO PROJECT PERIODE DECEMBER 2025,PT Sanggar Sarana Baja,Internal Project,QC1,,Pre Inspect,,1,,,,,1.00012E+12,,,,1,,,,,,,,,
514481,1000122086,300,PROJECT 12,,Project,PO PROJECT PERIODE DECEMBER 2025,PT Sanggar Sarana Baja,Internal Project,WM3,,General Welding,,1,,,,,1.00012E+12,,,,1,,,,,,,,,
514480,1000122086,290,PROJECT 12,,Project,PO PROJECT PERIODE DECEMBER 2025,PT Sanggar Sarana Baja,Internal Project,WM2,,Tig Weld,,1,,,,,1.00012E+12,,,,1,,,,,,,,,
514479,1000122086,280,PROJECT 12,,Project,PO PROJECT PERIODE DECEMBER 2025,PT Sanggar Sarana Baja,Internal Project,WM1,,ID Weld,,1,,,,,1.00012E+12,,,,1,,,,,,,,,
514476,1000122086,250,PROJECT 12,,Project,PO PROJECT PERIODE DECEMBER 2025,PT Sanggar Sarana Baja,Internal Project,VTL,,Vertical Lathe,,1,,,,,1.00012E+12,,,,1,,,,,,,,,
514452,1000122086,10,PROJECT 12,,Project,PO PROJECT PERIODE DECEMBER 2025,PT Sanggar Sarana Baja,Internal Project,ASY,,Assembly,,1,,,,,1.00012E+11,,,,1,,,,,,,,,
514478,1000122086,270,PROJECT 12,,Project,PO PROJECT PERIODE DECEMBER 2025,PT Sanggar Sarana Baja,Internal Project,WF5,,Gouging,,1,,,,,1.00012E+12,,,,1,,,,,,,,,
514470,1000122086,190,PROJECT 12,,Project,PO PROJECT PERIODE DECEMBER 2025,PT Sanggar Sarana Baja,Internal Project,PRM1,,Bending,,1,,,,,1.00012E+12,,,,1,,,,,,,,,
514469,1000122086,180,PROJECT 12,,Project,PO PROJECT PERIODE DECEMBER 2025,PT Sanggar Sarana Baja,Internal Project,POL2,,Polisher,,1,,,,,1.00012E+12,,,,1,,,,,,,,,
514465,1000122086,140,PROJECT 12,,Project,PO PROJECT PERIODE DECEMBER 2025,PT Sanggar Sarana Baja,Internal Project,LBP,,Line Boring,,1,,,,,1.00012E+12,,,,1,,,,,,,,,
514477,1000122086,260,PROJECT 12,,Project,PO PROJECT PERIODE DECEMBER 2025,PT Sanggar Sarana Baja,Internal Project,WF3,,Welding Fabrikasi,,1,,,,,1.00012E+12,,,,1,,,,,,,,,
514475,1000122086,240,PROJECT 12,,Project,PO PROJECT PERIODE DECEMBER 2025,PT Sanggar Sarana Baja,Internal Project,SAW,,SAW,,1,,,,,1.00012E+12,,,,1,,,,,,,,,
514473,1000122086,220,PROJECT 12,,Project,PO PROJECT PERIODE DECEMBER 2025,PT Sanggar Sarana Baja,Internal Project,QC2,,Post / Final Inspect,,1,,,,,1.00012E+12,,,,1,,,,,,,,,
514987,1000121474,30,SHSG-303,,Housing As Front Suspension,773,Cipta Kridatama PT.,BIB,WM3,,Remove Gusset,,1,,,FINISH,12/9/2025,1.00012E+11,,,,6,,,,,,,,,
514969,1000121492,160,SHSG-306,,Housing As Front Suspension,777G,Cipta Kridatama PT.,BIB,HB,,Machining ID Wearing Seat,,8,,,FINISH,12/12/2025,1.00012E+12,,,,5,,,,,,,,,
511573,1000121019,310,SFRM-755,5-001373,HITACHI EX2600 CE 6224,EX2600,PT. Cipta Kridatama,Site BIB,WF3,,Setting & Welding Base Plate Cutting Edge,,20,,,FINISH,12/9/2025,1.00012E+12,,,,1,,,,,,,,,
515671,1000122315,20,STCP-179,,Shaft Center Transmission,777,PT. Cipta Kridatama,Site BMB,SYG,M5153COR,Strip OD Snap Ring Groove,,1,,,,,1.00012E+11,0,,,1,,,,,,,,,
515672,1000122315,30,STCP-179,,Shaft Center Transmission,777,PT. Cipta Kridatama,Site BMB,WM2,M5153WM2,Welding OD Snap Ring Groove,,2,,,,,1.00012E+11,0,,,1,,,,,,,,,
515673,1000122315,40,STCP-179,,Shaft Center Transmission,777,PT. Cipta Kridatama,Site BMB,SYG,M5153COR,Machining OD Snap Ring Groove,,2,,,,,1.00012E+11,0,,,1,,,,,,,,,
515674,1000122315,50,STCP-179,,Shaft Center Transmission,777,PT. Cipta Kridatama,Site BMB,SYG,M5153COR,Strip the bearing seat 1,,2,,,,,1.00012E+11,0,,,1,,,,,,,,,
515675,1000122315,60,STCP-179,,Shaft Center Transmission,777,PT. Cipta Kridatama,Site BMB,SYG,M5153COR,Strip the bearing seat 2,,2,,,,,1.00012E+11,0,,,1,,,,,,,,,
515676,1000122315,70,STCP-179,,Shaft Center Transmission,777,PT. Cipta Kridatama,Site BMB,BLS,M5153BLS,Blasting,,1,,,,,1.00012E+11,0,,,1,,,,,,,,,
515677,1000122315,80,STCP-179,,Shaft Center Transmission,777,PT. Cipta Kridatama,Site BMB,MTS,M5153MTS,Wire arc the bearing seat 1,,3,,,,,1.00012E+11,0,,,1,,,,,,,,,
515678,1000122315,90,STCP-179,,Shaft Center Transmission,777,PT. Cipta Kridatama,Site BMB,MTS,M5153MTS,Wire arc the bearing seat 2,,3,,,,,1.00012E+11,0,,,1,,,,,,,,,
515680,1000122315,110,STCP-179,,Shaft Center Transmission,777,PT. Cipta Kridatama,Site BMB,SYG,M5153COR,Machining the bearing seat 2,,4,,,,,1.00012E+12,0,,,1,,,,,,,,,
515681,1000122315,120,STCP-179,,Shaft Center Transmission,777,PT. Cipta Kridatama,Site BMB,HDR,M5153HDR,Handressing,,2,,,,,1.00012E+12,0,,,1,,,,,,,,,
515682,1000122315,130,STCP-179,,Shaft Center Transmission,777,PT. Cipta Kridatama,Site BMB,QC2,M5153QC2,Final inspection,,1,,,,,1.00012E+12,0,,,1,,,,,,,,,
515679,1000122315,100,STCP-179,,Shaft Center Transmission,777,PT. Cipta Kridatama,Site BMB,SYG,M5153COR,Machining the bearing seat 1,,4,,,FINISH,12/16/2025,1.00012E+12,0,,,1,,,,,,,,,
513497,1000120977,250,SHCP-286,317-8435 ,Rod As Stick Cylinder,390FL,"Cipta Kridatama, PT.",Site BIB,POL2,,Final Polish OD of rod,,8,,,FINISH,12/9/2025,1.00012E+12,,,,1,,,,,,,,,
515683,1000122353,10,SHCP-331,465-6278,Yoke Eye As Stick Cylinder,6030,PT. Cipta Kridatama,BMB,,,Start Fabrication,,0,,,,,1.00012E+11,0,,,1,,,,,,,,,
515685,1000122353,30,SHCP-331,465-6278,Yoke Eye As Stick Cylinder,6030,PT. Cipta Kridatama,BMB,WM1,M5153WM1,Build Up ID Thread,,5,,,,,1.00012E+11,0,,,1,,,,,,,,,
417142,1000078791,99,SDFP-09,,Carrier Differential,,PT. Cipta Kridatama,Site BIB,HB,,Setting before machine,,1,,,,,1.00008E+11,,,,1,,,update,2/2/2026,2/2/2026,2/6/2026,2/11/2026,1,5
515686,1000122353,40,SHCP-331,465-6278,Yoke Eye As Stick Cylinder,6030,PT. Cipta Kridatama,BMB,HB,M5153CLT,Machining Face Eye,,3,,,,,1.00012E+11,0,,,1,,,,,,,,,
515687,1000122353,50,SHCP-331,465-6278,Yoke Eye As Stick Cylinder,6030,PT. Cipta Kridatama,BMB,HB,M5153CLT,Machining ID Thread,,12,,,,,1.00012E+11,0,,,1,,,,,,,,,
515688,1000122353,60,SHCP-331,465-6278,Yoke Eye As Stick Cylinder,6030,PT. Cipta Kridatama,BMB,HDR,M5153HDR,Retap ID Thread,,2,,,,,1.00012E+11,0,,,1,,,,,,,,,
515689,1000122353,70,SHCP-331,465-6278,Yoke Eye As Stick Cylinder,6030,PT. Cipta Kridatama,BMB,HDR,M5153HDR,Handressing,,2,,,,,1.00012E+11,0,,,1,,,,,,,,,
515690,1000122353,80,SHCP-331,465-6278,Yoke Eye As Stick Cylinder,6030,PT. Cipta Kridatama,BMB,QC2,M5153QC2,Final Inspection,,1,,,,,1.00012E+11,0,,,1,,,,,,,,,
515684,1000122353,20,SHCP-331,465-6278,Yoke Eye As Stick Cylinder,6030,PT. Cipta Kridatama,BMB,HB,M5153CLT,Striping ID Thread,,5,,,FINISH,12/17/2025,1.00012E+11,0,,,1,,,,,,,,,
513883,1000121464,20,SWRP-754,-,Piston Parking Brake,773,"PT. Cipta Kridatama,",Site BIB,WM2,,Weld worn and dent at near pin hole and face,,2,,,FINISH,12/9/2025,1.00012E+11,,,,1,,,,,,,,,
513832,1000121461,90,SHSP-559,223-9657,Rod Front Suspension,777,PT. Cipta Kridatama,Site BIB,POL1,,Pre polish OD rod prior to chrome,,8,,,FINISH,12/12/2025,1.00012E+11,,,,1,,,,,,,,,
514369,1000121479,170,SHSG-304,223-4396,Housing As Front Suspension,773,Cipta Kridatama PT.,BIB,HB,,Check Run Out (Center Line),,1,,,FINISH,12/10/2025,1.00012E+12,,,,5,,,,,,,,,
515691,320008577,1601,SWRP-768,316-9771,Housing Inner Final Drive,14M,Trakindo Utama PT.,BIB,BST,M5153COR,Strip OD Seal Contact,,1,,,,,3.20009E+12,0,,,2,,,,,,,,,
515692,320008577,1602,SWRP-768,316-9771,Housing Inner Final Drive,14M,Trakindo Utama PT.,BIB,MTS,M5153MTS,Metal Spray OD Seal Contact,,2,,,,,3.20009E+12,0,,,2,,,,,,,,,
515693,320008577,1603,SWRP-768,316-9771,Housing Inner Final Drive,14M,Trakindo Utama PT.,BIB,MGN1,M5153COR,Machining  OD Seal Contact,,2,,,FINISH,12/13/2025,3.20009E+12,0,,,2,,,,,,,,,
515694,1000122166,20,SWRP-768,316-9771,Housing Inner Final Drive,14M,PT. Trakindo Utama,BMB,WM2,M5153WM2,Tig weld bad profile at face,,4,,,,,1.00012E+11,0,,,1,,,,,,,,,
515695,1000122166,30,SWRP-768,316-9771,Housing Inner Final Drive,14M,PT. Trakindo Utama,BMB,WM2,M5153WM2,Remove crack,,2,,,,,1.00012E+11,0,,,1,,,,,,,,,
515696,1000122166,40,SWRP-768,316-9771,Housing Inner Final Drive,14M,PT. Trakindo Utama,BMB,WM2,M5153WM2,Welding crack,,8,,,,,1.00012E+11,0,,,1,,,,,,,,,
515698,1000122166,60,SWRP-768,316-9771,Housing Inner Final Drive,14M,PT. Trakindo Utama,BMB,QC2,M5153QC2,Check Crack,,1,,,,,1.00012E+11,0,,,1,,,,,,,,,
515699,1000122166,70,SWRP-768,316-9771,Housing Inner Final Drive,14M,PT. Trakindo Utama,BMB,BST,M5153COR,Strip OD Ring Wear,,3,,,,,1.00012E+11,0,,,1,,,,,,,,,
515700,1000122166,80,SWRP-768,316-9771,Housing Inner Final Drive,14M,PT. Trakindo Utama,BMB,BST,M5153COR,Strip OD Lip Seal ,,1,,,,,1.00012E+11,0,,,1,,,,,,,,,
515701,1000122166,90,SWRP-768,316-9771,Housing Inner Final Drive,14M,PT. Trakindo Utama,BMB,BLS,M5153BLS,Blasting,,2,,,,,1.00012E+11,0,,,1,,,,,,,,,
515702,1000122166,100,SWRP-768,316-9771,Housing Inner Final Drive,14M,PT. Trakindo Utama,BMB,MTS,M5153MTS,Metal spray OD Ring Wear,,6,,,,,1.00012E+12,0,,,1,,,,,,,,,
515703,1000122166,110,SWRP-768,316-9771,Housing Inner Final Drive,14M,PT. Trakindo Utama,BMB,MTS,M5153MTS,Metal Spray OD Lip Seal ,,3,,,,,1.00012E+12,0,,,1,,,,,,,,,
515704,1000122166,120,SWRP-768,316-9771,Housing Inner Final Drive,14M,PT. Trakindo Utama,BMB,MGN1,M5153COR,Machining OD Ring Wear,,8,,,,,1.00012E+12,0,,,1,,,,,,,,,
515705,1000122166,130,SWRP-768,316-9771,Housing Inner Final Drive,14M,PT. Trakindo Utama,BMB,MGN1,M5153COR,Machining OD Lip Seal,,3,,,,,1.00012E+12,0,,,1,,,,,,,,,
515706,1000122166,140,SWRP-768,316-9771,Housing Inner Final Drive,14M,PT. Trakindo Utama,BMB,HDR,M5153HDR,Retap thread holes,,1,,,,,1.00012E+12,0,,,1,,,,,,,,,
515707,1000122166,150,SWRP-768,316-9771,Housing Inner Final Drive,14M,PT. Trakindo Utama,BMB,HDR,M5153HDR,Handressing,,1,,,,,1.00012E+12,0,,,1,,,,,,,,,
515708,1000122166,160,SWRP-768,316-9771,Housing Inner Final Drive,14M,PT. Trakindo Utama,BMB,QC2,M5153QC2,Final Inspection ,,1,,,,,1.00012E+12,0,,,1,,,,,,,,,
514416,1000122069,50,SFRM-559-I,5-000848,Bucket 6020 Up Size (CE6168),6020 Up Size,PT. Cipta Kridatama,Site BIB,WF5,M5153WF5,Remove Base Edge,,10,,,FINISH,12/10/2025,1.00012E+11,0,,,1,,,,,,,,,
515697,1000122166,50,SWRP-768,316-9771,Housing Inner Final Drive,14M,PT. Trakindo Utama,BMB,HB,M5153CLT,Skim ex weld bad profile at face,,2,,,FINISH,12/13/2025,1.00012E+11,0,,,1,,,,,,,,,
515566,1000122287,10,SFRM-780,5-001490,Roof Top & Ladder Container ,,PT.Cipta Kridatama ,BIB,PPC,,Order material,,0,,,,,1.00012E+11,0,,,1,,Plant hanya Cutting dan Fabricate tangga,,,,,,,
515567,1000122287,20,SFRM-780,5-001490,Roof Top & Ladder Container ,,PT.Cipta Kridatama ,BIB,PRM2,,Cutting Material,,30,,,,,1.00012E+11,0,,,1,,Untuk Plate yang di potong bisa di berikan damarkasi urutan Container,,,,,,,
515373,1000121949,50,SHCG-266-I,,Rod Cylinder Tyre Handler Magni,TH5036,"PT. Cipta Kridatama,",Site BMB,HB,,Machining OD Thread,,4,,,FINISH,12/13/2025,1.00012E+11,,,,4,,,,,,,,,
509675,,100,BHCG-12356,223-9645,Rod Baru,777,PT SEJAHTERA,Sebamban,HD,,Handressing,,1,,,,,100,,,,1,,,,,,,,,
515589,1000122213,20,SHCG-442,,Head As Side Shift Cylinder,16M3,"PT. Cipta Kridatama,",Site BIB,WM2,M5153WM2,Tig weld Dent area,,2,,,,,1.00012E+11,0,,,1,,,,,,,,,
515590,1000122213,30,SHCG-442,,Head As Side Shift Cylinder,16M3,"PT. Cipta Kridatama,",Site BIB,SYG,M5153COR,Skim ex TIG weld dent are,,1,,,,,1.00012E+11,0,,,1,,,,,,,,,
515591,1000122213,40,SHCG-442,,Head As Side Shift Cylinder,16M3,"PT. Cipta Kridatama,",Site BIB,SYG,M5153COR,Skim ex TIG weld circular seal buffer area,,4,,,,,1.00012E+11,0,,,1,,,,,,,,,
515592,1000122213,50,SHCG-442,,Head As Side Shift Cylinder,16M3,"PT. Cipta Kridatama,",Site BIB,HDR,M5153HDR,Handressing,,1,,,,,1.00012E+11,0,,,1,,,,,,,,,
515593,1000122213,60,SHCG-442,,Head As Side Shift Cylinder,16M3,"PT. Cipta Kridatama,",Site BIB,QC2,M5153QC2,Post Inspection,,1,,,,,1.00012E+11,0,,,1,,,,,,,,,
514418,1000122069,70,SFRM-559-I,5-000848,Bucket 6020 Up Size (CE6168),6020 Up Size,PT. Cipta Kridatama,Site BIB,WF5,M5153WF5,Remove Adapter Center Side RH,,5,,,,,1.00012E+11,0,,,1,,,,,,,,,
514429,1000122069,180,SFRM-559-I,5-000848,Bucket 6020 Up Size (CE6168),6020 Up Size,PT. Cipta Kridatama,Site BIB,WF3,M5153WF3,Setting & Welding Joint Base Edge,,40,,,,,1.00012E+12,0,,,1,,,,,,,,,
514432,1000122069,210,SFRM-559-I,5-000848,Bucket 6020 Up Size (CE6168),6020 Up Size,PT. Cipta Kridatama,Site BIB,WF3,M5153WF3,Setting & Welding Plate Reinforce,,6,,,,,1.00012E+12,0,,,1,,,,,,,,,
514427,1000122069,160,SFRM-559-I,5-000848,Bucket 6020 Up Size (CE6168),6020 Up Size,PT. Cipta Kridatama,Site BIB,WF5,M5153WF5,Setting & Welding Lipshroud Section,,10,,,FINISH,12/19/2025,1.00012E+12,0,,,1,,,,,,,,,
514856,1000121496,50,SFRM-768,5-001317,Cutting And Profil Material Boom Frame CAT323,REINFORCE BOOM CAT 320,PT. Trakindo Utama,Site Batulicin,QC2,M5153QC2,Final Inspection,,1,,,,,1.00012E+11,0,,,1,,,,,,,,,
515596,1000122214,40,SHCG-442,,Housing As Side Shift Cylinder,14M,"PT. Cipta Kridatama,",Site BIB,BSW,M5153BSW,Cut off tube from eye,,2,,,,,1.00012E+11,0,,,2,,,,,,,,,
515610,1000122214,180,SHCG-442,,Housing As Side Shift Cylinder,14M,"PT. Cipta Kridatama,",Site BIB,HM,M5153HM1,Honing ID housing,,8,,,FINISH,1/10/2026,1.00012E+12,0,,,2,,,,,,,,,
515603,1000122214,110,SHCG-442,,Housing As Side Shift Cylinder,14M,"PT. Cipta Kridatama,",Site BIB,WM3,M5153WM3,Weld joint eye to tube,,4,,,,,1.00012E+12,0,,,2,,,,,,,,,
515594,1000122214,20,SHCG-442,,Housing As Side Shift Cylinder,14M,"PT. Cipta Kridatama,",Site BIB,PPC,,Order Material Tube,,0,,,,,1.00012E+11,0,,,2,,"AISI1026 OD=125(5"") ID=105 L=1700",,,,,,,
515595,1000122214,30,SHCG-442,,Housing As Side Shift Cylinder,14M,"PT. Cipta Kridatama,",Site BIB,HDR,M5153HDR,Remove oil port block,,1,,,,,1.00012E+11,0,,,2,,,,,,,,,
515597,1000122214,50,SHCG-442,,Housing As Side Shift Cylinder,14M,"PT. Cipta Kridatama,",Site BIB,WM2,M5153WM2,TIG Weld worn out at ID Cap ,,4,,,,,1.00012E+11,0,,,2,,,,,,,,,
515598,1000122214,60,SHCG-442,,Housing As Side Shift Cylinder,14M,"PT. Cipta Kridatama,",Site BIB,SYG,M5153COR,Skim remove weld excess,,1,,,,,1.00012E+11,0,,,2,,,,,,,,,
515599,1000122214,70,SHCG-442,,Housing As Side Shift Cylinder,14M,"PT. Cipta Kridatama,",Site BIB,SYG,M5153COR,Machining profile joint tube prior to joint,,4,,,,,1.00012E+11,0,,,2,,,,,,,,,
515600,1000122214,80,SHCG-442,,Housing As Side Shift Cylinder,14M,"PT. Cipta Kridatama,",Site BIB,SYG,M5153COR,Machining profile joint eye prior to joint,,4,,,FINISH,1/8/2026,1.00012E+11,0,,,2,,,,,,,,,
515601,1000122214,90,SHCG-442,,Housing As Side Shift Cylinder,14M,"PT. Cipta Kridatama,",Site BIB,HB,M5153CLT,Strip ID eye,,2,,,,,1.00012E+11,0,,,2,,,,,,,,,
515602,1000122214,100,SHCG-442,,Housing As Side Shift Cylinder,14M,"PT. Cipta Kridatama,",Site BIB,HM,M5153HM1,Pre Honing ID housing,,4,,,,,1.00012E+12,0,,,2,,,,,,,,,
515604,1000122214,120,SHCG-442,,Housing As Side Shift Cylinder,14M,"PT. Cipta Kridatama,",Site BIB,WM3,M5153WM3,Weld build Up ID eye,,2,,,,,1.00012E+12,0,,,2,,,,,,,,,
515726,1000122224,80,SHCG-441,374-2285,Housing As Ripper Lift Cylinder,D10T,PT. Cipta Kridatama,BIB,HDR,M5153HDR,Handressing,,2,,,,,1.00012E+11,0,,,4,,,,,,,,,
417121,1000078791,24,SDFP-09,,Carrier Differential,,PT. Cipta Kridatama,Site BIB,WM3,,Pre Heat before weld,,0.25,,,,,1.00008E+11,,,,1,,,update,2/2/2026,2/2/2026,2/6/2026,2/11/2026,1,22
515605,1000122214,130,SHCG-442,,Housing As Side Shift Cylinder,14M,"PT. Cipta Kridatama,",Site BIB,RD,M5153RD1,Drill Oil port hole,,1,,,FINISH,1/6/2026,1.00012E+12,0,,,2,,,,,,,,,
515606,1000122214,140,SHCG-442,,Housing As Side Shift Cylinder,14M,"PT. Cipta Kridatama,",Site BIB,WM2,M5153WM2,TIG Weld joint oil port,,1,,,,,1.00012E+12,0,,,2,,,,,,,,,
515607,1000122214,150,SHCG-442,,Housing As Side Shift Cylinder,14M,"PT. Cipta Kridatama,",Site BIB,MGN1,M5153COR,Machining ID head seat (Threads area),,4,,,,,1.00012E+12,0,,,2,,,,,,,,,
515608,1000122214,160,SHCG-442,,Housing As Side Shift Cylinder,14M,"PT. Cipta Kridatama,",Site BIB,MGN1,M5153COR,Machining OD Groove,,1,,,,,1.00012E+12,0,,,2,,,,,,,,,
515609,1000122214,170,SHCG-442,,Housing As Side Shift Cylinder,14M,"PT. Cipta Kridatama,",Site BIB,HB,M5153CLT,Machining ID eye,,4,,,,,1.00012E+12,0,,,2,,,,,,,,,
515611,1000122214,190,SHCG-442,,Housing As Side Shift Cylinder,14M,"PT. Cipta Kridatama,",Site BIB,HDR,M5153HDR,Handressing,,1,,,,,1.00012E+12,0,,,2,,,,,,,,,
515612,1000122214,200,SHCG-442,,Housing As Side Shift Cylinder,14M,"PT. Cipta Kridatama,",Site BIB,QC2,M5153QC2,Post Inspection,,1,,,,,1.00012E+12,0,,,2,,,,,,,,,
494324,1000113806,350,SDFP-100,561-22-73115,Rear Axle Housing,,PT. Putra Perkasa Abadi,Site BIB,HB,M5153CLT,Machine Flange face LH,,4,,,,,1.00011E+12,,,,1,,,,,,,,,
494325,1000113806,360,SDFP-100,561-22-73115,Rear Axle Housing,,PT. Putra Perkasa Abadi,Site BIB,HB,M5153CLT,Machine Flange face differential contact,,4,,,,,1.00011E+12,,,,1,,,,,,,,,
494326,1000113806,370,SDFP-100,561-22-73115,Rear Axle Housing,,PT. Putra Perkasa Abadi,Site BIB,HB,M5153CLT,Machine bolt holes at flange RH,,16,,,,,1.00011E+12,,,,1,,,,,,,,,
494327,1000113806,380,SDFP-100,561-22-73115,Rear Axle Housing,,PT. Putra Perkasa Abadi,Site BIB,HB,M5153CLT,Machine bolt holes at flange LH,,16,,,,,1.00011E+12,,,,1,,,,,,,,,
515718,1000121729,110,SHCG-431,9T-0085,Housing Ripper Tilt Cylinder ,D10T,PT. Cipta Kridatama,BIB,HM,M5153HM1,Pre hone ID ,,4,,,,,1.00012E+12,0,,,4,,tube,,,,,,,
515719,1000121729,120,SHCG-431,9T-0085,Housing Ripper Tilt Cylinder ,D10T,PT. Cipta Kridatama,BIB,SAW,M5153SW1,Fit Setting 1,,1,,,,,1.00012E+12,0,,,4,,Dimension before joint tube & flange,,,,,,,
514058,1000121729,130,SHCG-431,9T-0085,Housing Ripper Tilt Cylinder ,D10T,PT. Cipta Kridatama,BIB,SAW,M5153SW1,Weld Joint 1,,2,,,,,1.00012E+12,0,,,4,,tube & flange,,,,,,,
514059,1000121729,140,SHCG-431,9T-0085,Housing Ripper Tilt Cylinder ,D10T,PT. Cipta Kridatama,BIB,SAW,M5153SW1,Fit Setting 2,,1,,,,,1.00012E+12,0,,,4,,Dimension before joint  eye & tube,,,,,,,
514066,1000121729,210,SHCG-431,9T-0085,Housing Ripper Tilt Cylinder ,D10T,PT. Cipta Kridatama,BIB,HB,M5153CLT,Machining ID 1,,4,,,,,1.00012E+12,0,,,4,,ID eye,,,,,,,
515716,1000121729,90,SHCG-431,9T-0085,Housing Ripper Tilt Cylinder ,D10T,PT. Cipta Kridatama,BIB,MGN1,M5153COR,Machining profile 2,,2,,,FINISH,12/13/2025,1.00012E+11,0,,,4,,Weld  joint eye prior to joint,,,,,,,
515617,1000122212,60,SHCG-442,,Piston As Side Shift Cylinder,16M3,"PT. Cipta Kridatama,",Site BIB,SYG,M5153COR,Machining OD ,,3,,,FINISH,12/20/2025,1.00012E+11,0,,,3,,,,,,,,,
515613,1000122212,20,SHCG-442,,Piston As Side Shift Cylinder,16M3,"PT. Cipta Kridatama,",Site BIB,WM2,M5153WM2,Tig weld Dent / worn out area,,1,,,,,1.00012E+11,0,,,3,,,,,,,,,
515614,1000122212,30,SHCG-442,,Piston As Side Shift Cylinder,16M3,"PT. Cipta Kridatama,",Site BIB,SYG,M5153COR,Light Skim ex TIG weld,,1,,,,,1.00012E+11,0,,,3,,,,,,,,,
515615,1000122212,40,SHCG-442,,Piston As Side Shift Cylinder,16M3,"PT. Cipta Kridatama,",Site BIB,SYG,M5153COR,Strip OD ,,1,,,,,1.00012E+11,0,,,3,,,,,,,,,
515616,1000122212,50,SHCG-442,,Piston As Side Shift Cylinder,16M3,"PT. Cipta Kridatama,",Site BIB,MTS,M5153MTS,Welding OD,,2,,,,,1.00012E+11,0,,,3,,,,,,,,,
515618,1000122212,70,SHCG-442,,Piston As Side Shift Cylinder,16M3,"PT. Cipta Kridatama,",Site BIB,HDR,M5153HDR,Re tap Thread Holes,,1,,,,,1.00012E+11,0,,,3,,,,,,,,,
515619,1000122212,80,SHCG-442,,Piston As Side Shift Cylinder,16M3,"PT. Cipta Kridatama,",Site BIB,HDR,M5153HDR,Handressing,,1,,,,,1.00012E+11,0,,,3,,,,,,,,,
515620,1000122212,90,SHCG-442,,Piston As Side Shift Cylinder,16M3,"PT. Cipta Kridatama,",Site BIB,QC2,M5153QC2,Post Inspection,,1,,,,,1.00012E+11,0,,,3,,,,,,,,,
515709,1000121729,20,SHCG-431,9T-0085,Housing Ripper Tilt Cylinder ,D10T,PT. Cipta Kridatama,BIB,PPC,,Order Material,,0,,,,,1.00012E+11,0,,,4,,"Tube AISI1026 OD235 ID209,6 L850",,,,,,,
515710,1000121729,30,SHCG-431,9T-0085,Housing Ripper Tilt Cylinder ,D10T,PT. Cipta Kridatama,BIB,BSW,M5153BSW,Sawing 1,,2,,,,,1.00012E+11,0,,,4,,Cut Material,,,,,,,
515711,1000121729,40,SHCG-431,9T-0085,Housing Ripper Tilt Cylinder ,D10T,PT. Cipta Kridatama,BIB,BSW,M5153BSW,Sawing 2,,2,,,,,1.00012E+11,0,,,4,,Cut tube from eye old core,,,,,,,
515712,1000121729,50,SHCG-431,9T-0085,Housing Ripper Tilt Cylinder ,D10T,PT. Cipta Kridatama,BIB,BSW,M5153BSW,Sawing 3,,2,,,,,1.00012E+11,0,,,4,,Cut off tube from flange old core,,,,,,,
515713,1000121729,60,SHCG-431,9T-0085,Housing Ripper Tilt Cylinder ,D10T,PT. Cipta Kridatama,BIB,WM3,M5153WM3,Remove 1,,1,,,,,1.00012E+11,0,,,4,,mounting and braket,,,,,,,
515714,1000121729,70,SHCG-431,9T-0085,Housing Ripper Tilt Cylinder ,D10T,PT. Cipta Kridatama,BIB,LBP,M5153LBP,Striping ID 1,,1,,,,,1.00012E+11,0,,,4,,ID eye,,,,,,,
515715,1000121729,80,SHCG-431,9T-0085,Housing Ripper Tilt Cylinder ,D10T,PT. Cipta Kridatama,BIB,MGN1,M5153COR,Machining profile 1,,2,,,,,1.00012E+11,0,,,4,,Weld joint flange prior to joint,,,,,,,
515717,1000121729,100,SHCG-431,9T-0085,Housing Ripper Tilt Cylinder ,D10T,PT. Cipta Kridatama,BIB,MGN1,M5153COR,Machining profile 3,,4,,,,,1.00012E+12,0,,,4,,Weld joint tube prior to joint,,,,,,,
515720,1000122224,20,SHCG-441,374-2285,Housing As Ripper Lift Cylinder,D10T,PT. Cipta Kridatama,BIB,HB,M5153CLT,Strip ID eye,,1,,,,,1.00012E+11,0,,,4,,,,,,,,,
515721,1000122224,30,SHCG-441,374-2285,Housing As Ripper Lift Cylinder,D10T,PT. Cipta Kridatama,BIB,WM1,M5153WM1,Welding ID eye,,4,,,,,1.00012E+11,0,,,4,,,,,,,,,
515722,1000122224,40,SHCG-441,374-2285,Housing As Ripper Lift Cylinder,D10T,PT. Cipta Kridatama,BIB,WM3,M5153WM3,Remove Crack,,2,,,,,1.00012E+11,0,,,4,,,,,,,,,
515723,1000122224,50,SHCG-441,374-2285,Housing As Ripper Lift Cylinder,D10T,PT. Cipta Kridatama,BIB,WM3,M5153WM3,Welding Crack,,8,,,,,1.00012E+11,0,,,4,,,,,,,,,
515724,1000122224,60,SHCG-441,374-2285,Housing As Ripper Lift Cylinder,D10T,PT. Cipta Kridatama,BIB,HB,M5153CLT,Machining ID eye,,4,,,,,1.00012E+11,0,,,4,,,,,,,,,
515725,1000122224,70,SHCG-441,374-2285,Housing As Ripper Lift Cylinder,D10T,PT. Cipta Kridatama,BIB,HM,M5153HM1,Honing ID housing,,4,,,,,1.00012E+11,0,,,4,,,,,,,,,
515727,1000122224,90,SHCG-441,374-2285,Housing As Ripper Lift Cylinder,D10T,PT. Cipta Kridatama,BIB,QC2,M5153QC2,Final Inspection,,1,,,,,1.00012E+11,0,,,4,,,,,,,,,
515628,1000122215,90,SHCG-442,,Rod As Side Shift Cylinder,16M3,"PT. Cipta Kridatama,",Site BIB,POL2,M5153PL2,Final Polish OD rod,,8,,,FINISH,12/26/2025,1.00012E+11,0,,,4,,,,,,,,,
515629,1000122215,100,SHCG-442,,Rod As Side Shift Cylinder,16M3,"PT. Cipta Kridatama,",Site BIB,HDR,M5153HDR,Handressing,,1,,,FINISH,12/30/2025,1.00012E+12,0,,,4,,,,,,,,,
515621,1000122215,20,SHCG-442,,Rod As Side Shift Cylinder,16M3,"PT. Cipta Kridatama,",Site BIB,HCP1,M5153CP1,Dechrome OD rod,,2,,,,,1.00012E+11,0,,,4,,,,,,,,,
515622,1000122215,30,SHCG-442,,Rod As Side Shift Cylinder,16M3,"PT. Cipta Kridatama,",Site BIB,HB,M5153CLT,Strip ID eye,,1,,,,,1.00012E+11,0,,,4,,,,,,,,,
515623,1000122215,40,SHCG-442,,Rod As Side Shift Cylinder,16M3,"PT. Cipta Kridatama,",Site BIB,WM1,M5153WM1,Weld Build Up ID eye ,,2,,,,,1.00012E+11,0,,,4,,,,,,,,,
515624,1000122215,50,SHCG-442,,Rod As Side Shift Cylinder,16M3,"PT. Cipta Kridatama,",Site BIB,HB,M5153CLT,Machining ID & Face eye,,4,,,,,1.00012E+11,0,,,4,,,,,,,,,
515625,1000122215,60,SHCG-442,,Rod As Side Shift Cylinder,16M3,"PT. Cipta Kridatama,",Site BIB,QC2,M5153QC2,Inspect Crack,,1,,,,,1.00012E+11,0,,,4,,,,,,,,,
515626,1000122215,70,SHCG-442,,Rod As Side Shift Cylinder,16M3,"PT. Cipta Kridatama,",Site BIB,POL1,M5153PL1,Pre polish OD rod prior to chrome,,4,,,,,1.00012E+11,0,,,4,,,,,,,,,
515627,1000122215,80,SHCG-442,,Rod As Side Shift Cylinder,16M3,"PT. Cipta Kridatama,",Site BIB,HCP2,M5153CP2,Hardchrome OD Of Rod,,8,,,,,1.00012E+11,0,,,4,,,,,,,,,
515630,1000122215,110,SHCG-442,,Rod As Side Shift Cylinder,16M3,"PT. Cipta Kridatama,",Site BIB,QC2,M5153QC2,Post Inspection,,1,,,,,1.00012E+12,0,,,4,,,,,,,,,
494293,1000113806,40,SDFP-100,561-22-73115,Rear Axle Housing,,PT. Putra Perkasa Abadi,Site BIB,HB,M5153CLT,Strip Flange face RH,,2,,,,,1.00011E+11,,,,1,,,,,,,,,
494292,1000113806,15,SDFP-100,561-22-73115,Rear Axle Housing,,PT. Putra Perkasa Abadi,Site BIB,DIS,M5153DIS,Remove all bushing ,,1,,,,,1.00011E+11,,,,1,,,,,,,,,
494301,1000113806,120,SDFP-100,561-22-73115,Rear Axle Housing,,PT. Putra Perkasa Abadi,Site BIB,HB,M5153CLT,Strip ID Lower Radius Rod Bores,,4,,,,,1.00011E+12,,,,1,,,,,,,,,
494291,1000113806,11,SDFP-100,561-22-73115,Rear Axle Housing,,PT. Putra Perkasa Abadi,Site BIB,PRM2,M5153PRM2,Cut Profile stifener plate,,24,,,,,1.00011E+11,,,,1,,,,,,,,,
515728,1000122218,20,SHCG-441,192-6448,Rod As Ripper Lift Cylinder,D10T,PT. Cipta Kridatama,BIB,HCP1,M5153CP1,Dechrome process OD ,,2,,,,,1.00012E+11,0,,,1,,,,,,,,,
515729,1000122218,30,SHCG-441,192-6448,Rod As Ripper Lift Cylinder,D10T,PT. Cipta Kridatama,BIB,HB,M5153CLT,Striping ID Eye,,1,,,,,1.00012E+11,0,,,1,,,,,,,,,
515730,1000122218,40,SHCG-441,192-6448,Rod As Ripper Lift Cylinder,D10T,PT. Cipta Kridatama,BIB,WM1,M5153WM1,Welding ID Eye,,3,,,,,1.00012E+11,0,,,1,,,,,,,,,
515731,1000122218,50,SHCG-441,192-6448,Rod As Ripper Lift Cylinder,D10T,PT. Cipta Kridatama,BIB,HB,M5153CLT,Machining ID eye,,4,,,,,1.00012E+11,0,,,1,,,,,,,,,
515732,1000122218,60,SHCG-441,192-6448,Rod As Ripper Lift Cylinder,D10T,PT. Cipta Kridatama,BIB,POL1,M5153PL1,Pre polish OD rod prior to chrome,,2,,,,,1.00012E+11,0,,,1,,,,,,,,,
515733,1000122218,70,SHCG-441,192-6448,Rod As Ripper Lift Cylinder,D10T,PT. Cipta Kridatama,BIB,HCP2,M5153CP2,Hardchrome OD Rod,,4,,,,,1.00012E+11,0,,,1,,,,,,,,,
515734,1000122218,80,SHCG-441,192-6448,Rod As Ripper Lift Cylinder,D10T,PT. Cipta Kridatama,BIB,POL2,M5153PL2,Final Polish OD rod,,4,,,,,1.00012E+11,0,,,1,,,,,,,,,
515735,1000122218,90,SHCG-441,192-6448,Rod As Ripper Lift Cylinder,D10T,PT. Cipta Kridatama,BIB,HDR,M5153HDR,Handressing,,2,,,,,1.00012E+11,0,,,1,,,,,,,,,
515631,320008569 ,1601,SHCP-326,,Rod As Steering Cylinder,14M,PT. Cipta Kridatama,Site BIB,SYG,M5153COR,striping ,,1,,,,,320008569 1601,0,,,2,,,,,,,,,
515632,320008569 ,1602,SHCP-326,,Rod As Steering Cylinder,14M,PT. Cipta Kridatama,Site BIB,WM3,M5153WM3,buildup od,,6,,,,,320008569 1602,0,,,2,,,,,,,,,
515633,320008569 ,1603,SHCP-326,,Rod As Steering Cylinder,14M,PT. Cipta Kridatama,Site BIB,SYG,M5153COR,Machining od ,,3,,,,,320008569 1603,0,,,2,,,,,,,,,
494290,1000113806,10,SDFP-100,561-22-73115,Rear Axle Housing,,PT. Putra Perkasa Abadi,Site BIB,BSW,M5153BSW,Cut Plug Material,,1,,,,,1.00011E+11,,,,1,,,,,,,,,
494319,1000113806,300,SDFP-100,561-22-73115,Rear Axle Housing,,PT. Putra Perkasa Abadi,Site BIB,WM3,M5153WM3,Weld ID Upper Radius Rod Bores,,4,,,,,1.00011E+12,,,,1,,,,,,,,,
494294,1000113806,50,SDFP-100,561-22-73115,Rear Axle Housing,,PT. Putra Perkasa Abadi,Site BIB,HB,M5153CLT,Strip Flange face LH,,2,,,,,1.00011E+11,,,,1,,,,,,,,,
494295,1000113806,60,SDFP-100,561-22-73115,Rear Axle Housing,,PT. Putra Perkasa Abadi,Site BIB,HB,M5153CLT,Strip Flange face differential contact,,2,,,,,1.00011E+11,,,,1,,,,,,,,,
494296,1000113806,70,SDFP-100,561-22-73115,Rear Axle Housing,,PT. Putra Perkasa Abadi,Site BIB,HB,M5153CLT,Strip bolt holes at flange RH,,10,,,,,1.00011E+11,,,,1,,,,,,,,,
494297,1000113806,80,SDFP-100,561-22-73115,Rear Axle Housing,,PT. Putra Perkasa Abadi,Site BIB,HB,M5153CLT,Strip bolt holes at flange LH,,10,,,,,1.00011E+11,,,,1,,,,,,,,,
494298,1000113806,90,SDFP-100,561-22-73115,Rear Axle Housing,,PT. Putra Perkasa Abadi,Site BIB,HB,M5153CLT,Strip Threads holes at flange differential contact,,8,,,,,1.00011E+11,,,,1,,,,,,,,,
494299,1000113806,100,SDFP-100,561-22-73115,Rear Axle Housing,,PT. Putra Perkasa Abadi,Site BIB,HB,M5153CLT,Strip ID Differential contact,,3,,,,,1.00011E+12,,,,1,,,,,,,,,
494300,1000113806,110,SDFP-100,561-22-73115,Rear Axle Housing,,PT. Putra Perkasa Abadi,Site BIB,HB,M5153CLT,Strip ID Upper Radius Rod Bores,,4,,,,,1.00011E+12,,,,1,,,,,,,,,
515736,1000122216,20,SHCG-441,192-6447,Head Ripper Lilt Cylinder ,D10T,PT. Cipta Kridatama,BIB,WM2,M5153WM2,Welding Worn area,,2,,,,,1.00012E+11,0,,,3,,,,,,,,,
515737,1000122216,30,SHCG-441,192-6447,Head Ripper Lilt Cylinder ,D10T,PT. Cipta Kridatama,BIB,SYG,M5153COR,Machining ID Seal Head,,1,,,,,1.00012E+11,0,,,3,,,,,,,,,
515738,1000122216,40,SHCG-441,192-6447,Head Ripper Lilt Cylinder ,D10T,PT. Cipta Kridatama,BIB,HDR,M5153HDR,Handressing,,1,,,,,1.00012E+11,0,,,3,,,,,,,,,
515739,1000122216,50,SHCG-441,192-6447,Head Ripper Lilt Cylinder ,D10T,PT. Cipta Kridatama,BIB,QC2,M5153QC2,Inspection,,1,,,,,1.00012E+11,0,,,3,,,,,,,,,
515634,320008568 ,1601,SHCG-302,271-7478,Rod Front Suspension,777G,Putra Perkasa Abadi PT.,Site BIB,MGN1,M5153COR,Remove Crack ,,2,,,,,320008568 1601,0,,,5,,,,,,,,,
515635,320008568 ,1602,SHCG-302,271-7478,Rod Front Suspension,777G,Putra Perkasa Abadi PT.,Site BIB,WM3,M5153WM3,Welding Crack,,4,,,,,320008568 1602,0,,,5,,,,,,,,,
515636,320008568 ,1603,SHCG-302,271-7478,Rod Front Suspension,777G,Putra Perkasa Abadi PT.,Site BIB,MGN1,M5153COR,Machining OD ,,3,,,,,320008568 1603,0,,,5,,,,,,,,,
515637,320008568 ,1604,SHCG-302,271-7478,Rod Front Suspension,777G,Putra Perkasa Abadi PT.,Site BIB,QC1,M5153QC1,Inspect crack ,,1,,,,,320008568 1604,0,,,5,,,,,,,,,
494315,1000113806,260,SDFP-100,561-22-73115,Rear Axle Housing,,PT. Putra Perkasa Abadi,Site BIB,WM3,M5153WM3,Flood weld Striped bolt holes at flange LH,,10,,,,,1.00011E+12,,,,1,,,,,,,,,
494314,1000113806,250,SDFP-100,561-22-73115,Rear Axle Housing,,PT. Putra Perkasa Abadi,Site BIB,WM3,M5153WM3,Flood weld Striped  bolt holes at flange RH,,10,,,,,1.00011E+12,,,,1,,,,,,,,,
515433,320008554,1602,SHSP-560,225-3902,Rod as Rear Suspension,773,Cipta Kridatama PT.,BIB,HDR,M5153HDR,Weld Crack area,,3,,,,,3.20009E+12,0,,,2,,,,,,,,,
515638,320008554,1604,SHSP-560,225-3902,Rod as Rear Suspension,773,Cipta Kridatama PT.,BIB,MGN1,M5153COR,Remove Crack At Stopper Area,,2,,,,,3.20009E+12,0,,,2,,,,,,,,,
515639,320008554,1605,SHSP-560,225-3902,Rod as Rear Suspension,773,Cipta Kridatama PT.,BIB,WM3,M5153WM3,welding  Crack area,,3,,,,,3.20009E+12,0,,,2,,,,,,,,,
515640,320008554,1606,SHSP-560,225-3902,Rod as Rear Suspension,773,Cipta Kridatama PT.,BIB,MGN1,M5153COR,Machining ,,3,,,,,3.20009E+12,0,,,2,,,,,,,,,
515641,320008554,1607,SHSP-560,225-3902,Rod as Rear Suspension,773,Cipta Kridatama PT.,BIB,QC1,M5153QC1,NDT insadee out side ,,1,,,,,3.20009E+12,0,,,2,,,,,,,,,
515740,1000122289,20,SUCG-281,145-3035,Flange Recoil Spring,320,Cipta Kridatama PT.,BMB,WM2,M5153WM2,Tig Weld Dent & Worn Out,,1,,,,,1.00012E+11,0,,,1,,,,,,,,,
515741,1000122289,30,SUCG-281,145-3035,Flange Recoil Spring,320,Cipta Kridatama PT.,BMB,HDR,M5153HDR,Handressing,,1,,,,,1.00012E+11,0,,,1,,,,,,,,,
515742,1000122289,40,SUCG-281,145-3035,Flange Recoil Spring,320,Cipta Kridatama PT.,BMB,QC2,M5153QC2,Post inspection,,1,,,,,1.00012E+11,0,,,1,,,,,,,,,
515432,320008554,1601,SHSP-560,225-3902,Rod as Rear Suspension,773,Cipta Kridatama PT.,BIB,SYG,M5153COR,Remove Crack,,2,,,FINISH,12/29/2025,3.20009E+12,0,,,2,,,,,,,,,
494313,1000113806,240,SDFP-100,561-22-73115,Rear Axle Housing,,PT. Putra Perkasa Abadi,Site BIB,WM3,M5153WM3,Weld Flange face differential contact,,4,,,,,1.00011E+12,,,,1,,,,,,,,,
515642,320008444,1604,SHSG-86,271-7478,Rod As Front Suspension,777,Cipta Kridatama PT.,BMB,MGN1,M5153COR,Striping OD ROD ,,1,,,,,3.20008E+12,0,,,9,,,,,,,,,
515643,320008444,1605,SHSG-86,271-7478,Rod As Front Suspension,777,Cipta Kridatama PT.,BMB,WM3,M5153WM3,Build up OD ROD ,,6,,,,,3.20008E+12,0,,,9,,,,,,,,,
515644,320008444,1606,SHSG-86,271-7478,Rod As Front Suspension,777,Cipta Kridatama PT.,BMB,MGN1,M5153COR,Machining ,,3,,,,,3.20008E+12,0,,,9,,,,,,,,,
515645,320008444,1607,SHSG-86,271-7478,Rod As Front Suspension,777,Cipta Kridatama PT.,BMB,QC1,M5153QC1,Inspection,,1,,,,,3.20008E+12,0,,,9,,,,,,,,,
515743,1000120669,10,SUCG-281,239-4392,Housing as Recoil Spring,320,Cipta Kridatama PT.,BMB,,,Start Fabrication,,0,,,,,1.00012E+11,0,,,2,,,,,,,,,
515744,1000120669,20,SUCG-281,239-4392,Housing as Recoil Spring,320,Cipta Kridatama PT.,BMB,PPC,,Order material Sleeve,,0,,,,,1.00012E+11,0,,,2,,"Aisi 1026  ID 70, OD 80, L 225",,,,,,,
515745,1000120669,30,SUCG-281,239-4392,Housing as Recoil Spring,320,Cipta Kridatama PT.,BMB,BSW,M5153BSW,Cut material Sleeve,,1,,,,,1.00012E+11,0,,,2,,,,,,,,,
515746,1000120669,40,SUCG-281,239-4392,Housing as Recoil Spring,320,Cipta Kridatama PT.,BMB,SYG,M5153COR,Manufacture Sleeve,,4,,,,,1.00012E+11,0,,,2,,,,,,,,,
515747,1000120669,50,SUCG-281,239-4392,Housing as Recoil Spring,320,Cipta Kridatama PT.,BMB,HB,M5153CLT,Strip ID Housing,,2,,,,,1.00012E+11,0,,,2,,,,,,,,,
515748,1000120669,60,SUCG-281,239-4392,Housing as Recoil Spring,320,Cipta Kridatama PT.,BMB,HB,M5153CLT,Strip ID Lip Seal Seat,,0.5,,,,,1.00012E+11,0,,,2,,,,,,,,,
515749,1000120669,70,SUCG-281,239-4392,Housing as Recoil Spring,320,Cipta Kridatama PT.,BMB,ASY,M5153ASY,Install Sleeve,,1,,,,,1.00012E+11,0,,,2,,,,,,,,,
515750,1000120669,80,SUCG-281,239-4392,Housing as Recoil Spring,320,Cipta Kridatama PT.,BMB,WM1,M5153WM1,Weld ID Lip Seal Seat,,2,,,,,1.00012E+11,0,,,2,,,,,,,,,
515751,1000120669,90,SUCG-281,239-4392,Housing as Recoil Spring,320,Cipta Kridatama PT.,BMB,SYG,M5153COR,Machine ID Housing,,3,,,,,1.00012E+11,0,,,2,,,,,,,,,
515752,1000120669,100,SUCG-281,239-4392,Housing as Recoil Spring,320,Cipta Kridatama PT.,BMB,SYG,M5153COR,Machine ID Lip Seal Seat,,1,,,,,1.00012E+12,0,,,2,,,,,,,,,
515755,1000120669,130,SUCG-281,239-4392,Housing as Recoil Spring,320,Cipta Kridatama PT.,BMB,QC2,M5153QC2,Final Inspection,,0.5,,,,,1.00012E+12,0,,,2,,,,,,,,,
515753,1000120669,110,SUCG-281,239-4392,Housing as Recoil Spring,320,Cipta Kridatama PT.,BMB,HM,M5153HM1,Hone ID housing,,8,,,FINISH,12/19/2025,1.00012E+12,0,,,2,,,,,,,,,
515754,1000120669,120,SUCG-281,239-4392,Housing as Recoil Spring,320,Cipta Kridatama PT.,BMB,HDR,M5153HDR,Handressing,,0.5,,,FINISH,12/20/2025,1.00012E+12,0,,,2,,,,,,,,,
494312,1000113806,230,SDFP-100,561-22-73115,Rear Axle Housing,,PT. Putra Perkasa Abadi,Site BIB,WM3,M5153WM3,Weld Flange face LH,,4,,,,,1.00011E+12,,,,1,,,,,,,,,
494311,1000113806,220,SDFP-100,561-22-73115,Rear Axle Housing,,PT. Putra Perkasa Abadi,Site BIB,WM3,M5153WM3,Weld Flange face RH,,4,,,,,1.00011E+12,,,,1,,,,,,,,,
515646,320008571,1601,SHCP-290,,320008571,773,Cipta Kridatama PT.,BIB,HCP1,,Dechrome OD,,4,,,,,3.20009E+12,0,,,2,,,,,,,,,
515647,320008571,1602,SHCP-290,,320008571,773,Cipta Kridatama PT.,BIB,POL1,,Pre Polish,,4,,,,,3.20009E+12,0,,,2,,,,,,,,,
515648,320008571,1603,SHCP-290,,320008571,773,Cipta Kridatama PT.,BIB,HCP2,,Hard Chrome,,4,,,FINISH,12/10/2025,3.20009E+12,0,,,2,,,,,,,,,
515756,1000122277,10,SUCG-281,145-3031,Piston As Recoil Spring,320,Cipta Kridatama PT.,BMB,,,Start Fabrication,,0,,,,,1.00012E+11,0,,,3,,,,,,,,,
515757,1000122277,20,SUCG-281,145-3031,Piston As Recoil Spring,320,Cipta Kridatama PT.,BMB,SYG,M5153COR,Strip OD Piston ,,2,,,,,1.00012E+11,0,,,3,,,,,,,,,
515759,1000122277,40,SUCG-281,145-3031,Piston As Recoil Spring,320,Cipta Kridatama PT.,BMB,SYG,M5153COR,Final Machine OD Piston ,,4,,,,,1.00012E+11,0,,,3,,,,,,,,,
515760,1000122277,50,SUCG-281,145-3031,Piston As Recoil Spring,320,Cipta Kridatama PT.,BMB,POL1,M5153PL1,Prep Polish OD Piston  prior to chrome,,2,,,,,1.00012E+11,0,,,3,,,,,,,,,
515761,1000122277,60,SUCG-281,145-3031,Piston As Recoil Spring,320,Cipta Kridatama PT.,BMB,HCP2,M5153CP2,Hard chrome plate OD Piston ,,4,,,,,1.00012E+11,0,,,3,,,,,,,,,
515762,1000122277,70,SUCG-281,145-3031,Piston As Recoil Spring,320,Cipta Kridatama PT.,BMB,POL1,M5153PL1,Final Polish OD Piston ,,4,,,,,1.00012E+11,0,,,3,,,,,,,,,
515764,1000122277,90,SUCG-281,145-3031,Piston As Recoil Spring,320,Cipta Kridatama PT.,BMB,QC2,M5153QC2,Final Inspection,,1,,,,,1.00012E+11,0,,,3,,,,,,,,,
515758,1000122277,30,SUCG-281,145-3031,Piston As Recoil Spring,320,Cipta Kridatama PT.,BMB,SAW,M5153SW1,Weld Build Up OD Piston ,,4,,,FINISH,12/24/2025,1.00012E+11,0,,,3,,,,,,,,,
515763,1000122277,80,SUCG-281,145-3031,Piston As Recoil Spring,320,Cipta Kridatama PT.,BMB,HDR,M5153HDR,Handressing,,2,,,FINISH,12/28/2025,1.00012E+11,0,,,3,,,,,,,,,
514895,1000121528,210,SHSP-485,,Rod As Rear Susp,773,"PT. Cipta Kridatama, ",Site TIA,POL2,,Final Polish OD rod to spec,,2.5,,,FINISH,12/10/2025,1.00012E+12,,,,1,,,,,,,,,
515765,1000122290,20,SUCG-281,,Shaft Recoil Spring,320,Cipta Kridatama PT.,BMB,SYG,M5153COR,Strip OD ,,1,,,,,1.00012E+11,0,,,4,,Thread Area,,,,,,,
515766,1000122290,30,SUCG-281,,Shaft Recoil Spring,320,Cipta Kridatama PT.,BMB,WM3,M5153WM3,Weld OD ,,2,,,,,1.00012E+11,0,,,4,,Thread Area,,,,,,,
515767,1000122290,40,SUCG-281,,Shaft Recoil Spring,320,Cipta Kridatama PT.,BMB,SYG,M5153COR,Machining OD,,3,,,,,1.00012E+11,0,,,4,,Thread Area,,,,,,,
515768,1000122290,50,SUCG-281,,Shaft Recoil Spring,320,Cipta Kridatama PT.,BMB,HDR,M5153HDR,Handressing,,1,,,,,1.00012E+11,0,,,4,,,,,,,,,
515769,1000122290,60,SUCG-281,,Shaft Recoil Spring,320,Cipta Kridatama PT.,BMB,QC2,M5153QC2,Final Inspection,,1,,,,,1.00012E+11,0,,,4,,,,,,,,,
515517,1000121494,100,SFRM-770,23C-70-53111,Bracket Support Adjuster LH,GD755 Unit GD7506,PT. Putra Perkasa Abadi,Site BIB,WM3,,Welding Thread at Stoper Guide,,6,,,FINISH,12/10/2025,1.00012E+12,,,,1,,,,,,,,,
515770,1000122278 ,20,SUCG-281,340-8237,Spring Recoil Spring,320,Cipta Kridatama PT.,BMB,HDR,M5153HDR,Handressing,,1,,,,,1000122278 20,0,,,5,,,,,,,,,
515771,1000122278 ,30,SUCG-281,340-8237,Spring Recoil Spring,320,Cipta Kridatama PT.,BMB,QC2,M5153QC2,Post inspection,,1,,,,,1000122278 30,0,,,5,,,,,,,,,
494310,1000113806,213,SDFP-100,561-22-73115,Rear Axle Housing,,PT. Putra Perkasa Abadi,Site BIB,WM3,M5153WM3,Seting weld joint,,2,,,,,1.00011E+12,,,,1,,,,,,,,,
494307,1000113806,195,SDFP-100,561-22-73115,Rear Axle Housing,,PT. Putra Perkasa Abadi,Site BIB,WM3,M5153WM3,Drill damage Plug holes,,4,,,,,1.00011E+12,,,,1,,,,,,,,,
513954,1000098377,180,SHCG-422,353-9626,Housing As Stick Arm Cylinder,390,PT. Cipta Kridatama,BMB,SAW,,Weld Joint Tube to Eye (SAW),,4,,,FINISH,12/11/2025,1.0001E+12,,,,1,,,,,,,,,
515772,1000122279 ,20,SUCG-281,145-3035,Support Recoil Spring,320,Cipta Kridatama PT.,BMB,WM2,M5153WM2,Tig Weld Dent & Worn Out,,1,,,,,1000122279 20,0,,,6,,,,,,,,,
515773,1000122279 ,30,SUCG-281,145-3035,Support Recoil Spring,320,Cipta Kridatama PT.,BMB,HDR,M5153HDR,Handressing,,2,,,,,1000122279 30,0,,,6,,,,,,,,,
515774,1000122279 ,40,SUCG-281,145-3035,Support Recoil Spring,320,Cipta Kridatama PT.,BMB,QC2,M5153QC2,Final Inspection,,1,,,,,1000122279 40,0,,,6,,,,,,,,,
494308,1000113806,205,SDFP-100,561-22-73115,Rear Axle Housing,,PT. Putra Perkasa Abadi,Site BIB,WM3,M5153WM3,Weld joint Plug Insert,,4,,,,,1.00011E+12,,,,1,,,,,,,,,
494309,1000113806,210,SDFP-100,561-22-73115,Rear Axle Housing,,PT. Putra Perkasa Abadi,Site BIB,WM3,M5153WM3,Weld joint  Stifener Plate,,100,,,,,1.00011E+12,,,,1,,,,,,,,,
494306,1000113806,190,SDFP-100,561-22-73115,Rear Axle Housing,,PT. Putra Perkasa Abadi,Site BIB,MGN1,M5153COR,Machining  Plug Insert,,8,,,,,1.00011E+12,,,,1,,,,,,,,,
494305,1000113806,185,SDFP-100,561-22-73115,Rear Axle Housing,,PT. Putra Perkasa Abadi,Site BIB,QC2,M5153QC2,Check crack by NDT & deflection after repair crack,,1,,,,,1.00011E+12,,,,1,,,,,,,,,
494304,1000113806,180,SDFP-100,561-22-73115,Rear Axle Housing,,PT. Putra Perkasa Abadi,Site BIB,WM3,M5153WM3,Weld crack area,,120,,,,,1.00011E+12,,,,1,,,,,,,,,
494303,1000113806,140,SDFP-100,561-22-73115,Rear Axle Housing,,PT. Putra Perkasa Abadi,Site BIB,WM3,M5153WM3,Remove All Indication crack,,30,,,,,1.00011E+12,,,,1,,,,,,,,,
494302,1000113806,130,SDFP-100,561-22-73115,Rear Axle Housing,,PT. Putra Perkasa Abadi,Site BIB,HB,M5153CLT,Strip ID Suspension Bores,,4,,,,,1.00011E+12,,,,1,,,,,,,,,
494316,1000113806,270,SDFP-100,561-22-73115,Rear Axle Housing,,PT. Putra Perkasa Abadi,Site BIB,WM3,M5153WM3,Flood weld Striped threads holes at flange differential contact,,8,,,,,1.00011E+12,,,,1,,,,,,,,,
494317,1000113806,280,SDFP-100,561-22-73115,Rear Axle Housing,,PT. Putra Perkasa Abadi,Site BIB,WM3,M5153WM3,Weld ID Differential contact,,6,,,,,1.00011E+12,,,,1,,,,,,,,,
494318,1000113806,290,SDFP-100,561-22-73115,Rear Axle Housing,,PT. Putra Perkasa Abadi,Site BIB,WM3,M5153WM3,Weld All worn out at outer body / Inner Body,,10,,,,,1.00011E+12,,,,1,,,,,,,,,
494320,1000113806,310,SDFP-100,561-22-73115,Rear Axle Housing,,PT. Putra Perkasa Abadi,Site BIB,WM3,M5153WM3,Weld ID Lower Radius Rod Bores,,4,,,,,1.00011E+12,,,,1,,,,,,,,,
494321,1000113806,320,SDFP-100,561-22-73115,Rear Axle Housing,,PT. Putra Perkasa Abadi,Site BIB,WM3,M5153WM3,Weld ID Suspension Bores,,4,,,,,1.00011E+12,,,,1,,,,,,,,,
494322,1000113806,330,SDFP-100,561-22-73115,Rear Axle Housing,,PT. Putra Perkasa Abadi,Site BIB,WM3,M5153WM3,TIG weld all dents,,5,,,,,1.00011E+12,,,,1,,,,,,,,,
494323,1000113806,340,SDFP-100,561-22-73115,Rear Axle Housing,,PT. Putra Perkasa Abadi,Site BIB,HB,M5153CLT,Machine Flange face RH,,4,,,,,1.00011E+12,,,,1,,,,,,,,,
497976,1000115542,10,SDFP-101,,Yoke Coupling Differential,,PT. Putra Perkasa Abadi,Site BIB,WM2,M5153WM2,Tigweld Dent at ID bottom face,,1,,,,,1.00012E+11,,,,1,,,,,,,,,
497983,1000115542,80,SDFP-101,,Yoke Coupling Differential,,PT. Putra Perkasa Abadi,Site BIB,MTS,M5153MTS,Wire arc OD (Bearing Seat) A,,2,,,,,1.00012E+11,,,,1,,,,,,,,,
497981,1000115542,60,SDFP-101,,Yoke Coupling Differential,,PT. Putra Perkasa Abadi,Site BIB,SYG,M5153COR,Strip OD (Seal Seat) B,,1,,,,,1.00012E+11,,,,1,,,,,,,,,
497984,1000115542,90,SDFP-101,,Yoke Coupling Differential,,PT. Putra Perkasa Abadi,Site BIB,MTS,M5153MTS,Wire arc OD (Seal Seat) B,,2,,,,,1.00012E+11,,,,1,,,,,,,,,
497985,1000115542,100,SDFP-101,,Yoke Coupling Differential,,PT. Putra Perkasa Abadi,Site BIB,SYG,M5153COR,Machining OD (Bearing Seat) A,,2.5,,,,,1.00012E+12,,,,1,,,,,,,,,
497980,1000115542,50,SDFP-101,,Yoke Coupling Differential,,PT. Putra Perkasa Abadi,Site BIB,SYG,M5153COR,Strip OD (Bearing Seat) A,,1,,,,,1.00012E+11,,,,1,,,,,,,,,
497979,1000115542,40,SDFP-101,,Yoke Coupling Differential,,PT. Putra Perkasa Abadi,Site BIB,SYG,M5153COR,Skim ex TIG weld,,1,,,,,1.00012E+11,,,,1,,,,,,,,,
497986,1000115542,110,SDFP-101,,Yoke Coupling Differential,,PT. Putra Perkasa Abadi,Site BIB,SYG,M5153COR,Machining OD (Seal Seat) B,,2.5,,,,,1.00012E+12,,,,1,,,,,,,,,
497978,1000115542,30,SDFP-101,,Yoke Coupling Differential,,PT. Putra Perkasa Abadi,Site BIB,RD,M5153RD1,Drill to Remove excess Tig Weld Face Hole,,2,,,,,1.00012E+11,,,,1,,,,,,,,,
497977,1000115542,20,SDFP-101,,Yoke Coupling Differential,,PT. Putra Perkasa Abadi,Site BIB,WM2,M5153WM2,Tigweld Skretch at ID Seal Seat,,1,,,,,1.00012E+11,,,,1,,,,,,,,,
497987,1000115542,120,SDFP-101,,Yoke Coupling Differential,,PT. Putra Perkasa Abadi,Site BIB,HDR,M5153HDR,Remove All Corrosion,,1,,,,,1.00012E+12,,,,1,,,,,,,,,
497988,1000115542,130,SDFP-101,,Yoke Coupling Differential,,PT. Putra Perkasa Abadi,Site BIB,HDR,M5153HDR,Deburr after machining,,1,,,,,1.00012E+12,,,,1,,,,,,,,,
497982,1000115542,70,SDFP-101,,Yoke Coupling Differential,,PT. Putra Perkasa Abadi,Site BIB,BLS,M5153BLS,Blasting ,,1,,,,,1.00012E+11,,,,1,,,,,,,,,
416898,320008198,1604,SDFP-101,,Yoke Coupling Differential,,PT. Putra Perkasa Abadi,Site BIB,MTS,M5153MTS,Spray,,2,,,,,3.20008E+12,,,,2,,,,,,,,,
416897,320008198,1603,SDFP-101,,Yoke Coupling Differential,,PT. Putra Perkasa Abadi,Site BIB,SYG,M5153COR,Striping,,1,,,,,3.20008E+12,,,,2,,,,,,,,,
416896,320008198,1602,SDFP-101,,Yoke Coupling Differential,,PT. Putra Perkasa Abadi,Site BIB,SYG,M5153COR,Machining ex Tig weld,,2,,,,,3.20008E+12,,,,2,,,,,,,,,
416902,320008198,1608,SDFP-101,,Yoke Coupling Differential,,PT. Putra Perkasa Abadi,Site BIB,SYG,M5153COR,Machining,,2,,,,,3.20008E+12,,,,2,,,,,,,,,
416901,320008198,1607,SDFP-101,,Yoke Coupling Differential,,PT. Putra Perkasa Abadi,Site BIB,MTS,M5153MTS,Spray,,2,,,,,3.20008E+12,,,,2,,,,,,,,,
416895,320008198,1601,SDFP-101,,Yoke Coupling Differential,,PT. Putra Perkasa Abadi,Site BIB,WM2,M5153WM2,Tig weld Circular (face),,4,,,,,3.20008E+12,,,,2,,,,,,,,,
416899,320008198,1605,SDFP-101,,Yoke Coupling Differential,,PT. Putra Perkasa Abadi,Site BIB,SYG,M5153COR,Machining,,2,,,,,3.20008E+12,,,,2,,,,,,,,,
497933,1000115540,150,SDFP-102,561-22-71102,Carrier Differential,,PT. Putra Perkasa Abadi.,Site BIB,MTS,M5153MTS,Metal Spray ID Bearing Seat 2,,3,,,,,1.00012E+12,,,,1,,,,,,,,,
497941,1000115540,220,SDFP-102,561-22-71102,Carrier Differential,,PT. Putra Perkasa Abadi.,Site BIB,HB,M5153CLT,Machining Bearing Seat 1,,10,,,,,1.00012E+12,,,,1,,,,,,,,,
497942,1000115540,230,SDFP-102,561-22-71102,Carrier Differential,,PT. Putra Perkasa Abadi.,Site BIB,HB,M5153CLT,Machining Bearing Seat 2,,10,,,,,1.00012E+12,,,,1,,,,,,,,,
497943,1000115540,240,SDFP-102,561-22-71102,Carrier Differential,,PT. Putra Perkasa Abadi.,Site BIB,HB,M5153CLT,Machining Bearing Seat 3,,4,,,,,1.00012E+12,,,,1,,,,,,,,,
497944,1000115540,250,SDFP-102,561-22-71102,Carrier Differential,,PT. Putra Perkasa Abadi.,Site BIB,HB,M5153CLT,Machining Bearing Seat 4,,4,,,,,1.00012E+12,,,,1,,,,,,,,,
497945,1000115540,260,SDFP-102,561-22-71102,Carrier Differential,,PT. Putra Perkasa Abadi.,Site BIB,HB,M5153CLT,Machining flange face contact,,4,,,,,1.00012E+12,,,,1,,,,,,,,,
513645,1000121276,20,SHCG-434,7J-4083 ,Piston Ripper Lilt Cylinder ,D10T,PT. Madhani Talatah Nusantara,West Pit,HDR,M5153HDR,Handressing,,1,,,,,1.00012E+11,0,,,1,,,,,,,,,
515649,1000122335,20,SFRM-783,5-001500,Fabricate Stand Tyre Oht ,,Cipta Kridatama PT.,BIB,PPC,,Order Material,,0,,,,,1.00012E+11,0,,,1,,,,,,,,,
497948,1000115540,290,SDFP-102,561-22-71102,Carrier Differential,,PT. Putra Perkasa Abadi.,Site BIB,QC2,M5153QC2,Final Inspection,,1,,,,,1.00012E+12,,,,1,,,,,,,,,
515650,1000122335,30,SFRM-783,5-001500,Fabricate Stand Tyre Oht ,,Cipta Kridatama PT.,BIB,PRM2,M5153PRM2,Cutting & Profile Material,,1.5,,,,,1.00012E+11,0,,,1,,,,,,,,,
515651,1000122335,40,SFRM-783,5-001500,Fabricate Stand Tyre Oht ,,Cipta Kridatama PT.,BIB,WF3,M5153WF3,Setting & Welding Tube,,2.5,,,,,1.00012E+11,0,,,1,,,,,,,,,
515652,1000122335,50,SFRM-783,5-001500,Fabricate Stand Tyre Oht ,,Cipta Kridatama PT.,BIB,WF3,M5153WF3,Setting & Welding Gusset Stand,,2.5,,,,,1.00012E+11,0,,,1,,,,,,,,,
515653,1000122335,60,SFRM-783,5-001500,Fabricate Stand Tyre Oht ,,Cipta Kridatama PT.,BIB,HDR,M5153HDR,Finishing & Painting,,1.5,,,,,1.00012E+11,0,,,1,,,,,,,,,
515775,1000121277,20,SHCG-434,192-6448,Rod As Ripper Lift Cylinder,D10T,PT. Madhani Talatah Nusantara,West Pit,PPC,,Order Material,,0,,,,,1.00012E+11,0,,,2,,,,,,,,,
515776,1000121277,30,SHCG-434,192-6448,Rod As Ripper Lift Cylinder,D10T,PT. Madhani Talatah Nusantara,West Pit,HCP1,M5153CP1,Dechrome process OD ,,4,,,,,1.00012E+11,0,,,2,,,,,,,,,
515777,1000121277,50,SHCG-434,192-6448,Rod As Ripper Lift Cylinder,D10T,PT. Madhani Talatah Nusantara,West Pit,BSW,M5153BSW,Saw cut old rod,,1,,,,,1.00012E+11,0,,,2,,,,,,,,,
513649,1000121277,60,SHCG-434,192-6448,Rod As Ripper Lift Cylinder,D10T,PT. Madhani Talatah Nusantara,West Pit,SYG,M5153COR,Premachining eye prior to joint,,4,,,FINISH,12/4/2025,1.00012E+11,0,,,2,,,,,,,,,
515778,1000121277,70,SHCG-434,192-6448,Rod As Ripper Lift Cylinder,D10T,PT. Madhani Talatah Nusantara,West Pit,SYG,M5153COR,Premachining rod prior to joint,,4,,,,,1.00012E+11,0,,,2,,,,,,,,,
515779,1000121277,80,SHCG-434,192-6448,Rod As Ripper Lift Cylinder,D10T,PT. Madhani Talatah Nusantara,West Pit,HB,M5153CLT,Strip ID eye,,2,,,,,1.00012E+11,0,,,2,,,,,,,,,
515780,1000121277,90,SHCG-434,192-6448,Rod As Ripper Lift Cylinder,D10T,PT. Madhani Talatah Nusantara,West Pit,SAW,M5153SW1,Install and Setting before joint rod,,1,,,,,1.00012E+11,0,,,2,,,,,,,,,
515781,1000121277,100,SHCG-434,192-6448,Rod As Ripper Lift Cylinder,D10T,PT. Madhani Talatah Nusantara,West Pit,SAW,M5153SW1,Weld joint rod & eye,,4,,,,,1.00012E+12,0,,,2,,,,,,,,,
513664,1000121277,210,SHCG-434,192-6448,Rod As Ripper Lift Cylinder,D10T,PT. Madhani Talatah Nusantara,West Pit,HDR,M5153HDR,Handressing,,1,,,FINISH,12/25/2025,1.00012E+12,0,,,2,,,,,,,,,
429106,1000086976,250,SDFP-45,504-4888,Flange Half Differential,,PT. Cipta Kridatama,Site BMB,HDR,M5153HDR,Handressing ,,0.5,,,,,1.00009E+12,,,,1,,,,,,,,,
515453,320008562,1602,SHSP-537,225-3902,Rod as Rear Suspension,773,Cipta Kridatama PT.,BIB,WM3,,Weld Crack area,,3,,,FINISH,12/8/2025,3.20009E+12,0,,,2,,,,,,,,,
515654,320008562,1604,SHSP-537,225-3902,Rod as Rear Suspension,773,Cipta Kridatama PT.,BIB,WM2,M5153WM2,Dot weld,,3,,,,,3.20009E+12,0,,,2,,,,,,,,,
515655,320008562,1605,SHSP-537,225-3902,Rod as Rear Suspension,773,Cipta Kridatama PT.,BIB,POL1,M5153PL1,Final Polish,,3,,,,,3.20009E+12,0,,,2,,,,,,,,,
514582,1000121278,40,SHCG-434,,Head Ripper Lilt Cylinder ,D10T,PT. Madhani Talatah Nusantara,West Pit,SYG,M5153COR,Machining profile joint material,,6,,,,,1.00012E+11,0,,,3,,,,,,,,,
515782,1000121279,30,SHCG-434,374-2285,Housing As Ripper Lift Cylinder,D10T,PT. Madhani Talatah Nusantara,West Pit,RD,M5153RD1,Strip ID thread hole,,1,,,,,1.00012E+11,0,,,4,,,,,,,,,
513648,1000121279,50,SHCG-434,374-2285,Housing As Ripper Lift Cylinder,D10T,PT. Madhani Talatah Nusantara,West Pit,WM3,M5153WM3,Welding ID thread hole,,1,,,,,1.00012E+11,0,,,4,,,,,,,,,
515783,1000121279,110,SHCG-434,374-2285,Housing As Ripper Lift Cylinder,D10T,PT. Madhani Talatah Nusantara,West Pit,,,Process deleted,,0,,,,,1.00012E+12,0,,,4,,,,,,,,,
515784,1000121279,120,SHCG-434,374-2285,Housing As Ripper Lift Cylinder,D10T,PT. Madhani Talatah Nusantara,West Pit,,,Process deleted,,0,,,,,1.00012E+12,0,,,4,,,,,,,,,
515785,1000121279,130,SHCG-434,374-2285,Housing As Ripper Lift Cylinder,D10T,PT. Madhani Talatah Nusantara,West Pit,,,Process deleted,,0,,,,,1.00012E+12,0,,,4,,,,,,,,,
515786,1000121279,140,SHCG-434,374-2285,Housing As Ripper Lift Cylinder,D10T,PT. Madhani Talatah Nusantara,West Pit,,,Process deleted,,0,,,,,1.00012E+12,0,,,4,,,,,,,,,
515656,320008574,1601,SHSG-303,,Rod Front Suspension,,Cipta Kridatama PT.,BMB,RD,M5153RD1,re-tap thread ,,3,,,,,3.20009E+12,0,,,7,,,,,,,,,
515657,320008574,1602,SHSG-303,,Rod Front Suspension,,Cipta Kridatama PT.,BMB,MGN1,M5153COR,Striping thread hole ,,6,,,,,3.20009E+12,0,,,7,,,,,,,,,
515658,320008574,1603,SHSG-303,,Rod Front Suspension,,Cipta Kridatama PT.,BMB,WM3,M5153WM3,Welding Thread Hole ,,4,,,,,3.20009E+12,0,,,7,,,,,,,,,
515659,320008574,1604,SHSG-303,,Rod Front Suspension,,Cipta Kridatama PT.,BMB,RD,M5153RD1,Drill & tap,,3,,,,,3.20009E+12,0,,,7,,,,,,,,,
515660,320008574,1605,SHSG-303,,Rod Front Suspension,,Cipta Kridatama PT.,BMB,QC1,M5153QC1,Inspect crack,,1,,,,,3.20009E+12,0,,,7,,,,,,,,,
511596,1000121019,540,SFRM-755,5-001373,HITACHI EX2600 CE 6224,EX2600,PT. Cipta Kridatama,Site BIB,HDR,,Handressing & Smoothing,,25,,,FINISH,12/13/2025,1.00012E+12,,,,1,,,,,,,,,
497946,1000115540,270,SDFP-102,561-22-71102,Carrier Differential,,PT. Putra Perkasa Abadi.,Site BIB,HB,M5153CLT,Inspection Check Alignment and Perpendicular,,4,,,,,1.00012E+12,,,,1,,,,,,,,,
497947,1000115540,280,SDFP-102,561-22-71102,Carrier Differential,,PT. Putra Perkasa Abadi.,Site BIB,HDR,M5153HDR,Deburr after machining process,,1,,,,,1.00012E+12,,,,1,,,,,,,,,
497925,1000115540,100,SDFP-102,561-22-71102,Carrier Differential,,PT. Putra Perkasa Abadi.,Site BIB,HB,M5153CLT,Strip ID Bearing Seat 2,,4,,,,,1.00012E+12,,,,1,,,,,,,,,
497926,1000115540,110,SDFP-102,561-22-71102,Carrier Differential,,PT. Putra Perkasa Abadi.,Site BIB,VTL,M5153VTL,Strip ID Bearing Seat 3,,2,,,,,1.00012E+12,,,,1,,,,,,,,,
497927,1000115540,120,SDFP-102,561-22-71102,Carrier Differential,,PT. Putra Perkasa Abadi.,Site BIB,VTL,M5153VTL,Strip ID Bearing seat 4,,2,,,,,1.00012E+12,,,,1,,,,,,,,,
497928,1000115540,130,SDFP-102,561-22-71102,Carrier Differential,,PT. Putra Perkasa Abadi.,Site BIB,VTL,M5153VTL,Strip flange face contact,,2,,,,,1.00012E+12,,,,1,,,,,,,,,
497929,1000115540,135,SDFP-102,561-22-71102,Carrier Differential,,PT. Putra Perkasa Abadi.,Site BIB,ASY,M5153ASY,Dissassembly Cap Bearing 1,,2,,,,,1.00012E+12,,,,1,,,,,,,,,
497930,1000115540,136,SDFP-102,561-22-71102,Carrier Differential,,PT. Putra Perkasa Abadi.,Site BIB,ASY,M5153ASY,Dissassembly Cap Bearing 2,,2,,,,,1.00012E+12,,,,1,,,,,,,,,
497931,1000115540,140,SDFP-102,561-22-71102,Carrier Differential,,PT. Putra Perkasa Abadi.,Site BIB,MTS,M5153MTS,Metal Spray ID Bearing seat 1,,3,,,,,1.00012E+12,,,,1,,,,,,,,,
497932,1000115540,145,SDFP-102,561-22-71102,Carrier Differential,,PT. Putra Perkasa Abadi.,Site BIB,MTS,M5153MTS,Metal Spray ID Bearing seat 1 (at end cap),,3,,,,,1.00012E+12,,,,1,,,,,,,,,
497934,1000115540,155,SDFP-102,561-22-71102,Carrier Differential,,PT. Putra Perkasa Abadi.,Site BIB,MTS,M5153MTS,Metal Spray ID Bearing Seat 2 (at end cap),,3,,,,,1.00012E+12,,,,1,,,,,,,,,
497935,1000115540,160,SDFP-102,561-22-71102,Carrier Differential,,PT. Putra Perkasa Abadi.,Site BIB,MTS,M5153MTS,Metal Spray ID Bearing seat 3,,4,,,,,1.00012E+12,,,,1,,,,,,,,,
497936,1000115540,170,SDFP-102,561-22-71102,Carrier Differential,,PT. Putra Perkasa Abadi.,Site BIB,MTS,M5153MTS,Metal Spray ID Bearing seat 4,,4,,,,,1.00012E+12,,,,1,,,,,,,,,
497937,1000115540,180,SDFP-102,561-22-71102,Carrier Differential,,PT. Putra Perkasa Abadi.,Site BIB,MTS,M5153MTS,Metal Spray flange face contact,,4,,,,,1.00012E+12,,,,1,,,,,,,,,
497938,1000115540,190,SDFP-102,561-22-71102,Carrier Differential,,PT. Putra Perkasa Abadi.,Site BIB,HB,M5153CLT,Machining remove excessive spray material,,6,,,,,1.00012E+12,,,,1,,,,,,,,,
497939,1000115540,200,SDFP-102,561-22-71102,Carrier Differential,,PT. Putra Perkasa Abadi.,Site BIB,ASY,M5153ASY,Reinstall Cap Bearing 1,,2,,,,,1.00012E+12,,,,1,,,,,,,,,
497940,1000115540,210,SDFP-102,561-22-71102,Carrier Differential,,PT. Putra Perkasa Abadi.,Site BIB,ASY,M5153ASY,Reinstall Cap Bearing 2,,2,,,,,1.00012E+12,,,,1,,,,,,,,,
497599,1000115343,180,SDFP-103,561-22-73115,Rear Axle Housing,,PT. Putra Perkasa Abadi,Site BIB,WM3,M5153WM3,Weld crack area,,120,,,,,1.00012E+12,,,,1,,,,,,,,,
497627,1000115343,430,SDFP-103,561-22-73115,Rear Axle Housing,,PT. Putra Perkasa Abadi,Site BIB,HB,M5153CLT,Machine ID Suspension Bores,,4,,,,,1.00012E+12,,,,1,,,,,,,,,
497601,1000115343,190,SDFP-103,561-22-73115,Rear Axle Housing,,PT. Putra Perkasa Abadi,Site BIB,MGN1,M5153COR,Machining  Plug Insert,,8,,,,,1.00012E+12,,,,1,,,,,,,,,
497626,1000115343,420,SDFP-103,561-22-73115,Rear Axle Housing,,PT. Putra Perkasa Abadi,Site BIB,HB,M5153CLT,Machine ID Lower Radius Rod Bores,,4,,,,,1.00012E+12,,,,1,,,,,,,,,
497625,1000115343,410,SDFP-103,561-22-73115,Rear Axle Housing,,PT. Putra Perkasa Abadi,Site BIB,HB,M5153CLT,Machine ID Upper Radius Rod Bores,,4,,,,,1.00012E+12,,,,1,,,,,,,,,
497624,1000115343,400,SDFP-103,561-22-73115,Rear Axle Housing,,PT. Putra Perkasa Abadi,Site BIB,HB,M5153CLT,Machine ID Differential contact,,4,,,,,1.00012E+12,,,,1,,,,,,,,,
497615,1000115343,310,SDFP-103,561-22-73115,Rear Axle Housing,,PT. Putra Perkasa Abadi,Site BIB,WM3,M5153WM3,Weld ID Lower Radius Rod Bores,,4,,,,,1.00012E+12,,,,1,,,,,,,,,
497608,1000115343,240,SDFP-103,561-22-73115,Rear Axle Housing,,PT. Putra Perkasa Abadi,Site BIB,WM3,M5153WM3,Weld Flange face differential contact,,4,,,,,1.00012E+12,,,,1,,,,,,,,,
497612,1000115343,280,SDFP-103,561-22-73115,Rear Axle Housing,,PT. Putra Perkasa Abadi,Site BIB,WM3,M5153WM3,Weld ID Differential contact,,6,,,,,1.00012E+12,,,,1,,,,,,,,,
497611,1000115343,270,SDFP-103,561-22-73115,Rear Axle Housing,,PT. Putra Perkasa Abadi,Site BIB,WM3,M5153WM3,Flood weld Striped threads holes at flange differential contact,,8,,,,,1.00012E+12,,,,1,,,,,,,,,
497610,1000115343,260,SDFP-103,561-22-73115,Rear Axle Housing,,PT. Putra Perkasa Abadi,Site BIB,WM3,M5153WM3,Flood weld Striped bolt holes at flange LH,,10,,,,,1.00012E+12,,,,1,,,,,,,,,
497609,1000115343,250,SDFP-103,561-22-73115,Rear Axle Housing,,PT. Putra Perkasa Abadi,Site BIB,WM3,M5153WM3,Flood weld Striped  bolt holes at flange RH,,10,,,,,1.00012E+12,,,,1,,,,,,,,,
497630,1000115343,460,SDFP-103,561-22-73115,Rear Axle Housing,,PT. Putra Perkasa Abadi,Site BIB,QC2,M5153QC2,Final Inspection,,2,,,,,1.00012E+12,,,,1,,,,,,,,,
497629,1000115343,450,SDFP-103,561-22-73115,Rear Axle Housing,,PT. Putra Perkasa Abadi,Site BIB,HDR,M5153HDR,Retap All Threads Holes,,3,,,,,1.00012E+12,,,,1,,,,,,,,,
497628,1000115343,440,SDFP-103,561-22-73115,Rear Axle Housing,,PT. Putra Perkasa Abadi,Site BIB,HDR,M5153HDR,Handressing at ex weld worn out,,8,,,,,1.00012E+12,,,,1,,,,,,,,,
497594,1000115343,100,SDFP-103,561-22-73115,Rear Axle Housing,,PT. Putra Perkasa Abadi,Site BIB,HB,M5153CLT,Strip ID Differential contact,,3,,,,,1.00012E+12,,,,1,,,,,,,,,
497595,1000115343,110,SDFP-103,561-22-73115,Rear Axle Housing,,PT. Putra Perkasa Abadi,Site BIB,HB,M5153CLT,Strip ID Upper Radius Rod Bores,,4,,,,,1.00012E+12,,,,1,,,,,,,,,
497596,1000115343,120,SDFP-103,561-22-73115,Rear Axle Housing,,PT. Putra Perkasa Abadi,Site BIB,HB,M5153CLT,Strip ID Lower Radius Rod Bores,,4,,,,,1.00012E+12,,,,1,,,,,,,,,
497597,1000115343,130,SDFP-103,561-22-73115,Rear Axle Housing,,PT. Putra Perkasa Abadi,Site BIB,HB,M5153CLT,Strip ID Suspension Bores,,4,,,,,1.00012E+12,,,,1,,,,,,,,,
515787,1000122406,20,SFRM-781,,Stick Arm,320,"PT. Cipta Kridatama,",Site BIB,PPC,,Order Material,,1,,,,,1.00012E+11,0,,,1,,2X BIS80 550X100X16,,,,,,,
515788,1000122406,30,SFRM-781,,Stick Arm,320,"PT. Cipta Kridatama,",Site BIB,PRM2,M5153PRM2,Cut material plate,,5,,,,,1.00012E+11,0,,,1,,2X BIS80 295X100X20,,,,,,,
515789,1000122406,40,SFRM-781,,Stick Arm,320,"PT. Cipta Kridatama,",Site BIB,WF3,M5153WF3,Cut Section open window broken arm stick,,10,,,,,1.00012E+11,0,,,1,,2X SS400 2000X50X6 (Back weld Plate),,,,,,,
515790,1000122406,50,SFRM-781,,Stick Arm,320,"PT. Cipta Kridatama,",Site BIB,FIT,M5153FIT,Fit and Install material Plate,,10,,,,,1.00012E+11,0,,,1,,2X SS400 75X75X20 Block Plate,,,,,,,
515791,1000122406,60,SFRM-781,,Stick Arm,320,"PT. Cipta Kridatama,",Site BIB,WF3,M5153WF3,Welding Joint Arm Stick,,50,,,,,1.00012E+11,0,,,1,,,,,,,,,
515792,1000122406,70,SFRM-781,,Stick Arm,320,"PT. Cipta Kridatama,",Site BIB,WF3,M5153WF3,Remove Broken Bolt,,4,,,,,1.00012E+11,0,,,1,,,,,,,,,
515793,1000122406,80,SFRM-781,,Stick Arm,320,"PT. Cipta Kridatama,",Site BIB,MM,M5153GML,Drill and tap New Block Plate ,,4,,,,,1.00012E+11,0,,,1,,Manufacture Block Plate,,,,,,,
515794,1000122406,90,SFRM-781,,Stick Arm,320,"PT. Cipta Kridatama,",Site BIB,WF3,M5153WF3,Install New Block Plate,,2,,,,,1.00012E+11,0,,,1,,,,,,,,,
515795,1000122406,100,SFRM-781,,Stick Arm,320,"PT. Cipta Kridatama,",Site BIB,HDR,M5153HDR,Re tap Thread Holes,,2,,,,,1.00012E+12,0,,,1,,,,,,,,,
515797,1000122406,120,SFRM-781,,Stick Arm,320,"PT. Cipta Kridatama,",Site BIB,QC2,M5153QC2,Post Inspection,,4,,,,,1.00012E+12,0,,,1,,"NDT ,UT ,MT ,PT Inspection",,,,,,,
515798,1000122406,130,SFRM-781,,Stick Arm,320,"PT. Cipta Kridatama,",Site BIB,POL2,M5153PL2,Final Polish OD Pin,,2,,,,,1.00012E+12,0,,,1,,,,,,,,,
515796,1000122406,110,SFRM-781,,Stick Arm,320,"PT. Cipta Kridatama,",Site BIB,HDR,M5153HDR,Handressing,,8,,,FINISH,12/20/2025,1.00012E+12,0,,,1,,,,,,,,,
497598,1000115343,140,SDFP-103,561-22-73115,Rear Axle Housing,,PT. Putra Perkasa Abadi,Site BIB,WM3,M5153WM3,Remove All Indication crack,,30,,,,,1.00012E+12,,,,1,,,,,,,,,
515800,1000122407,30,SFRM-788,5-001497,Fabricate Guard Cabin ,D6R ,Cipta Kridatama PT.,BIB,PRM2,M5153PRM2,Profile Plate,,4,,,,,1.00012E+11,0,,,1,,,,,,,,,
515802,1000122407,50,SFRM-788,5-001497,Fabricate Guard Cabin ,D6R ,Cipta Kridatama PT.,BIB,WF3,M5153WF3,Setting & Welding Guard Site Top,,8,,,,,1.00012E+11,0,,,1,,,,,,,,,
515803,1000122407,60,SFRM-788,5-001497,Fabricate Guard Cabin ,D6R ,Cipta Kridatama PT.,BIB,WF3,M5153WF3,Setting & Welding Guard Side RH,,8,,,,,1.00012E+11,0,,,1,,,,,,,,,
515804,1000122407,70,SFRM-788,5-001497,Fabricate Guard Cabin ,D6R ,Cipta Kridatama PT.,BIB,WF3,M5153WF3,Setting & Welding Guard Side LH,,8,,,,,1.00012E+11,0,,,1,,,,,,,,,
515805,1000122407,80,SFRM-788,5-001497,Fabricate Guard Cabin ,D6R ,Cipta Kridatama PT.,BIB,WF3,M5153WF3,Setting & Welding Guard Side Behind,,8,,,,,1.00012E+11,0,,,1,,,,,,,,,
515806,1000122407,90,SFRM-788,5-001497,Fabricate Guard Cabin ,D6R ,Cipta Kridatama PT.,BIB,HB,M5153CLT,Bor plate Strcuture Guard,,5,,,,,1.00012E+11,0,,,1,,,,,,,,,
515807,1000122407,100,SFRM-788,5-001497,Fabricate Guard Cabin ,D6R ,Cipta Kridatama PT.,BIB,HDR,M5153HDR,Finishing,,4,,,,,1.00012E+12,0,,,1,,,,,,,,,
515808,1000122407,110,SFRM-788,5-001497,Fabricate Guard Cabin ,D6R ,Cipta Kridatama PT.,BIB,PP,M5153PAC,Painting,,3,,,,,1.00012E+12,0,,,1,,,,,,,,,
515799,1000122407,20,SFRM-788,5-001497,Fabricate Guard Cabin ,D6R ,Cipta Kridatama PT.,BIB,PRM2,M5153PRM2,Cutting Plate,,6,,,FINISH,12/16/2025,1.00012E+11,0,,,1,,,,,,,,,
515801,1000122407,40,SFRM-788,5-001497,Fabricate Guard Cabin ,D6R ,Cipta Kridatama PT.,BIB,PRM1,M5153PRM1,Bending Plate,,6,,,FINISH,12/17/2025,1.00012E+11,0,,,1,,,,,,,,,
497600,1000115343,185,SDFP-103,561-22-73115,Rear Axle Housing,,PT. Putra Perkasa Abadi,Site BIB,QC2,M5153QC2,Check crack by NDT & deflection after repair crack,,1,,,,,1.00012E+12,,,,1,,,,,,,,,
501417,1000117148,10,SHCG-391,296-0609,2Nd Stage Hoist,,PT. Cipta Kridatama,Site BMB,DIS,M5153CLN,Install jig for remove head,,1,,,,,1.00012E+11,0,,,2,,,,,,,,,
501422,1000117148,30,SHCG-391,296-0609,2Nd Stage Hoist,,PT. Cipta Kridatama,Site BMB,HCP1,M5153CP1,Strip OD 2nd stage (Dechrome),,2,,,,,1.00012E+11,0,,,2,,For thicknes 50 micron ( act: 20-28µm),,,,,,,
501436,1000117148,140,SHCG-391,296-0609,2Nd Stage Hoist,,PT. Cipta Kridatama,Site BMB,POL,M5153PL1,Final Polish OD rod,,3.5,,,,,1.00012E+12,0,,,2,,,,,,,,,
501437,1000117148,145,SHCG-391,296-0609,2Nd Stage Hoist,,PT. Cipta Kridatama,Site BMB,HM2,M5153HM1,Light Hone ID (ex chrome),,1,,,,,1.00012E+12,0,,,2,,if scope rechrome only,,,,,,,
515809,1000122379,10,SHSG-117-I,8J-8882,Piston As Front Suspension,777,PT. Cipta Kridatama,Site BMB,WM2,,Tig weld Dent / worn out area,,4,,,,,1.00012E+11,0,,,1,,,,,,,,,
515810,1000122379,20,SHSG-117-I,8J-8882,Piston As Front Suspension,777,PT. Cipta Kridatama,Site BMB,SYG,,Machining ex tig weld,,2,,,,,1.00012E+11,0,,,1,,,,,,,,,
515811,1000122379,30,SHSG-117-I,8J-8882,Piston As Front Suspension,777,PT. Cipta Kridatama,Site BMB,SYG,,Strip OD wearing seat,,1,,,,,1.00012E+11,0,,,1,,,,,,,,,
515812,1000122379,40,SHSG-117-I,8J-8882,Piston As Front Suspension,777,PT. Cipta Kridatama,Site BMB,MTS,,Metal spray OD wearing seat,,2,,,,,1.00012E+11,0,,,1,,,,,,,,,
515813,1000122379,50,SHSG-117-I,8J-8882,Piston As Front Suspension,777,PT. Cipta Kridatama,Site BMB,SYG,,Machining OD wearing seat,,2.5,,,,,1.00012E+11,0,,,1,,,,,,,,,
515814,1000122379,60,SHSG-117-I,8J-8882,Piston As Front Suspension,777,PT. Cipta Kridatama,Site BMB,HDR,,Handressing,,1,,,,,1.00012E+11,0,,,1,,,,,,,,,
515815,1000122379,70,SHSG-117-I,8J-8882,Piston As Front Suspension,777,PT. Cipta Kridatama,Site BMB,QC2,,Post Inspection,,1,,,,,1.00012E+11,0,,,1,,,,,,,,,
435332,1000091124,10,SDFP-49,,Spindle Rh Motor Grader,, PT. Cipta Kridatama,Site BMB,WM2,M5153WM2,Weld dent. worn out area,,2,,,,,1.00009E+11,,,,6,,,,,,,,,
497613,1000115343,290,SDFP-103,561-22-73115,Rear Axle Housing,,PT. Putra Perkasa Abadi,Site BIB,WM3,M5153WM3,Weld All worn out at outer body / Inner Body,,10,,,,,1.00012E+12,,,,1,,,,,,,,,
497614,1000115343,300,SDFP-103,561-22-73115,Rear Axle Housing,,PT. Putra Perkasa Abadi,Site BIB,WM3,M5153WM3,Weld ID Upper Radius Rod Bores,,4,,,,,1.00012E+12,,,,1,,,,,,,,,
515816,1000119672,10,SHSG-117-I,8J-9958,Liner As Front Suspension,777,PT. Cipta Kridatama,Site BMB,PPC,,Order material,,0,,,,,1.00012E+11,0,,,2,,,,,,,,,
515817,1000119672,20,SHSG-117-I,8J-9958,Liner As Front Suspension,777,PT. Cipta Kridatama,Site BMB,WM3,,Cut material,,4,,,,,1.00012E+11,0,,,2,,,,,,,,,
515818,1000119672,30,SHSG-117-I,8J-9958,Liner As Front Suspension,777,PT. Cipta Kridatama,Site BMB,POL1,,Polish corosion at OD,,1,,,,,1.00012E+11,0,,,2,,,,,,,,,
515819,1000119672,40,SHSG-117-I,8J-9958,Liner As Front Suspension,777,PT. Cipta Kridatama,Site BMB,WM3,,Weld Build Up OD liner,,8,,,,,1.00012E+11,0,,,2,,,,,,,,,
515820,1000119672,50,SHSG-117-I,8J-9958,Liner As Front Suspension,777,PT. Cipta Kridatama,Site BMB,WM3,,Weld face liner,,2,,,,,1.00012E+11,0,,,2,,,,,,,,,
515821,1000119672,60,SHSG-117-I,8J-9958,Liner As Front Suspension,777,PT. Cipta Kridatama,Site BMB,MGN1,,Machining OD & ID liner to spec,,15,,,,,1.00012E+11,0,,,2,,,,,,,,,
515822,1000119672,70,SHSG-117-I,8J-9958,Liner As Front Suspension,777,PT. Cipta Kridatama,Site BMB,WM2,,TIG Weld,,1,,,,,1.00012E+11,0,,,2,,,,,,,,,
515823,1000119672,80,SHSG-117-I,8J-9958,Liner As Front Suspension,777,PT. Cipta Kridatama,Site BMB,MGN1,,Skim EX TIG weld,,2,,,,,1.00012E+11,0,,,2,,,,,,,,,
515824,1000119672,90,SHSG-117-I,8J-9958,Liner As Front Suspension,777,PT. Cipta Kridatama,Site BMB,HM,,Hone ID liner,,8,,,,,1.00012E+11,0,,,2,,,,,,,,,
515825,1000119672,100,SHSG-117-I,8J-9958,Liner As Front Suspension,777,PT. Cipta Kridatama,Site BMB,HDR,,Handress,,1,,,,,1.00012E+12,0,,,2,,,,,,,,,
515826,1000119672,110,SHSG-117-I,8J-9958,Liner As Front Suspension,777,PT. Cipta Kridatama,Site BMB,QC2,,Post Inspect,,1,,,,,1.00012E+12,0,,,2,,,,,,,,,
497607,1000115343,230,SDFP-103,561-22-73115,Rear Axle Housing,,PT. Putra Perkasa Abadi,Site BIB,WM3,M5153WM3,Weld Flange face LH,,4,,,,,1.00012E+12,,,,1,,,,,,,,,
497606,1000115343,220,SDFP-103,561-22-73115,Rear Axle Housing,,PT. Putra Perkasa Abadi,Site BIB,WM3,M5153WM3,Weld Flange face RH,,4,,,,,1.00012E+12,,,,1,,,,,,,,,
497605,1000115343,213,SDFP-103,561-22-73115,Rear Axle Housing,,PT. Putra Perkasa Abadi,Site BIB,WM3,M5153WM3,Seting weld joint,,2,,,,,1.00012E+12,,,,1,,,,,,,,,
497604,1000115343,210,SDFP-103,561-22-73115,Rear Axle Housing,,PT. Putra Perkasa Abadi,Site BIB,WM3,M5153WM3,Weld joint  Stifener Plate,,100,,,,,1.00012E+12,,,,1,,,,,,,,,
515828,1000122403,10,SHSG-117-I / SHSG-103-I,271-7478,Rod As Front Susp,777,PT. Cipta Kridatama,Site BMB,HCP1,,Strip OD rod (Dechrome),,4,,,,,1.00012E+11,0,,,3,,Act Thickness 0-88µm,,,,,,,
515829,1000122403,20,SHSG-117-I / SHSG-103-I,271-7478,Rod As Front Susp,777,PT. Cipta Kridatama,Site BMB,MGN1,,Strip OD rod ,,4,,,,,1.00012E+11,0,,,3,,Prior to build up,,,,,,,
515830,1000122403,25,SHSG-117-I / SHSG-103-I,271-7478,Rod As Front Susp,777,PT. Cipta Kridatama,Site BMB,QC2,,Check Crack,,1,,,,,1.00012E+11,0,,,3,,after Strip OD rod (machining),,,,,,,
497603,1000115343,205,SDFP-103,561-22-73115,Rear Axle Housing,,PT. Putra Perkasa Abadi,Site BIB,WM3,M5153WM3,Weld joint Plug Insert,,4,,,,,1.00012E+12,,,,1,,,,,,,,,
497592,1000115343,80,SDFP-103,561-22-73115,Rear Axle Housing,,PT. Putra Perkasa Abadi,Site BIB,HB,M5153CLT,Strip bolt holes at flange LH,,10,,,,,1.00012E+11,,,,1,,,,,,,,,
497621,1000115343,370,SDFP-103,561-22-73115,Rear Axle Housing,,PT. Putra Perkasa Abadi,Site BIB,HB,M5153CLT,Machine bolt holes at flange RH,,16,,,,,1.00012E+12,,,,1,,,,,,,,,
497620,1000115343,360,SDFP-103,561-22-73115,Rear Axle Housing,,PT. Putra Perkasa Abadi,Site BIB,HB,M5153CLT,Machine Flange face differential contact,,4,,,,,1.00012E+12,,,,1,,,,,,,,,
497619,1000115343,350,SDFP-103,561-22-73115,Rear Axle Housing,,PT. Putra Perkasa Abadi,Site BIB,HB,M5153CLT,Machine Flange face LH,,4,,,,,1.00012E+12,,,,1,,,,,,,,,
497618,1000115343,340,SDFP-103,561-22-73115,Rear Axle Housing,,PT. Putra Perkasa Abadi,Site BIB,HB,M5153CLT,Machine Flange face RH,,4,,,,,1.00012E+12,,,,1,,,,,,,,,
497602,1000115343,195,SDFP-103,561-22-73115,Rear Axle Housing,,PT. Putra Perkasa Abadi,Site BIB,WM3,M5153WM3,Drill damage Plug holes,,4,,,,,1.00012E+12,,,,1,,,,,,,,,
497585,1000115343,10,SDFP-103,561-22-73115,Rear Axle Housing,,PT. Putra Perkasa Abadi,Site BIB,BSW,M5153BSW,Cut Plug Material,,1,,,,,1.00012E+11,,,,1,,,,,,,,,
497617,1000115343,330,SDFP-103,561-22-73115,Rear Axle Housing,,PT. Putra Perkasa Abadi,Site BIB,WM3,M5153WM3,TIG weld all dents,,5,,,,,1.00012E+12,,,,1,,,,,,,,,
497586,1000115343,11,SDFP-103,561-22-73115,Rear Axle Housing,,PT. Putra Perkasa Abadi,Site BIB,PRM2,M5153PRM2,Cut Profile stifener plate,,24,,,,,1.00012E+11,,,,1,,,,,,,,,
497587,1000115343,15,SDFP-103,561-22-73115,Rear Axle Housing,,PT. Putra Perkasa Abadi,Site BIB,DIS,M5153DIS,Remove all bushing ,,1,,,,,1.00012E+11,,,,1,,,,,,,,,
497622,1000115343,380,SDFP-103,561-22-73115,Rear Axle Housing,,PT. Putra Perkasa Abadi,Site BIB,HB,M5153CLT,Machine bolt holes at flange LH,,16,,,,,1.00012E+12,,,,1,,,,,,,,,
497588,1000115343,40,SDFP-103,561-22-73115,Rear Axle Housing,,PT. Putra Perkasa Abadi,Site BIB,HB,M5153CLT,Strip Flange face RH,,2,,,,,1.00012E+11,,,,1,,,,,,,,,
497589,1000115343,50,SDFP-103,561-22-73115,Rear Axle Housing,,PT. Putra Perkasa Abadi,Site BIB,HB,M5153CLT,Strip Flange face LH,,2,,,,,1.00012E+11,,,,1,,,,,,,,,
497590,1000115343,60,SDFP-103,561-22-73115,Rear Axle Housing,,PT. Putra Perkasa Abadi,Site BIB,HB,M5153CLT,Strip Flange face differential contact,,2,,,,,1.00012E+11,,,,1,,,,,,,,,
497616,1000115343,320,SDFP-103,561-22-73115,Rear Axle Housing,,PT. Putra Perkasa Abadi,Site BIB,WM3,M5153WM3,Weld ID Suspension Bores,,4,,,,,1.00012E+12,,,,1,,,,,,,,,
497591,1000115343,70,SDFP-103,561-22-73115,Rear Axle Housing,,PT. Putra Perkasa Abadi,Site BIB,HB,M5153CLT,Strip bolt holes at flange RH,,10,,,,,1.00012E+11,,,,1,,,,,,,,,
497593,1000115343,90,SDFP-103,561-22-73115,Rear Axle Housing,,PT. Putra Perkasa Abadi,Site BIB,HB,M5153CLT,Strip Threads holes at flange differential contact,,8,,,,,1.00012E+11,,,,1,,,,,,,,,
497623,1000115343,390,SDFP-103,561-22-73115,Rear Axle Housing,,PT. Putra Perkasa Abadi,Site BIB,HB,M5153CLT,Machine threads holes at flange differential contact,,12,,,,,1.00012E+12,,,,1,,,,,,,,,
515831,1000122403,30,SHSG-117-I / SHSG-103-I,271-7478,Rod As Front Susp,777,PT. Cipta Kridatama,Site BMB,RD1,,Strip damaged thread ,,2,,,,,1.00012E+11,0,,,3,,"IF Build Up OD rod, Strip all thread holes",,,,,,,
515832,1000122403,39,SHSG-117-I / SHSG-103-I,271-7478,Rod As Front Susp,777,PT. Cipta Kridatama,Site BMB,MGN1,,Remove Crack,,25,,,,,1.00012E+11,0,,,3,,,,,,,,,
515833,1000122403,40,SHSG-117-I / SHSG-103-I,271-7478,Rod As Front Susp,777,PT. Cipta Kridatama,Site BMB,WM3,,Repair Weld Crack area,,100,,,,,1.00012E+11,0,,,3,,,,,,,,,
515834,1000122403,50,SHSG-117-I / SHSG-103-I,271-7478,Rod As Front Susp,777,PT. Cipta Kridatama,Site BMB,MGN1,,Machining Crack,,25,,,,,1.00012E+11,0,,,3,,See item no 100,,,,,,,
515835,1000122403,51,SHSG-117-I / SHSG-103-I,271-7478,Rod As Front Susp,777,PT. Cipta Kridatama,Site BMB,MGN1,,Check Crack,,1,,,,,1.00012E+11,0,,,3,,All crack indicated should be repair,,,,,,,
515836,1000122403,60,SHSG-117-I / SHSG-103-I,271-7478,Rod As Front Susp,777,PT. Cipta Kridatama,Site BMB,WM3,,Weld Worn At ID Ball Seat Hole and dent tapr area,,2,,,,,1.00012E+11,0,,,3,,,,,,,,,
515837,1000122403,70,SHSG-117-I / SHSG-103-I,271-7478,Rod As Front Susp,777,PT. Cipta Kridatama,Site BMB,WM3,,Weld Bad Profile At Threads Hole,,8,,,,,1.00012E+11,0,,,3,,"IF Build Up OD rod, welding all thread holes",,,,,,,
515838,1000122403,80,SHSG-117-I / SHSG-103-I,271-7478,Rod As Front Susp,777,PT. Cipta Kridatama,Site BMB,SAW,,Weld Build Up OD rod,,30,,,,,1.00012E+11,0,,,3,,Reuse & Salvage Guidliene SEBF8072-22 2013,,,,,,,
515839,1000122403,82,SHSG-117-I / SHSG-103-I,271-7478,Rod As Front Susp,777,PT. Cipta Kridatama,Site BMB,SAW,,Post Heat 400⁰C,,24,,,,,1.00012E+11,0,,,3,,WAJIB MASUKAN DI COOL BOX,,,,,,,
515840,1000122403,90,SHSG-117-I / SHSG-103-I,271-7478,Rod As Front Susp,777,PT. Cipta Kridatama,Site BMB,MGN1,,Machining ex welding OD rod,,15,,,,,1.00012E+11,0,,,3,,Reuse & Salvage Guidliene SEBF8072-22 2014,,,,,,,
515841,1000122403,100,SHSG-117-I / SHSG-103-I,271-7478,Rod As Front Susp,777,PT. Cipta Kridatama,Site BMB,RD,,Re-Drill ball seat hole area,,4,,,,,1.00012E+12,0,,,3,,,,,,,,,
515842,1000122403,110,SHSG-117-I / SHSG-103-I,271-7478,Rod As Front Susp,777,PT. Cipta Kridatama,Site BMB,RD,,Re-Drill & Re-Tap Welded Broken Thread Hole,,8,,,,,1.00012E+12,0,,,3,,,,,,,,,
515843,1000122403,120,SHSG-117-I / SHSG-103-I,271-7478,Rod As Front Susp,777,PT. Cipta Kridatama,Site BMB,QC2,,Inspect crack,,1,,,,,1.00012E+12,0,,,3,,,,,,,,,
515844,1000122403,130,SHSG-117-I / SHSG-103-I,271-7478,Rod As Front Susp,777,PT. Cipta Kridatama,Site BMB,POL1,,Pre polish OD rod prior to chrome,,8,,,,,1.00012E+12,0,,,3,,,,,,,,,
497634,1000115343,490,SDFP-103,561-22-73115,Rear Axle Housing,,PT. Putra Perkasa Abadi,Site BIB,RD,M5153RD1,drill and thread hole,,4,,,,,1.00012E+12,,,,1,,,,,,,,,
497633,1000115343,485,SDFP-103,561-22-73115,Rear Axle Housing,,PT. Putra Perkasa Abadi,Site BIB,RD,M5153RD1,settings all before processing,,10,,,,,1.00012E+12,,,,1,,,,,,,,,
497632,1000115343,480,SDFP-103,561-22-73115,Rear Axle Housing,,PT. Putra Perkasa Abadi,Site BIB,WM3,M5153WM3,Welding hole ,,3,,,,,1.00012E+12,,,,1,,,,,,,,,
497631,1000115343,470,SDFP-103,561-22-73115,Rear Axle Housing,,PT. Putra Perkasa Abadi,Site BIB,RD,M5153RD1,Strip Hole ,,3,,,,,1.00012E+12,,,,1,,,,,,,,,
416944,320008235,1608,SDFP-103,561-22-73115,Rear Axle Housing,,PT. Putra Perkasa Abadi,Site BIB,PRM2,M5153PRM2,Cutting Material,,1,,,,,3.20008E+12,,,,2,,,,,,,,,
416943,320008235,1607,SDFP-103,561-22-73115,Rear Axle Housing,,PT. Putra Perkasa Abadi,Site BIB,HDR,M5153HDR,Handressing at ex weld,,4,,,,,3.20008E+12,,,,2,,,,,,,,,
416941,320008235,1605,SDFP-103,561-22-73115,Rear Axle Housing,,PT. Putra Perkasa Abadi,Site BIB,RD,M5153RD1,drill and thread hole,,4,,,,,3.20008E+12,,,,2,,,,,,,,,
416939,320008235,1603,SDFP-103,561-22-73115,Rear Axle Housing,,PT. Putra Perkasa Abadi,Site BIB,SYG,M5153COR,Manufactur slip,,2,,,,,3.20008E+12,,,,2,,,,,,,,,
416938,320008235,1602,SDFP-103,561-22-73115,Rear Axle Housing,,PT. Putra Perkasa Abadi,Site BIB,WF3,M5153WF3,Coak,,4,,,,,3.20008E+12,,,,2,,,,,,,,,
416937,320008235,1601,SDFP-103,561-22-73115,Rear Axle Housing,,PT. Putra Perkasa Abadi,Site BIB,WM3,M5153WM3,Striping  / dril  � ,,4,,,,,3.20008E+12,,,,2,,,,,,,,,
416940,320008235,1604,SDFP-103,561-22-73115,Rear Axle Housing,,PT. Putra Perkasa Abadi,Site BIB,WM2,M5153WM2,Welding Join Slip,,4,,,,,3.20008E+12,,,,2,,,,,,,,,
499743,1000116459,310,SDFP-104,561-22-73115,Rear Axle Housing,,PT. Putra Perkasa Abadi,Site BIB,WM3,M5153WM3,Weld ID Lower Radius Rod Bores,,4,,,,,1.00012E+12,,,,1,,,,,,,,,
499721,1000116459,90,SDFP-104,561-22-73115,Rear Axle Housing,,PT. Putra Perkasa Abadi,Site BIB,HB,M5153CLT,Strip Threads holes at flange differential contact,,8,,,,,1.00012E+11,,,,1,,,,,,,,,
515845,1000122403,134,SHSG-117-I / SHSG-103-I,271-7478,Rod As Front Susp,777,PT. Cipta Kridatama,Site BMB,HCP2,,Hardchrome OD Of Rod,,4,,,,,1.00012E+12,0,,,3,,1,,,,,,,
515846,1000122403,140,SHSG-117-I / SHSG-103-I,271-7478,Rod As Front Susp,777,PT. Cipta Kridatama,Site BMB,HCP2,,Additional Hardchrome OD Of Rod,,4,,,,,1.00012E+12,0,,,3,,1,,,,,,,
515848,1000122403,160,SHSG-117-I / SHSG-103-I,271-7478,Rod As Front Susp,777,PT. Cipta Kridatama,Site BMB,HDR,,Re-Tap All Thread holes,,1,,,,,1.00012E+12,0,,,3,,,,,,,,,
515849,1000122403,170,SHSG-117-I / SHSG-103-I,271-7478,Rod As Front Susp,777,PT. Cipta Kridatama,Site BMB,HB,,Machining the seal lip groove,,4,,,,,1.00012E+12,0,,,3,,,,,,,,,
515850,1000122403,180,SHSG-117-I / SHSG-103-I,271-7478,Rod As Front Susp,777,PT. Cipta Kridatama,Site BMB,WM2,,Remove broken bolt,,2,,,,,1.00012E+12,0,,,3,,1,,,,,,,
515847,1000122403,150,SHSG-117-I / SHSG-103-I,271-7478,Rod As Front Susp,777,PT. Cipta Kridatama,Site BMB,POL1,,Final Polish OD rod,,8,,,FINISH,1/21/2026,1.00012E+12,0,,,3,,,,,,,,,
499723,1000116459,110,SDFP-104,561-22-73115,Rear Axle Housing,,PT. Putra Perkasa Abadi,Site BIB,HB,M5153CLT,Strip ID Upper Radius Rod Bores,,4,,,,,1.00012E+12,,,,1,,,,,,,,,
499735,1000116459,230,SDFP-104,561-22-73115,Rear Axle Housing,,PT. Putra Perkasa Abadi,Site BIB,WM3,M5153WM3,Weld Flange face LH,,4,,,,,1.00012E+12,,,,1,,,,,,,,,
499734,1000116459,220,SDFP-104,561-22-73115,Rear Axle Housing,,PT. Putra Perkasa Abadi,Site BIB,WM3,M5153WM3,Weld Flange face RH,,4,,,,,1.00012E+12,,,,1,,,,,,,,,
499733,1000116459,213,SDFP-104,561-22-73115,Rear Axle Housing,,PT. Putra Perkasa Abadi,Site BIB,WM3,M5153WM3,Seting weld joint,,2,,,,,1.00012E+12,,,,1,,,,,,,,,
499732,1000116459,210,SDFP-104,561-22-73115,Rear Axle Housing,,PT. Putra Perkasa Abadi,Site BIB,WM3,M5153WM3,Weld joint Stifener Plate,,55,,,,,1.00012E+12,,,,1,,,,,,,,,
499731,1000116459,205,SDFP-104,561-22-73115,Rear Axle Housing,,PT. Putra Perkasa Abadi,Site BIB,WM3,M5153WM3,Weld joint Plug Insert,,8,,,,,1.00012E+12,,,,1,,,,,,,,,
499727,1000116459,180,SDFP-104,561-22-73115,Rear Axle Housing,,PT. Putra Perkasa Abadi,Site BIB,WM3,M5153WM3,Weld crack area,,10,,,,,1.00012E+12,,,,1,,,,,,,,,
499728,1000116459,185,SDFP-104,561-22-73115,Rear Axle Housing,,PT. Putra Perkasa Abadi,Site BIB,QC2,M5153QC2,Check crack by NDT & deflection after repair crack,,1,,,,,1.00012E+12,,,,1,,,,,,,,,
499729,1000116459,190,SDFP-104,561-22-73115,Rear Axle Housing,,PT. Putra Perkasa Abadi,Site BIB,MGN1,M5153COR,Machining  Plug Insert,,8,,,,,1.00012E+12,,,,1,,,,,,,,,
499730,1000116459,195,SDFP-104,561-22-73115,Rear Axle Housing,,PT. Putra Perkasa Abadi,Site BIB,WM3,M5153WM3,Drill damage Plug holes,,4,,,,,1.00012E+12,,,,1,,,,,,,,,
499747,1000116459,350,SDFP-104,561-22-73115,Rear Axle Housing,,PT. Putra Perkasa Abadi,Site BIB,HB,M5153CLT,Machine Flange face LH,,4,,,,,1.00012E+12,,,,1,,,,,,,,,
499746,1000116459,340,SDFP-104,561-22-73115,Rear Axle Housing,,PT. Putra Perkasa Abadi,Site BIB,HB,M5153CLT,Machine Flange face RH,,4,,,,,1.00012E+12,,,,1,,,,,,,,,
499719,1000116459,70,SDFP-104,561-22-73115,Rear Axle Housing,,PT. Putra Perkasa Abadi,Site BIB,HB,M5153CLT,Strip bolt holes at flange RH,,10,,,,,1.00012E+11,,,,1,,,,,,,,,
499718,1000116459,60,SDFP-104,561-22-73115,Rear Axle Housing,,PT. Putra Perkasa Abadi,Site BIB,HB,M5153CLT,Strip Flange face differential contact,,2,,,,,1.00012E+11,,,,1,,,,,,,,,
499717,1000116459,50,SDFP-104,561-22-73115,Rear Axle Housing,,PT. Putra Perkasa Abadi,Site BIB,HB,M5153CLT,Strip Flange face LH,,2,,,,,1.00012E+11,,,,1,,,,,,,,,
499748,1000116459,360,SDFP-104,561-22-73115,Rear Axle Housing,,PT. Putra Perkasa Abadi,Site BIB,HB,M5153CLT,Machine Flange face differential contact,,4,,,,,1.00012E+12,,,,1,,,,,,,,,
499749,1000116459,370,SDFP-104,561-22-73115,Rear Axle Housing,,PT. Putra Perkasa Abadi,Site BIB,HB,M5153CLT,Machine bolt holes at flange RH,,16,,,,,1.00012E+12,,,,1,,,,,,,,,
499750,1000116459,380,SDFP-104,561-22-73115,Rear Axle Housing,,PT. Putra Perkasa Abadi,Site BIB,HB,M5153CLT,Machine bolt holes at flange LH,,16,,,,,1.00012E+12,,,,1,,,,,,,,,
499751,1000116459,390,SDFP-104,561-22-73115,Rear Axle Housing,,PT. Putra Perkasa Abadi,Site BIB,HB,M5153CLT,Machine threads holes at flange differential contact,,12,,,,,1.00012E+12,,,,1,,,,,,,,,
499752,1000116459,400,SDFP-104,561-22-73115,Rear Axle Housing,,PT. Putra Perkasa Abadi,Site BIB,HB,M5153CLT,Machine ID Differential contact,,4,,,,,1.00012E+12,,,,1,,,,,,,,,
499753,1000116459,410,SDFP-104,561-22-73115,Rear Axle Housing,,PT. Putra Perkasa Abadi,Site BIB,HB,M5153CLT,Machine ID Upper Radius Rod Bores,,4,,,,,1.00012E+12,,,,1,,,,,,,,,
499754,1000116459,420,SDFP-104,561-22-73115,Rear Axle Housing,,PT. Putra Perkasa Abadi,Site BIB,HB,M5153CLT,Machine ID Lower Radius Rod Bores,,4,,,,,1.00012E+12,,,,1,,,,,,,,,
499755,1000116459,430,SDFP-104,561-22-73115,Rear Axle Housing,,PT. Putra Perkasa Abadi,Site BIB,HB,M5153CLT,Machine ID Suspension Bores,,4,,,,,1.00012E+12,,,,1,,,,,,,,,
499756,1000116459,440,SDFP-104,561-22-73115,Rear Axle Housing,,PT. Putra Perkasa Abadi,Site BIB,HDR,M5153HDR,Handressing at ex weld worn out,,8,,,,,1.00012E+12,,,,1,,,,,,,,,
499757,1000116459,450,SDFP-104,561-22-73115,Rear Axle Housing,,PT. Putra Perkasa Abadi,Site BIB,HDR,M5153HDR,Retap All Threads Holes,,2,,,,,1.00012E+12,,,,1,,,,,,,,,
499758,1000116459,460,SDFP-104,561-22-73115,Rear Axle Housing,,PT. Putra Perkasa Abadi,Site BIB,QC2,M5153QC2,Final Inspection,,1,,,,,1.00012E+12,,,,1,,,,,,,,,
499713,1000116459,10,SDFP-104,561-22-73115,Rear Axle Housing,,PT. Putra Perkasa Abadi,Site BIB,BSW,M5153BSW,Cut Plug Material,,1,,,,,1.00012E+11,,,,1,,,,,,,,,
499714,1000116459,11,SDFP-104,561-22-73115,Rear Axle Housing,,PT. Putra Perkasa Abadi,Site BIB,PRM2,M5153PRM2,Cut Profile stifener plate,,6,,,,,1.00012E+11,,,,1,,,,,,,,,
499715,1000116459,15,SDFP-104,561-22-73115,Rear Axle Housing,,PT. Putra Perkasa Abadi,Site BIB,DIS,M5153DIS,Remove all bushing ,,1,,,,,1.00012E+11,,,,1,,,,,,,,,
499716,1000116459,40,SDFP-104,561-22-73115,Rear Axle Housing,,PT. Putra Perkasa Abadi,Site BIB,HB,M5153CLT,Strip Flange face RH,,2,,,,,1.00012E+11,,,,1,,,,,,,,,
499736,1000116459,240,SDFP-104,561-22-73115,Rear Axle Housing,,PT. Putra Perkasa Abadi,Site BIB,WM3,M5153WM3,Weld Flange face differential contact,,4,,,,,1.00012E+12,,,,1,,,,,,,,,
499737,1000116459,250,SDFP-104,561-22-73115,Rear Axle Housing,,PT. Putra Perkasa Abadi,Site BIB,WM3,M5153WM3,Flood weld Striped  bolt holes at flange RH,,10,,,,,1.00012E+12,,,,1,,,,,,,,,
499738,1000116459,260,SDFP-104,561-22-73115,Rear Axle Housing,,PT. Putra Perkasa Abadi,Site BIB,WM3,M5153WM3,Flood weld Striped bolt holes at flange LH,,10,,,,,1.00012E+12,,,,1,,,,,,,,,
499739,1000116459,270,SDFP-104,561-22-73115,Rear Axle Housing,,PT. Putra Perkasa Abadi,Site BIB,WM3,M5153WM3,Flood weld Striped threads holes at flange differential contact,,8,,,,,1.00012E+12,,,,1,,,,,,,,,
499740,1000116459,280,SDFP-104,561-22-73115,Rear Axle Housing,,PT. Putra Perkasa Abadi,Site BIB,WM3,M5153WM3,Weld ID Differential contact,,6,,,,,1.00012E+12,,,,1,,,,,,,,,
499741,1000116459,290,SDFP-104,561-22-73115,Rear Axle Housing,,PT. Putra Perkasa Abadi,Site BIB,WM3,M5153WM3,Weld All worn out at outer body / Inner Body,,8,,,,,1.00012E+12,,,,1,,,,,,,,,
499742,1000116459,300,SDFP-104,561-22-73115,Rear Axle Housing,,PT. Putra Perkasa Abadi,Site BIB,WM3,M5153WM3,Weld ID Upper Radius Rod Bores,,4,,,,,1.00012E+12,,,,1,,,,,,,,,
515827,1000122403,9,SHSG-117-I / SHSG-103-I,271-7478,Rod As Front Susp,777,PT. Cipta Kridatama,Site BMB,DIS,,Remove Spindle,,8,,,,,10001224039,0,,,3,,,,,,,,,
515889,1000122403,190,SHSG-117-I / SHSG-103-I,271-7478,Rod As Front Susp,777,PT. Cipta Kridatama,Site BMB,HDR,,Hand taps the thread holes,,1,,,,,1.00012E+12,0,,,3,,,,,,,,,
515891,1000122403,210,SHSG-117-I / SHSG-103-I,271-7478,Rod As Front Susp,777,PT. Cipta Kridatama,Site BMB,QC2,,Post inspection,,0.5,,,,,1.00012E+12,0,,,3,,Please check dimensi ID wearing jika repair seat end only,,,,,,,
515890,1000122403,200,SHSG-117-I / SHSG-103-I,271-7478,Rod As Front Susp,777,PT. Cipta Kridatama,Site BMB,HDR,,Deburr excess after machining,,0.5,,,FINISH,1/21/2026,1.00012E+12,0,,,3,,,,,,,,,
499720,1000116459,80,SDFP-104,561-22-73115,Rear Axle Housing,,PT. Putra Perkasa Abadi,Site BIB,HB,M5153CLT,Strip bolt holes at flange LH,,10,,,,,1.00012E+11,,,,1,,,,,,,,,
499744,1000116459,320,SDFP-104,561-22-73115,Rear Axle Housing,,PT. Putra Perkasa Abadi,Site BIB,WM3,M5153WM3,Weld ID Suspension Bores,,4,,,,,1.00012E+12,,,,1,,,,,,,,,
499745,1000116459,330,SDFP-104,561-22-73115,Rear Axle Housing,,PT. Putra Perkasa Abadi,Site BIB,WM3,M5153WM3,TIG weld all dents,,7,,,,,1.00012E+12,,,,1,,,,,,,,,
499726,1000116459,140,SDFP-104,561-22-73115,Rear Axle Housing,,PT. Putra Perkasa Abadi,Site BIB,WM3,M5153WM3,Remove All Indication crack,,30,,,,,1.00012E+12,,,,1,,,,,,,,,
515885,100000123,30,SSB-02,Contoh 2,Contoh 2,777,aa,Kuala Kencana,BSW,,Aktivitas 2,,1.5,,,,,10000012330,0,Tee San,asdf,1,JOB,12,update,,,,,,
499725,1000116459,130,SDFP-104,561-22-73115,Rear Axle Housing,,PT. Putra Perkasa Abadi,Site BIB,HB,M5153CLT,Strip ID Suspension Bores,,4,,,,,1.00012E+12,,,,1,,,,,,,,,
499724,1000116459,120,SDFP-104,561-22-73115,Rear Axle Housing,,PT. Putra Perkasa Abadi,Site BIB,HB,M5153CLT,Strip ID Lower Radius Rod Bores,,4,,,,,1.00012E+12,,,,1,,,,,,,,,
502001,1000117252,50,SDFP-105,504-4888,Flange Half Differential,,PT. Cipta Kridatama ,Site BMB,WM3,M5153WM3,Weld worn out area,,4,,,,,1.00012E+11,,,,1,,,,,,,,,
502002,1000117252,60,SDFP-105,504-4888,Flange Half Differential,,PT. Cipta Kridatama ,Site BMB,WM3,M5153WM3,Weld Crack area,,24,,,,,1.00012E+11,,,,1,,,,,,,,,
502003,1000117252,70,SDFP-105,504-4888,Flange Half Differential,,PT. Cipta Kridatama ,Site BMB,MGN1,M5153COR,Machining end face contact area,,4,,,,,1.00012E+11,,,,1,,,,,,,,,
503896,1000117778,70,SDFP-112,499-3660,Plain Half Differential,,PT. Trakindo Utama,Site Adaro,MGN1,M5153COR,Striping OD bearing seat,,1,,,,,1.00012E+11,,,,1,,,,,,,,,
503897,1000117778,80,SDFP-112,499-3660,Plain Half Differential,,PT. Trakindo Utama,Site Adaro,MGN1,M5153COR,Striping thrust washer face,,1,,,,,1.00012E+11,,,,1,,,,,,,,,
503898,1000117778,90,SDFP-112,499-3660,Plain Half Differential,,PT. Trakindo Utama,Site Adaro,HB,M5153CLT,Striping spyder bores,,2,,,,,1.00012E+11,,,,1,,,,,,,,,
503899,1000117778,100,SDFP-112,499-3660,Plain Half Differential,,PT. Trakindo Utama,Site Adaro,HB,M5153CLT,Striping retainer faces,,2,,,,,1.00012E+12,,,,1,,,,,,,,,
515892,1000122405,9,SHSG-117-I / SHSG-92-I,101-3368,Housing Front Susp ,777,PT. Cipta Kridatama,Site BMB,PPC,,Order gusset,,0,,,,,10001224059,0,,,4,,2,,,,,,,
503900,1000117778,110,SDFP-112,499-3660,Plain Half Differential,,PT. Trakindo Utama,Site Adaro,MTS,M5153MTS,Metal spray OD bearing seat,,3,,,,,1.00012E+12,,,,1,,,,,,,,,
515893,1000122405,10,SHSG-117-I / SHSG-92-I,101-3368,Housing Front Susp ,777,PT. Cipta Kridatama,Site BMB,PRM2,,Cut material gusset,,2,,,,,1.00012E+11,0,,,4,,,,,,,,,
515894,1000122405,15,SHSG-117-I / SHSG-92-I,101-3368,Housing Front Susp ,777,PT. Cipta Kridatama,Site BMB,HB,,Strip The Broken lip seal prior to weld,,2,,,,,1.00012E+11,0,,,4,,,,,,,,,
515895,1000122405,20,SHSG-117-I / SHSG-92-I,101-3368,Housing Front Susp ,777,PT. Cipta Kridatama,Site BMB,HB,,Strip ID wearing seat,,3,,,,,1.00012E+11,0,,,4,,,,,,,,,
515896,1000122405,30,SHSG-117-I / SHSG-92-I,101-3368,Housing Front Susp ,777,PT. Cipta Kridatama,Site BMB,HDR,,Remove scratch on inner surface,,2,,,,,1.00012E+11,0,,,4,,,,,,,,,
515897,1000122405,35,SHSG-117-I / SHSG-92-I,101-3368,Housing Front Susp ,777,PT. Cipta Kridatama,Site BMB,WM3,,Remove linear crack OD Liner seat and flange,,4,,,,,1.00012E+11,0,,,4,,,,,,,,,
515898,1000122405,40,SHSG-117-I / SHSG-92-I,101-3368,Housing Front Susp ,777,PT. Cipta Kridatama,Site BMB,WM3,,Remove linear crack on weld joint,,2,,,,,1.00012E+11,0,,,4,,,,,,,,,
515899,1000122405,50,SHSG-117-I / SHSG-92-I,101-3368,Housing Front Susp ,777,PT. Cipta Kridatama,Site BMB,WM3,,Remove bad weld on gusset & flange,,2,,,,,1.00012E+11,0,,,4,,2,,,,,,,
515900,1000122405,65,SHSG-117-I / SHSG-92-I,101-3368,Housing Front Susp ,777,PT. Cipta Kridatama,Site BMB,WM3,,Weld linear crack outer and inner,,4,,,,,1.00012E+11,0,,,4,,,,,,,,,
515901,1000122405,70,SHSG-117-I / SHSG-92-I,101-3368,Housing Front Susp ,777,PT. Cipta Kridatama,Site BMB,WM1,,Weld the broken seal lip groove,,4,,,,,1.00012E+11,0,,,4,,,,,,,,,
515902,1000122405,80,SHSG-117-I / SHSG-92-I,101-3368,Housing Front Susp ,777,PT. Cipta Kridatama,Site BMB,WM1,,Weld the ID of wear ring seat,,6,,,,,1.00012E+11,0,,,4,,,,,,,,,
515903,1000122405,85,SHSG-117-I / SHSG-92-I,101-3368,Housing Front Susp ,777,PT. Cipta Kridatama,Site BMB,WM3,,Weld worn out inner surface,,3,,,,,1.00012E+11,0,,,4,,"ID Near wearing seat, dudukan liner (free area)",,,,,,,
515904,1000122405,90,SHSG-117-I / SHSG-92-I,101-3368,Housing Front Susp ,777,PT. Cipta Kridatama,Site BMB,WM3,,Weld the broken gusset fillet,,2,,,,,1.00012E+11,0,,,4,,,,,,,,,
515905,1000122405,100,SHSG-117-I / SHSG-92-I,101-3368,Housing Front Susp ,777,PT. Cipta Kridatama,Site BMB,WM3,,Weld crack and worn face mounting flange,,2,,,,,1.00012E+12,0,,,4,,2,,,,,,,
515906,1000122405,102,SHSG-117-I / SHSG-92-I,101-3368,Housing Front Susp ,777,PT. Cipta Kridatama,Site BMB,QC2,,Check crack,,0.5,,,,,1.00012E+12,0,,,4,,after weld crack,,,,,,,
515907,1000122405,109,SHSG-117-I / SHSG-92-I,101-3368,Housing Front Susp ,777,PT. Cipta Kridatama,Site BMB,RD,,Replace Gusset (Drill hole),,1,,,,,1.00012E+12,0,,,4,,2,,,,,,,
515908,1000122405,110,SHSG-117-I / SHSG-92-I,101-3368,Housing Front Susp ,777,PT. Cipta Kridatama,Site BMB,WM3,,Replace Gusset (welding),,2,,,,,1.00012E+12,0,,,4,,2,,,,,,,
515909,1000122405,120,SHSG-117-I / SHSG-92-I,101-3368,Housing Front Susp ,777,PT. Cipta Kridatama,Site BMB,WM2,,Weld the wear ring seat end,,1,,,,,1.00012E+12,0,,,4,,,,,,,,,
515910,1000122405,130,SHSG-117-I / SHSG-92-I,101-3368,Housing Front Susp ,777,PT. Cipta Kridatama,Site BMB,WM3,,Remove Liner and Gland,,24,,,,,1.00012E+12,0,,,4,,Seat end repair (S104H) 2 layer welding,,,,,,,
515911,1000122405,140,SHSG-117-I / SHSG-92-I,101-3368,Housing Front Susp ,777,PT. Cipta Kridatama,Site BMB,HDR,,Remove weld excess,,1,,,,,1.00012E+12,0,,,4,,,,,,,,,
515912,1000122405,150,SHSG-117-I / SHSG-92-I,101-3368,Housing Front Susp ,777,PT. Cipta Kridatama,Site BMB,HB,,Machining ID wear ring seat to spec,,10,,,,,1.00012E+12,0,,,4,,Stopper only 1 jam,,,,,,,
515913,1000122405,151,SHSG-117-I / SHSG-92-I,101-3368,Housing Front Susp ,777,PT. Cipta Kridatama,Site BMB,HB,,Machining ex Worn Out at Near Wearing Seat,,4,,,,,1.00012E+12,0,,,4,,Worn out near wearing seat seat,,,,,,,
515914,1000122405,152,SHSG-117-I / SHSG-92-I,101-3368,Housing Front Susp ,777,PT. Cipta Kridatama,Site BMB,HB,,Machining ex repair crack ID liner seat,,4,,,,,1.00012E+12,0,,,4,,,,,,,,,
515915,1000122405,160,SHSG-117-I / SHSG-92-I,101-3368,Housing Front Susp ,777,PT. Cipta Kridatama,Site BMB,HB,,Check run out,,2,,,,,1.00012E+12,0,,,4,,,,,,,,,
515916,1000122405,170,SHSG-117-I / SHSG-92-I,101-3368,Housing Front Susp ,777,PT. Cipta Kridatama,Site BMB,HB,,Machining the seal lip groove,,4,,,,,1.00012E+12,0,,,4,,,,,,,,,
515917,1000122405,180,SHSG-117-I / SHSG-92-I,101-3368,Housing Front Susp ,777,PT. Cipta Kridatama,Site BMB,WM2,,Remove broken bolt,,2,,,,,1.00012E+12,0,,,4,,1,,,,,,,
515918,1000122405,190,SHSG-117-I / SHSG-92-I,101-3368,Housing Front Susp ,777,PT. Cipta Kridatama,Site BMB,HDR,,Hand taps the thread holes,,1,,,,,1.00012E+12,0,,,4,,,,,,,,,
515919,1000122405,200,SHSG-117-I / SHSG-92-I,101-3368,Housing Front Susp ,777,PT. Cipta Kridatama,Site BMB,HDR,,Deburr excess after machining,,0.5,,,,,1.00012E+12,0,,,4,,,,,,,,,
515920,1000122405,210,SHSG-117-I / SHSG-92-I,101-3368,Housing Front Susp ,777,PT. Cipta Kridatama,Site BMB,QC2,,Post inspection,,0.5,,,,,1.00012E+12,0,,,4,,Please check dimensi ID wearing jika repair seat end only,,,,,,,
503901,1000117778,120,SDFP-112,499-3660,Plain Half Differential,,PT. Trakindo Utama,Site Adaro,MTS,M5153MTS,Metal spray thrust washer face,,3,,,,,1.00012E+12,,,,1,,,,,,,,,
515921,1000122402,10,SHSG-117-I / SHSG-116-I,102-6340,Head As Front Suspension,777,PT. Cipta Kridatama,Site BMB,PPC,,Order material stub & plate,,0,,,,,1.00012E+11,0,,,5,,,,,,,,,
515922,1000122402,20,SHSG-117-I / SHSG-116-I,102-6340,Head As Front Suspension,777,PT. Cipta Kridatama,Site BMB,WM2,,Remove broken bolt,,1,,,,,1.00012E+11,0,,,5,,,,,,,,,
515923,1000122402,30,SHSG-117-I / SHSG-116-I,102-6340,Head As Front Suspension,777,PT. Cipta Kridatama,Site BMB,RD,,Drill damaged thread hole,,0,,,,,1.00012E+11,0,,,5,,,,,,,,,
515924,1000122402,41,SHSG-117-I / SHSG-116-I,102-6340,Head As Front Suspension,777,PT. Cipta Kridatama,Site BMB,WM3,,Remove crack at bottom surface,,1,,,,,1.00012E+11,0,,,5,,,,,,,,,
515925,1000122402,42,SHSG-117-I / SHSG-116-I,102-6340,Head As Front Suspension,777,PT. Cipta Kridatama,Site BMB,WM3,,Remove crack at neck,,2,,,,,1.00012E+11,0,,,5,,,,,,,,,
515926,1000122402,45,SHSG-117-I / SHSG-116-I,102-6340,Head As Front Suspension,777,PT. Cipta Kridatama,Site BMB,WM3,,Repair Weld crack at bottom surface,,1,,,,,1.00012E+11,0,,,5,,,,,,,,,
515927,1000122402,46,SHSG-117-I / SHSG-116-I,102-6340,Head As Front Suspension,777,PT. Cipta Kridatama,Site BMB,WM3,,Repair Weld crack at neck,,2,,,,,1.00012E+11,0,,,5,,,,,,,,,
515928,1000122402,48,SHSG-117-I / SHSG-116-I,102-6340,Head As Front Suspension,777,PT. Cipta Kridatama,Site BMB,SYG,,Skim ex repair crack ,,2,,,,,1.00012E+11,0,,,5,,,,,,,,,
515929,1000122402,49,SHSG-117-I / SHSG-116-I,102-6340,Head As Front Suspension,777,PT. Cipta Kridatama,Site BMB,QC2,,Inspect crack,,1,,,,,1.00012E+11,0,,,5,,,,,,,,,
515930,1000122402,60,SHSG-117-I / SHSG-116-I,102-6340,Head As Front Suspension,777,PT. Cipta Kridatama,Site BMB,WM3,,Remove stub,,1,,,,,1.00012E+11,0,,,5,,,,,,,,,
515932,1000122402,80,SHSG-117-I / SHSG-116-I,102-6340,Head As Front Suspension,777,PT. Cipta Kridatama,Site BMB,SYG,,Machining stub prior to joint,,2,,,,,1.00012E+11,0,,,5,,,,,,,,,
515933,1000122402,90,SHSG-117-I / SHSG-116-I,102-6340,Head As Front Suspension,777,PT. Cipta Kridatama,Site BMB,SYG,,Machining stub hole & Drill,,4,,,,,1.00012E+11,0,,,5,,,,,,,,,
515934,1000122402,100,SHSG-117-I / SHSG-116-I,102-6340,Head As Front Suspension,777,PT. Cipta Kridatama,Site BMB,QC2,,Check crack,,0.5,,,,,1.00012E+12,0,,,5,,,,,,,,,
515935,1000122402,110,SHSG-117-I / SHSG-116-I,102-6340,Head As Front Suspension,777,PT. Cipta Kridatama,Site BMB,WM3,,Flood weld thread hole,,1,,,,,1.00012E+12,0,,,5,,,,,,,,,
515937,1000122402,140,SHSG-117-I / SHSG-116-I,102-6340,Head As Front Suspension,777,PT. Cipta Kridatama,Site BMB,ASY,,Install stub,,0.5,,,,,1.00012E+12,0,,,5,,,,,,,,,
515938,1000122402,150,SHSG-117-I / SHSG-116-I,102-6340,Head As Front Suspension,777,PT. Cipta Kridatama,Site BMB,WM3,,Welding join stub & plate,,3,,,,,1.00012E+12,0,,,5,,,,,,,,,
515939,1000122402,155,SHSG-117-I / SHSG-116-I,102-6340,Head As Front Suspension,777,PT. Cipta Kridatama,Site BMB,WM2,,TIG weld worn out area ,,4,,,,,1.00012E+12,0,,,5,,,,,,,,,
515940,1000122402,160,SHSG-117-I / SHSG-116-I,102-6340,Head As Front Suspension,777,PT. Cipta Kridatama,Site BMB,SYG,,Skim ex TIG weld area,,2,,,,,1.00012E+12,0,,,5,,,,,,,,,
515941,1000122402,170,SHSG-117-I / SHSG-116-I,102-6340,Head As Front Suspension,777,PT. Cipta Kridatama,Site BMB,SYG,,Machining OD stub,,6,,,,,1.00012E+12,0,,,5,,,,,,,,,
515942,1000122402,180,SHSG-117-I / SHSG-116-I,102-6340,Head As Front Suspension,777,PT. Cipta Kridatama,Site BMB,QC2,,Check crack,,0.5,,,,,1.00012E+12,0,,,5,,,,,,,,,
515943,1000122402,190,SHSG-117-I / SHSG-116-I,102-6340,Head As Front Suspension,777,PT. Cipta Kridatama,Site BMB,RD,,Drill and Tap thread hole,,2,,,,,1.00012E+12,0,,,5,,,,,,,,,
515944,1000122402,200,SHSG-117-I / SHSG-116-I,102-6340,Head As Front Suspension,777,PT. Cipta Kridatama,Site BMB,HDR,,Re-tap the thread holes,,0.5,,,,,1.00012E+12,0,,,5,,,,,,,,,
515945,1000122402,210,SHSG-117-I / SHSG-116-I,102-6340,Head As Front Suspension,777,PT. Cipta Kridatama,Site BMB,HDR,,Deburr excess after machining,,0.5,,,,,1.00012E+12,0,,,5,,,,,,,,,
515946,1000122402,220,SHSG-117-I / SHSG-116-I,102-6340,Head As Front Suspension,777,PT. Cipta Kridatama,Site BMB,QC2,,Post inspection,,0.5,,,,,1.00012E+12,0,,,5,,,,,,,,,
515931,1000122402,70,SHSG-117-I / SHSG-116-I,102-6340,Head As Front Suspension,777,PT. Cipta Kridatama,Site BMB,SYG,,Strip OD stub prior to weld,,1,,,FINISH,12/20/2025,1.00012E+11,0,,,5,,,,,,,,,
515936,1000122402,120,SHSG-117-I / SHSG-116-I,102-6340,Head As Front Suspension,777,PT. Cipta Kridatama,Site BMB,WM3,,Weld OD stub,,3,,,FINISH,12/23/2025,1.00012E+12,0,,,5,,,,,,,,,
503902,1000117778,130,SDFP-112,499-3660,Plain Half Differential,,PT. Trakindo Utama,Site Adaro,MTS,M5153MTS,Metal spray spyder bores,,6,,,,,1.00012E+12,,,,1,,,,,,,,,
515947,1000122404,5,SHSG-117-I / SHSG-122-I,102-6341,Gland Front Suspension,777,PT. Cipta Kridatama,Site BMB,WM3,,Remove Gland Stuck,,4,,,,,10001224045,0,,,6,,,,,,,,,
515948,1000122404,6,SHSG-117-I / SHSG-122-I,102-6341,Gland Front Suspension,777,PT. Cipta Kridatama,Site BMB,PPC,,Order material,,0,,,,,10001224046,0,,,6,,,,,,,,,
515949,1000122404,7,SHSG-117-I / SHSG-122-I,102-6341,Gland Front Suspension,777,PT. Cipta Kridatama,Site BMB,PRM2,,Cut material,,4,,,,,10001224047,0,,,6,,,,,,,,,
515950,1000122404,8,SHSG-117-I / SHSG-122-I,102-6341,Gland Front Suspension,777,PT. Cipta Kridatama,Site BMB,SYG,,Machining OD & groove area,,4,,,,,10001224048,0,,,6,,,,,,,,,
515951,1000122404,9,SHSG-117-I / SHSG-122-I,102-6341,Gland Front Suspension,777,PT. Cipta Kridatama,Site BMB,SYG,,Machining ID seal seat,,8,,,,,10001224049,0,,,6,,,,,,,,,
515952,1000122404,10,SHSG-117-I / SHSG-122-I,102-6341,Gland Front Suspension,777,PT. Cipta Kridatama,Site BMB,WM2,,Tig weld worn out,,2,,,,,1.00012E+11,0,,,6,,,,,,,,,
515953,1000122404,20,SHSG-117-I / SHSG-122-I,102-6341,Gland Front Suspension,777,PT. Cipta Kridatama,Site BMB,SYG,,Machining ID seal,,1,,,,,1.00012E+11,0,,,6,,,,,,,,,
515954,1000122404,25,SHSG-117-I / SHSG-122-I,102-6341,Gland Front Suspension,777,PT. Cipta Kridatama,Site BMB,SYG,,Skim ex weld,,4,,,,,1.00012E+11,0,,,6,,,,,,,,,
515955,1000122404,30,SHSG-117-I / SHSG-122-I,102-6341,Gland Front Suspension,777,PT. Cipta Kridatama,Site BMB,HDR,,Polish all corossion,,1,,,,,1.00012E+11,0,,,6,,,,,,,,,
515956,1000122404,40,SHSG-117-I / SHSG-122-I,102-6341,Gland Front Suspension,777,PT. Cipta Kridatama,Site BMB,QC2,,Post Inspect,,1,,,,,1.00012E+11,0,,,6,,,,,,,,,
503904,1000117778,150,SDFP-112,499-3660,Plain Half Differential,,PT. Trakindo Utama,Site Adaro,HB,M5153CLT,Machining retainer faces,,6,,,,,1.00012E+12,,,,1,,,,,,,,,
503905,1000117778,160,SDFP-112,499-3660,Plain Half Differential,,PT. Trakindo Utama,Site Adaro,MGN1,M5153COR,Machining thrust washer face,,4,,,,,1.00012E+12,,,,1,,,,,,,,,
503906,1000117778,170,SDFP-112,499-3660,Plain Half Differential,,PT. Trakindo Utama,Site Adaro,ASY,M5153ASY,Assembly flange and plain half differential,,1,,,,,1.00012E+12,,,,1,,,,,,,,,
503911,1000117778,220,SDFP-112,499-3660,Plain Half Differential,,PT. Trakindo Utama,Site Adaro,HDR,M5153HDR,Handressing ,,0.5,,,,,1.00012E+12,,,,1,,,,,,,,,
503908,1000117778,190,SDFP-112,499-3660,Plain Half Differential,,PT. Trakindo Utama,Site Adaro,HB,M5153CLT,Machining spyder bores,,8,,,,,1.00012E+12,,,,1,,,,,,,,,
503912,1000117778,230,SDFP-112,499-3660,Plain Half Differential,,PT. Trakindo Utama,Site Adaro,QC2,M5153QC2,Inspection,,0.5,,,,,1.00012E+12,,,,1,,,,,,,,,
503895,1000117778,60,SDFP-112,499-3660,Plain Half Differential,,PT. Trakindo Utama,Site Adaro,MGN1,M5153COR,Machining end face contact area,,4,,,,,1.00012E+11,,,,1,,,,,,,,,
503893,1000117778,40,SDFP-112,499-3660,Plain Half Differential,,PT. Trakindo Utama,Site Adaro,WM3,M5153WM3,Weld worn out area,,4,,,,,1.00012E+11,,,,1,,,,,,,,,
515476,1000122228,80,STCP-182,-,Housing Torque Converter,-,PT. Hillconjaya Sakti,Kotabaru,WM2,M5153WM2,Tig weld Dent,,12,,,,,1.00012E+11,0,,,1,,,,,,,,,
515477,1000122228,90,STCP-182,-,Housing Torque Converter,-,PT. Hillconjaya Sakti,Kotabaru,MM,M5153GML,Machining ex tig weld,,6,,,,,1.00012E+11,0,,,1,,,,,,,,,
515957,1000122228,130,STCP-182,-,Housing Torque Converter,-,PT. Hillconjaya Sakti,Kotabaru,,,Deleted process,,0,,,,,1.00012E+12,0,,,1,,,,,,,,,
515958,1000122228,140,STCP-182,-,Housing Torque Converter,-,PT. Hillconjaya Sakti,Kotabaru,,,Deleted process,,0,,,,,1.00012E+12,0,,,1,,,,,,,,,
515959,1000122228,150,STCP-182,-,Housing Torque Converter,-,PT. Hillconjaya Sakti,Kotabaru,,,Deleted process,,0,,,,,1.00012E+12,0,,,1,,,,,,,,,
515960,1000122228,160,STCP-182,-,Housing Torque Converter,-,PT. Hillconjaya Sakti,Kotabaru,,,Deleted process,,0,,,,,1.00012E+12,0,,,1,,,,,,,,,
515961,1000122228,170,STCP-182,-,Housing Torque Converter,-,PT. Hillconjaya Sakti,Kotabaru,,,Deleted process,,0,,,,,1.00012E+12,0,,,1,,,,,,,,,
515962,1000122228,180,STCP-182,-,Housing Torque Converter,-,PT. Hillconjaya Sakti,Kotabaru,,,Deleted process,,0,,,,,1.00012E+12,0,,,1,,,,,,,,,
515966,1000122228,220,STCP-182,-,Housing Torque Converter,-,PT. Hillconjaya Sakti,Kotabaru,,,Deleted process,,0,,,,,1.00012E+12,0,,,1,,,,,,,,,
515967,1000122228,230,STCP-182,-,Housing Torque Converter,-,PT. Hillconjaya Sakti,Kotabaru,,,Deleted process,,0,,,,,1.00012E+12,0,,,1,,,,,,,,,
515968,1000122228,240,STCP-182,-,Housing Torque Converter,-,PT. Hillconjaya Sakti,Kotabaru,,,Deleted process,,0,,,,,1.00012E+12,0,,,1,,,,,,,,,
503890,1000117778,10,SDFP-112,499-3660,Plain Half Differential,,PT. Trakindo Utama,Site Adaro,DIS,M5153CLN,Remove dowel and bearing,,3,,,,,1.00012E+11,,,,1,,,,,,,,,
503903,1000117778,140,SDFP-112,499-3660,Plain Half Differential,,PT. Trakindo Utama,Site Adaro,MTS,M5153MTS,Metal spray retainer faces,,6,,,,,1.00012E+12,,,,1,,,,,,,,,
503907,1000117778,180,SDFP-112,499-3660,Plain Half Differential,,PT. Trakindo Utama,Site Adaro,MGN1,M5153COR,Machining OD bearing seat,,3,,,,,1.00012E+12,,,,1,,,,,,,,,
503910,1000117778,210,SDFP-112,499-3660,Plain Half Differential,,PT. Trakindo Utama,Site Adaro,ASY,M5153ASY,Install new dowels,,1.5,,,,,1.00012E+12,,,,1,,,,,,,,,
503909,1000117778,200,SDFP-112,499-3660,Plain Half Differential,,PT. Trakindo Utama,Site Adaro,HB,M5153CLT,Drill dowel holes,,3,,,,,1.00012E+12,,,,1,,,,,,,,,
512886,1000119586,220,SDFP-113,499-3660,Plain Half Differential,777,PT. Trakindo Utama,Site Adaro,HDR,,Handressing ,,0.5,,,,,1.00012E+12,,,,1,,,,,,,,,
512865,1000119586,10,SDFP-113,499-3660,Plain Half Differential,777,PT. Trakindo Utama,Site Adaro,DIS,,Remove dowel and bearing,,3,,,,,1.00012E+11,,,,1,,,,,,,,,
512867,1000119586,30,SDFP-113,499-3660,Plain Half Differential,777,PT. Trakindo Utama,Site Adaro,WM3,,Remove Crack,,0,,,,,1.00012E+11,,,,1,,,,,,,,,
512868,1000119586,40,SDFP-113,499-3660,Plain Half Differential,777,PT. Trakindo Utama,Site Adaro,WM3,,Weld worn out area,,4,,,,,1.00012E+11,,,,1,,,,,,,,,
512869,1000119586,50,SDFP-113,499-3660,Plain Half Differential,777,PT. Trakindo Utama,Site Adaro,WM3,,Weld Crack area,,0,,,,,1.00012E+11,,,,1,,,,,,,,,
512870,1000119586,60,SDFP-113,499-3660,Plain Half Differential,777,PT. Trakindo Utama,Site Adaro,MGN1,,Machining end face contact area,,4,,,,,1.00012E+11,,,,1,,,,,,,,,
512871,1000119586,70,SDFP-113,499-3660,Plain Half Differential,777,PT. Trakindo Utama,Site Adaro,MGN1,,Striping OD bearing seat,,1,,,,,1.00012E+11,,,,1,,,,,,,,,
512872,1000119586,80,SDFP-113,499-3660,Plain Half Differential,777,PT. Trakindo Utama,Site Adaro,MGN1,,Striping thrust washer face,,1,,,,,1.00012E+11,,,,1,,,,,,,,,
512873,1000119586,90,SDFP-113,499-3660,Plain Half Differential,777,PT. Trakindo Utama,Site Adaro,HB,,Striping spyder bores,,2,,,,,1.00012E+11,,,,1,,,,,,,,,
512874,1000119586,100,SDFP-113,499-3660,Plain Half Differential,777,PT. Trakindo Utama,Site Adaro,HB,,Striping retainer faces,,2,,,,,1.00012E+12,,,,1,,,,,,,,,
512875,1000119586,110,SDFP-113,499-3660,Plain Half Differential,777,PT. Trakindo Utama,Site Adaro,MTS,,Metal spray OD bearing seat,,3,,,,,1.00012E+12,,,,1,,,,,,,,,
512876,1000119586,120,SDFP-113,499-3660,Plain Half Differential,777,PT. Trakindo Utama,Site Adaro,MTS,,Metal spray thrust washer face,,3,,,,,1.00012E+12,,,,1,,,,,,,,,
512877,1000119586,130,SDFP-113,499-3660,Plain Half Differential,777,PT. Trakindo Utama,Site Adaro,MTS,,Metal spray spyder bores,,6,,,,,1.00012E+12,,,,1,,,,,,,,,
512878,1000119586,140,SDFP-113,499-3660,Plain Half Differential,777,PT. Trakindo Utama,Site Adaro,MTS,,Metal spray retainer faces,,6,,,,,1.00012E+12,,,,1,,,,,,,,,
512879,1000119586,150,SDFP-113,499-3660,Plain Half Differential,777,PT. Trakindo Utama,Site Adaro,HB,,Machining retainer faces,,6,,,,,1.00012E+12,,,,1,,,,,,,,,
512880,1000119586,160,SDFP-113,499-3660,Plain Half Differential,777,PT. Trakindo Utama,Site Adaro,MGN1,,Machining thrust washer face,,4,,,,,1.00012E+12,,,,1,,,,,,,,,
512881,1000119586,170,SDFP-113,499-3660,Plain Half Differential,777,PT. Trakindo Utama,Site Adaro,ASY,,Assembly flange and plain half differential,,1,,,,,1.00012E+12,,,,1,,,,,,,,,
512882,1000119586,180,SDFP-113,499-3660,Plain Half Differential,777,PT. Trakindo Utama,Site Adaro,MGN1,,Machining OD bearing seat,,3,,,,,1.00012E+12,,,,1,,,,,,,,,
512883,1000119586,190,SDFP-113,499-3660,Plain Half Differential,777,PT. Trakindo Utama,Site Adaro,HB,,Machining spyder bores,,8,,,,,1.00012E+12,,,,1,,,,,,,,,
512884,1000119586,200,SDFP-113,499-3660,Plain Half Differential,777,PT. Trakindo Utama,Site Adaro,HB,,Drill dowel holes,,3,,,,,1.00012E+12,,,,1,,,,,,,,,
512885,1000119586,210,SDFP-113,499-3660,Plain Half Differential,777,PT. Trakindo Utama,Site Adaro,ASY,,Install new dowels,,1.5,,,,,1.00012E+12,,,,1,,,,,,,,,
512887,1000119586,230,SDFP-113,499-3660,Plain Half Differential,777,PT. Trakindo Utama,Site Adaro,QC2,,Inspection,,0.5,,,,,1.00012E+12,,,,1,,,,,,,,,
503918,1000117779,33,SDFP-114,504-4888,Flange Half Differential,,PT. Trakindo Utama,Site Adaro,RD1,M5153RD1,Install Keysert Thread,,1,,,,,1.00012E+11,,,,1,,,,,,,,,
503919,1000117779,40,SDFP-114,504-4888,Flange Half Differential,,PT. Trakindo Utama,Site Adaro,WM3,M5153WM3,Remove Crack,,2,,,,,1.00012E+11,,,,1,,,,,,,,,
503920,1000117779,50,SDFP-114,504-4888,Flange Half Differential,,PT. Trakindo Utama,Site Adaro,WM3,M5153WM3,Weld worn out area,,4,,,,,1.00012E+11,,,,1,,,,,,,,,
515963,1000122228,190,STCP-182,-,Housing Torque Converter,-,PT. Hillconjaya Sakti,Kotabaru,,,Deleted process,,0,,,,,1.00012E+12,0,,,1,,,,,,,,,
515964,1000122228,200,STCP-182,-,Housing Torque Converter,-,PT. Hillconjaya Sakti,Kotabaru,,,Deleted process,,0,,,,,1.00012E+12,0,,,1,,,,,,,,,
515965,1000122228,210,STCP-182,-,Housing Torque Converter,-,PT. Hillconjaya Sakti,Kotabaru,,,Deleted process,,0,,,,,1.00012E+12,0,,,1,,,,,,,,,
503922,1000117779,70,SDFP-114,504-4888,Flange Half Differential,,PT. Trakindo Utama,Site Adaro,MGN1,M5153COR,Machining end face contact area,,4,,,,,1.00012E+11,,,,1,,,,,,,,,
503928,1000117779,130,SDFP-114,504-4888,Flange Half Differential,,PT. Trakindo Utama,Site Adaro,MTS,M5153MTS,Metal spray OD bearing seat,,3,,,,,1.00012E+12,,,,1,,,,,,,,,
503913,1000117779,10,SDFP-114,504-4888,Flange Half Differential,,PT. Trakindo Utama,Site Adaro,DIS,M5153CLN,Remove dowel,,2,,,,,1.00012E+11,,,,1,,,,,,,,,
503914,1000117779,20,SDFP-114,504-4888,Flange Half Differential,,PT. Trakindo Utama,Site Adaro,DIS,M5153CLN,Remove Bearing,,2,,,,,1.00012E+11,,,,1,,,,,,,,,
503921,1000117779,60,SDFP-114,504-4888,Flange Half Differential,,PT. Trakindo Utama,Site Adaro,WM3,M5153WM3,Weld Crack area,,4,,,,,1.00012E+11,,,,1,,,,,,,,,
503927,1000117779,120,SDFP-114,504-4888,Flange Half Differential,,PT. Trakindo Utama,Site Adaro,HB,M5153CLT,Striping retainer faces,,4,,,,,1.00012E+12,,,,1,,,,,,,,,
503924,1000117779,90,SDFP-114,504-4888,Flange Half Differential,,PT. Trakindo Utama,Site Adaro,MGN1,M5153COR,Striping OD bearing seat,,1,,,,,1.00012E+11,,,,1,,,,,,,,,
503925,1000117779,100,SDFP-114,504-4888,Flange Half Differential,,PT. Trakindo Utama,Site Adaro,MGN1,M5153COR,Striping thrust washer face,,1,,,,,1.00012E+12,,,,1,,,,,,,,,
503926,1000117779,110,SDFP-114,504-4888,Flange Half Differential,,PT. Trakindo Utama,Site Adaro,HB,M5153CLT,Striping spyder bores,,4,,,,,1.00012E+12,,,,1,,,,,,,,,
503929,1000117779,140,SDFP-114,504-4888,Flange Half Differential,,PT. Trakindo Utama,Site Adaro,MTS,M5153MTS,Metal spray thrust washer face,,3,,,,,1.00012E+12,,,,1,,,,,,,,,
503923,1000117779,80,SDFP-114,504-4888,Flange Half Differential,,PT. Trakindo Utama,Site Adaro,QC2,M5153QC2,Inspection,,1,,,,,1.00012E+11,,,,1,,,,,,,,,
503917,1000117779,32,SDFP-114,504-4888,Flange Half Differential,,PT. Trakindo Utama,Site Adaro,RD1,M5153RD1,Drill damage Thread,,2,,,,,1.00012E+11,,,,1,,,,,,,,,
512112,1000119587,140,SDFP-115,504-4888,Flange Half Differential,777,PT. Trakindo Utama,Site Adaro,MTS,,Metal spray thrust washer face,,3,,,,,1.00012E+12,,,,1,,,,,,,,,
512113,1000119587,150,SDFP-115,504-4888,Flange Half Differential,777,PT. Trakindo Utama,Site Adaro,MTS,,Metal spray spyder bores,,6,,,,,1.00012E+12,,,,1,,,,,,,,,
512114,1000119587,160,SDFP-115,504-4888,Flange Half Differential,777,PT. Trakindo Utama,Site Adaro,MTS,,Metal spray retainer faces,,6,,,,,1.00012E+12,,,,1,,,,,,,,,
512115,1000119587,170,SDFP-115,504-4888,Flange Half Differential,777,PT. Trakindo Utama,Site Adaro,HBM,,Machining retainer faces,,6,,,,,1.00012E+12,,,,1,,,,,,,,,
512116,1000119587,180,SDFP-115,504-4888,Flange Half Differential,777,PT. Trakindo Utama,Site Adaro,MGN1,,Machining thrust washer face,,4,,,,,1.00012E+12,,,,1,,,,,,,,,
512117,1000119587,190,SDFP-115,504-4888,Flange Half Differential,777,PT. Trakindo Utama,Site Adaro,ASY,,Assembly flange and plain half differential,,1,,,,,1.00012E+12,,,,1,,,,,,,,,
512118,1000119587,200,SDFP-115,504-4888,Flange Half Differential,777,PT. Trakindo Utama,Site Adaro,MGN1,,Machining OD bearing seat,,3,,,,,1.00012E+12,,,,1,,,,,,,,,
512119,1000119587,210,SDFP-115,504-4888,Flange Half Differential,777,PT. Trakindo Utama,Site Adaro,HB,,Machining spyder bores,,8,,,,,1.00012E+12,,,,1,,,,,,,,,
512120,1000119587,220,SDFP-115,504-4888,Flange Half Differential,777,PT. Trakindo Utama,Site Adaro,HB,,Drill dowel holes,,4,,,,,1.00012E+12,,,,1,,,,,,,,,
512121,1000119587,230,SDFP-115,504-4888,Flange Half Differential,777,PT. Trakindo Utama,Site Adaro,ASY,,Install new dowels,,1,,,,,1.00012E+12,,,,1,,,,,,,,,
512122,1000119587,240,SDFP-115,504-4888,Flange Half Differential,777,PT. Trakindo Utama,Site Adaro,HB,,Drill to enlarge bolt holes,,7,,,,,1.00012E+12,,,,1,,,,,,,,,
512123,1000119587,250,SDFP-115,504-4888,Flange Half Differential,777,PT. Trakindo Utama,Site Adaro,HDR,,Handressing ,,1,,,,,1.00012E+12,,,,1,,,,,,,,,
512124,1000119587,260,SDFP-115,504-4888,Flange Half Differential,777,PT. Trakindo Utama,Site Adaro,QC2,,Inspection,,1,,,,,1.00012E+12,,,,1,,,,,,,,,
512105,1000119587,70,SDFP-115,504-4888,Flange Half Differential,777,PT. Trakindo Utama,Site Adaro,MGN1,,Machining end face contact area,,4,,,,,1.00012E+11,,,,1,,,,,,,,,
512104,1000119587,60,SDFP-115,504-4888,Flange Half Differential,777,PT. Trakindo Utama,Site Adaro,WM3,,Weld Crack area,,4,,,,,1.00012E+11,,,,1,,,,,,,,,
512110,1000119587,120,SDFP-115,504-4888,Flange Half Differential,777,PT. Trakindo Utama,Site Adaro,HBM,,Striping retainer faces,,4,,,,,1.00012E+12,,,,1,,,,,,,,,
512111,1000119587,130,SDFP-115,504-4888,Flange Half Differential,777,PT. Trakindo Utama,Site Adaro,MTS,,Metal spray OD bearing seat,,3,,,,,1.00012E+12,,,,1,,,,,,,,,
512109,1000119587,110,SDFP-115,504-4888,Flange Half Differential,777,PT. Trakindo Utama,Site Adaro,HBM,,Striping spyder bores,,4,,,,,1.00012E+12,,,,1,,,,,,,,,
512108,1000119587,100,SDFP-115,504-4888,Flange Half Differential,777,PT. Trakindo Utama,Site Adaro,MGN1,,Striping thrust washer face,,1,,,,,1.00012E+12,,,,1,,,,,,,,,
512107,1000119587,90,SDFP-115,504-4888,Flange Half Differential,777,PT. Trakindo Utama,Site Adaro,MGN1,,Striping OD bearing seat,,1,,,,,1.00012E+11,,,,1,,,,,,,,,
512106,1000119587,80,SDFP-115,504-4888,Flange Half Differential,777,PT. Trakindo Utama,Site Adaro,QC2,,Inspection,,1,,,,,1.00012E+11,,,,1,,,,,,,,,
503947,1000117780,60,SDFP-116,5T-9437,Spider Differential,,PT. Trakindo Utama,Site Adaro,POL1,M5153PL2,Pre polish OD rod prior to chrome,,8,,,,,1.00012E+11,,,,1,,,,,,,,,
503946,1000117780,50,SDFP-116,5T-9437,Spider Differential,,PT. Trakindo Utama,Site Adaro,QC2,M5153QC2,Inspect crack,,1,,,,,1.00012E+11,,,,1,,,,,,,,,
503945,1000117780,40,SDFP-116,5T-9437,Spider Differential,,PT. Trakindo Utama,Site Adaro,MGN1,M5153COR,Machining ex Weld,,12,,,,,1.00012E+11,,,,1,,,,,,,,,
503944,1000117780,30,SDFP-116,5T-9437,Spider Differential,,PT. Trakindo Utama,Site Adaro,WM2,M5153WM2,Tig Weld Dent/Worn Out,,8,,,,,1.00012E+11,,,,1,,,,,,,,,
503948,1000117780,70,SDFP-116,5T-9437,Spider Differential,,PT. Trakindo Utama,Site Adaro,HCP2,M5153CP2,Hardchrome OD Of Rod,,8,,,,,1.00012E+11,,,,1,,,,,,,,,
512864,1000119585,110,SDFP-117,5T-9437,Spider Differential,777,PT. Trakindo Utama,Site Adaro,QC2,,Post Inspect,,1,,,,,1.00012E+12,,,,1,,,,,,,,,
508114,1000121257,30,SDFP-119,,Plain Half Differential,777,PT. Trakindo Utama,Site Adaro,ASY,,Install Dowel,,1,,,,,1.00012E+11,,,,2,,,,,,,,,
508115,1000121257,40,SDFP-119,,Plain Half Differential,777,PT. Trakindo Utama,Site Adaro,QC2,,Final Inspection,,1,,,,,1.00012E+11,,,,2,,,,,,,,,
515478,1000122228,100,STCP-182,-,Housing Torque Converter,-,PT. Hillconjaya Sakti,Kotabaru,MM,M5153GML,Drill holes,,5,,,,,1.00012E+12,0,,,1,,,,,,,,,
507879,1000121258,40,SDFP-120,,Flange Half Differential,773,Trakindo Utama PT.,Adaro,QC2,,Final Inspection,,1,,,,,1.00012E+11,,,,2,,,,,,,,,
507877,1000121258,20,SDFP-120,,Flange Half Differential,773,Trakindo Utama PT.,Adaro,HDR,,Remove ex spray excess,,2,,,,,1.00012E+11,,,,2,,,,,,,,,
507878,1000121258,30,SDFP-120,,Flange Half Differential,773,Trakindo Utama PT.,Adaro,ASY,,Install Dowel,,1,,,,,1.00012E+11,,,,2,,,,,,,,,
515470,1000122228,20,STCP-182,-,Housing Torque Converter,-,PT. Hillconjaya Sakti,Kotabaru,,,Deleted process,,0,,,,,1.00012E+11,0,,,1,,,,,,,,,
514292,1000121910,130,SDFP-132,504-4888,Flange Half Differential,773,Trakindo Utama PT.,Adaro,MTS,,Metal spray thrust washer face,,3,,,,,1.00012E+12,,,,1,,,,,,,,,
514291,1000121910,120,SDFP-132,504-4888,Flange Half Differential,773,Trakindo Utama PT.,Adaro,BLS,,Blasting,,1,,,,,1.00012E+12,,,,1,,,,,,,,,
514289,1000121910,100,SDFP-132,504-4888,Flange Half Differential,773,Trakindo Utama PT.,Adaro,BLS,,Blasting,,1,,,,,1.00012E+12,,,,1,,,,,,,,,
514283,1000121910,40,SDFP-132,504-4888,Flange Half Differential,773,Trakindo Utama PT.,Adaro,WM2,,Weld worn out area,,6,,,,,1.00012E+11,,,,1,,,,,,,,,
514288,1000121910,90,SDFP-132,504-4888,Flange Half Differential,773,Trakindo Utama PT.,Adaro,QC2,,Check crack,,1,,,,,1.00012E+11,,,,1,,,,,,,,,
514287,1000121910,80,SDFP-132,504-4888,Flange Half Differential,773,Trakindo Utama PT.,Adaro,MGN1,,Striping thrust washer face,,1,,,,,1.00012E+11,,,,1,,,,,,,,,
514295,1000121910,160,SDFP-132,504-4888,Flange Half Differential,773,Trakindo Utama PT.,Adaro,HB,,Machining spyder bores,,12,,,,,1.00012E+12,,,,1,,,,,,,,,
514290,1000121910,110,SDFP-132,504-4888,Flange Half Differential,773,Trakindo Utama PT.,Adaro,MTS,,Metal spray OD bearing seat,,3,,,FINISH,12/4/2025,1.00012E+12,,,,1,,,,,,,,,
514296,1000121910,170,SDFP-132,504-4888,Flange Half Differential,773,Trakindo Utama PT.,Adaro,HB,,Drill dowel holes,,4,,,,,1.00012E+12,,,,1,,,,,,,,,
514297,1000121910,180,SDFP-132,504-4888,Flange Half Differential,773,Trakindo Utama PT.,Adaro,ASY,,Install new dowels,,2,,,,,1.00012E+12,,,,1,,,,,,,,,
514279,1000121911,190,SDFP-133,,Plain Half Differential,773,PT. Trakindo Utama,Site Adaro,QC2,,Inspection,,1,,,,,1.00012E+12,,,,1,,,,,,,,,
514277,1000121911,170,SDFP-133,,Plain Half Differential,773,PT. Trakindo Utama,Site Adaro,ASY,,Install new dowels,,2,,,,,1.00012E+12,,,,1,,,,,,,,,
514276,1000121911,160,SDFP-133,,Plain Half Differential,773,PT. Trakindo Utama,Site Adaro,HB,,Drill dowel holes,,4,,,,,1.00012E+12,,,,1,,,,,,,,,
514275,1000121911,150,SDFP-133,,Plain Half Differential,773,PT. Trakindo Utama,Site Adaro,HB,,Machining spyder bores,,12,,,,,1.00012E+12,,,,1,,,,,,,,,
514274,1000121911,140,SDFP-133,,Plain Half Differential,773,PT. Trakindo Utama,Site Adaro,MGN1,,Machining OD bearing seat,,3,,,,,1.00012E+12,,,,1,,,,,,,,,
514272,1000121911,120,SDFP-133,,Plain Half Differential,773,PT. Trakindo Utama,Site Adaro,MTS,,Metal spray thrust washer face,,3,,,,,1.00012E+12,,,,1,,,,,,,,,
514271,1000121911,110,SDFP-133,,Plain Half Differential,773,PT. Trakindo Utama,Site Adaro,BLS,,Blasting,,1,,,,,1.00012E+12,,,,1,,,,,,,,,
515969,1000122409,20,SHCP-332,178-9603,Ripper Mounting Pin,D10,PT. Cipta Kridatama,Site BIB,SYG,M5153COR,Striping OD,,1,,,,,1.00012E+11,0,,,1,,,,,,,,,
515970,1000122409,30,SHCP-332,178-9603,Ripper Mounting Pin,D10,PT. Cipta Kridatama,Site BIB,WM3,M5153WM3,Welding OD,,3,,,,,1.00012E+11,0,,,1,,,,,,,,,
515971,1000122409,40,SHCP-332,178-9603,Ripper Mounting Pin,D10,PT. Cipta Kridatama,Site BIB,SYG,M5153COR,Machining OD,,2,,,,,1.00012E+11,0,,,1,,,,,,,,,
515972,1000122409,50,SHCP-332,178-9603,Ripper Mounting Pin,D10,PT. Cipta Kridatama,Site BIB,POL2,M5153PL2,Final Polish OD ,,1,,,,,1.00012E+11,0,,,1,,,,,,,,,
515973,1000122409,60,SHCP-332,178-9603,Ripper Mounting Pin,D10,PT. Cipta Kridatama,Site BIB,HDR,M5153HDR,Handressing,,1,,,,,1.00012E+11,0,,,1,,,,,,,,,
515974,1000122409,70,SHCP-332,178-9603,Ripper Mounting Pin,D10,PT. Cipta Kridatama,Site BIB,QC2,M5153QC2,Inspection,,1,,,,,1.00012E+11,0,,,1,,,,,,,,,
418542,1000080529,91,SDFP-16,,Carrier Differential,,PT. Cipta Kridatama,Site TIA,MTS,M5153MTS,Metal Spray flange face contact,,4,,,,,1.00008E+11,,,,1,,,,,,,,,
515975,1000119680,20,SUCG-268,496-3001,Support Recoil Spring,345,Cipta Kridatama PT.,BIB,WM3,M5153WM3,Remove Crack,,2,,,,,1.00012E+11,0,,,1,,,,,,,,,
515976,1000119680,30,SUCG-268,496-3001,Support Recoil Spring,345,Cipta Kridatama PT.,BIB,WM3,M5153WM3,Welding Crack,,4,,,,,1.00012E+11,0,,,1,,,,,,,,,
515977,1000119680,40,SUCG-268,496-3001,Support Recoil Spring,345,Cipta Kridatama PT.,BIB,SYG,M5153COR,Skim ex Welding Crack,,2,,,,,1.00012E+11,0,,,1,,,,,,,,,
515978,1000119680,50,SUCG-268,496-3001,Support Recoil Spring,345,Cipta Kridatama PT.,BIB,HDR,M5153HDR,Handressing,,2,,,,,1.00012E+11,0,,,1,,,,,,,,,
515979,1000119680,60,SUCG-268,496-3001,Support Recoil Spring,345,Cipta Kridatama PT.,BIB,QC2,M5153QC2,Final Inspection,,1,,,,,1.00012E+11,0,,,1,,,,,,,,,
418543,1000080529,99,SDFP-16,,Carrier Differential,,PT. Cipta Kridatama,Site TIA,HB,M5153CLT,Setting before machine,,1,,,,,1.00008E+11,,,,1,,,,,,,,,
515980,1000119681,10,SUCG-268,528-7391,Piston As Recoil Spring,345,Cipta Kridatama PT.,BIB,,,Start Fabrication,,0,,,,,1.00012E+11,0,,,2,,,,,,,,,
515981,1000119681,20,SUCG-268,528-7391,Piston As Recoil Spring,345,Cipta Kridatama PT.,BIB,SYG,M5153COR,Strip OD Piston ,,2,,,,,1.00012E+11,0,,,2,,,,,,,,,
515982,1000119681,30,SUCG-268,528-7391,Piston As Recoil Spring,345,Cipta Kridatama PT.,BIB,SAW,M5153SW1,Weld Build Up OD Piston ,,4,,,,,1.00012E+11,0,,,2,,,,,,,,,
515983,1000119681,40,SUCG-268,528-7391,Piston As Recoil Spring,345,Cipta Kridatama PT.,BIB,SYG,M5153COR,Final Machine OD Piston ,,4,,,,,1.00012E+11,0,,,2,,,,,,,,,
418517,1000080529,27,SDFP-16,,Carrier Differential,,PT. Cipta Kridatama,Site TIA,WM3,M5153WM3,Check Cracks,,1,,,,,1.00008E+11,,,,1,,,,,,,,,
515984,1000119682,10,SUCG-268,496-3003,Housing as Recoil Spring,345,Cipta Kridatama PT.,BIB,,,Start Fabrication,,0,,,,,1.00012E+11,0,,,3,,,,,,,,,
515985,1000119682,20,SUCG-268,496-3003,Housing as Recoil Spring,345,Cipta Kridatama PT.,BIB,PPC,,Order material Sleeve,,0,,,,,1.00012E+11,0,,,3,,"Aisi 1026  ID 85, OD 105, L 225",,,,,,,
515986,1000119682,30,SUCG-268,496-3003,Housing as Recoil Spring,345,Cipta Kridatama PT.,BIB,BSW,M5153BSW,Cut material Sleeve,,1,,,,,1.00012E+11,0,,,3,,,,,,,,,
515987,1000119682,40,SUCG-268,496-3003,Housing as Recoil Spring,345,Cipta Kridatama PT.,BIB,SYG,M5153COR,Manufacture Sleeve,,4,,,,,1.00012E+11,0,,,3,,,,,,,,,
515988,1000119682,50,SUCG-268,496-3003,Housing as Recoil Spring,345,Cipta Kridatama PT.,BIB,HB,M5153CLT,Strip ID Housing,,2,,,,,1.00012E+11,0,,,3,,,,,,,,,
515989,1000119682,60,SUCG-268,496-3003,Housing as Recoil Spring,345,Cipta Kridatama PT.,BIB,HB,M5153CLT,Strip ID Lip Seal Seat,,0.5,,,,,1.00012E+11,0,,,3,,,,,,,,,
515990,1000119682,70,SUCG-268,496-3003,Housing as Recoil Spring,345,Cipta Kridatama PT.,BIB,ASY,M5153ASY,Install Sleeve,,1,,,,,1.00012E+11,0,,,3,,,,,,,,,
515991,1000119682,80,SUCG-268,496-3003,Housing as Recoil Spring,345,Cipta Kridatama PT.,BIB,WM1,M5153WM1,Weld ID Lip Seal Seat,,2,,,,,1.00012E+11,0,,,3,,,,,,,,,
515992,1000119682,90,SUCG-268,496-3003,Housing as Recoil Spring,345,Cipta Kridatama PT.,BIB,SYG,M5153COR,Machine ID Housing,,3,,,,,1.00012E+11,0,,,3,,,,,,,,,
418549,1000080529,107,SDFP-16,,Carrier Differential,,PT. Cipta Kridatama,Site TIA,ASY,M5153ASY,Reinstall Cap Bearing 1,,1,,,,,1.00008E+12,,,,1,,,,,,,,,
515993,1000122225,20,SUCG-280,496-3003,Housing as Recoil Spring,345,Cipta Kridatama PT.,BMB,PPC,,Order Material ,,0,,,,,1.00012E+11,0,,,2,,,,,,,,,
515994,1000122225,30,SUCG-280,496-3003,Housing as Recoil Spring,345,Cipta Kridatama PT.,BMB,BSW,M5153BSW,Cut material Sleeve,,1,,,,,1.00012E+11,0,,,2,,,,,,,,,
515995,1000122225,40,SUCG-280,496-3003,Housing as Recoil Spring,345,Cipta Kridatama PT.,BMB,SYG,M5153COR,Manufacture Sleeve,,8,,,,,1.00012E+11,0,,,2,,,,,,,,,
515996,1000122225,50,SUCG-280,496-3003,Housing as Recoil Spring,345,Cipta Kridatama PT.,BMB,HB,M5153CLT,Strip ID Housing,,4,,,,,1.00012E+11,0,,,2,,,,,,,,,
515997,1000122225,60,SUCG-280,496-3003,Housing as Recoil Spring,345,Cipta Kridatama PT.,BMB,HB,M5153CLT,Strip ID Lip Seal Seat,,1,,,,,1.00012E+11,0,,,2,,,,,,,,,
515998,1000122225,70,SUCG-280,496-3003,Housing as Recoil Spring,345,Cipta Kridatama PT.,BMB,ASY,M5153ASY,Install Sleeve,,4,,,,,1.00012E+11,0,,,2,,,,,,,,,
515999,1000122225,80,SUCG-280,496-3003,Housing as Recoil Spring,345,Cipta Kridatama PT.,BMB,WM1,M5153WM1,Weld ID Lip Seal Seat,,2,,,,,1.00012E+11,0,,,2,,,,,,,,,
515499,1000122225,90,SUCG-280,496-3003,Housing as Recoil Spring,345,Cipta Kridatama PT.,BMB,WM1,M5153WM1,Weld ID Housing,,2,,,,,1.00012E+11,0,,,2,,,,,,,,,
515502,1000122225,120,SUCG-280,496-3003,Housing as Recoil Spring,345,Cipta Kridatama PT.,BMB,HM,M5153HM1,Hone ID housing,,8,,,,,1.00012E+12,0,,,2,,,,,,,,,
509789,1000119743,30,SWRP-726,,Carrier Planetary,777,Cipta Kridatama PT.,BMB,BSW,,Cut Material ,,3,,,,,1.00012E+11,,,,1,,,,,,,,,
418550,1000080529,108,SDFP-16,,Carrier Differential,,PT. Cipta Kridatama,Site TIA,ASY,M5153ASY,Reinstall Cap Bearing 2,,1,,,,,1.00008E+12,,,,1,,,,,,,,,
516000,1000122242,20,SUCG-280,496-2993,Shaft Recoil Spring,345,Cipta Kridatama PT.,BMB,SYG,M5153COR,Striping OD Thread,,1,,,,,1.00012E+11,0,,,3,,,,,,,,,
418528,1000080529,67,SDFP-16,,Carrier Differential,,PT. Cipta Kridatama,Site TIA,BLS,M5153BLS,Cleaning,,1,,,,,1.00008E+11,,,,1,,,,,,,,,
516001,1000122241,20,SUCG-280,496-2993,Flange Recoil Spring,345,Cipta Kridatama PT.,BMB,WM2,M5153WM2,Weld worn out area,,1,,,,,1.00012E+11,0,,,4,,,,,,,,,
516002,1000122241,30,SUCG-280,496-2993,Flange Recoil Spring,345,Cipta Kridatama PT.,BMB,MM,M5153GML,Skim ex TIG weld,,1,,,,,1.00012E+11,0,,,4,,,,,,,,,
516003,1000122241,40,SUCG-280,496-2993,Flange Recoil Spring,345,Cipta Kridatama PT.,BMB,HDR,M5153HDR,Handressing,,1,,,,,1.00012E+11,0,,,4,,,,,,,,,
516004,1000122241,50,SUCG-280,496-2993,Flange Recoil Spring,345,Cipta Kridatama PT.,BMB,QC2,M5153QC2,Final Inspection,,1,,,,,1.00012E+11,0,,,4,,,,,,,,,
418520,1000080529,38,SDFP-16,,Carrier Differential,,PT. Cipta Kridatama,Site TIA,ASY,M5153ASY,Install Cap Bearing 2,,1,,,,,1.00008E+11,,,,1,,,,,,,,,
418524,1000080529,59,SDFP-16,,Carrier Differential,,PT. Cipta Kridatama,Site TIA,HB,M5153CLT,Setting before machine,,1,,,,,1.00008E+11,,,,1,,,,,,,,,
516006,1000122220,20,SUCG-280,496-2993,Piston As Recoil Spring,345,Cipta Kridatama PT.,BMB,PPC,,Replace New Part,,0,,,,,1.00012E+11,0,,,6,,,,,,,,,
418526,1000080529,61,SDFP-16,,Carrier Differential,,PT. Cipta Kridatama,Site TIA,VTL,M5153VTL,Strip flange face contact,,2,,,,,1.00008E+11,,,,1,,,,,,,,,
418527,1000080529,66,SDFP-16,,Carrier Differential,,PT. Cipta Kridatama,Site TIA,QC2,M5153QC2,Check crack ,,1,,,,,1.00008E+11,,,,1,,,,,,,,,
418519,1000080529,37,SDFP-16,,Carrier Differential,,PT. Cipta Kridatama,Site TIA,ASY,M5153ASY,Install Cap Bearing 1,,1,,,,,1.00008E+11,,,,1,,,,,,,,,
418516,1000080529,26,SDFP-16,,Carrier Differential,,PT. Cipta Kridatama,Site TIA,HDR,M5153HDR,Peening and handgrinding after weld,,0.25,,,,,1.00008E+11,,,,1,,,,,,,,,
418529,1000080529,68,SDFP-16,,Carrier Differential,,PT. Cipta Kridatama,Site TIA,BLS,M5153BLS,Masking,,1,,,,,1.00008E+11,,,,1,,,,,,,,,
418530,1000080529,69,SDFP-16,,Carrier Differential,,PT. Cipta Kridatama,Site TIA,BLS,M5153BLS,Blasting,,1,,,,,1.00008E+11,,,,1,,,,,,,,,
418514,1000080529,24,SDFP-16,,Carrier Differential,,PT. Cipta Kridatama,Site TIA,WM3,M5153WM3,Pre Heat before weld,,0.25,,,,,1.00008E+11,,,,1,,,,,,,,,
418513,1000080529,23,SDFP-16,,Carrier Differential,,PT. Cipta Kridatama,Site TIA,HDR,M5153HDR,Cleaning handgrinding before weld,,0.25,,,,,1.00008E+11,,,,1,,,,,,,,,
423218,1000083842,59,SDFP-16,,Carrier Differential,,PT. Cipta Kridatama,Site TIA,HB,M5153CLT,Setting before machine,,1,,,,,1.00008E+11,,,,2,,,,,,,,,
423226,1000083842,80,SDFP-16,,Carrier Differential,,PT. Cipta Kridatama,Site TIA,MTS,M5153MTS,Metal Spray ID Bearing Seat 2,,6,,,,,1.00008E+11,,,,2,,,,,,,,,
423227,1000083842,90,SDFP-16,,Carrier Differential,,PT. Cipta Kridatama,Site TIA,MTS,M5153MTS,Metal Spray Bearing Seat 3,,4,,,,,1.00008E+11,,,,2,,,,,,,,,
423228,1000083842,91,SDFP-16,,Carrier Differential,,PT. Cipta Kridatama,Site TIA,MTS,M5153MTS,Metal Spray flange face contact,,4,,,,,1.00008E+11,,,,2,,,,,,,,,
423229,1000083842,99,SDFP-16,,Carrier Differential,,PT. Cipta Kridatama,Site TIA,HB,M5153CLT,Setting before machine,,1,,,,,1.00008E+11,,,,2,,,,,,,,,
423230,1000083842,100,SDFP-16,,Carrier Differential,,PT. Cipta Kridatama,Site TIA,HB,M5153CLT,Machining remove excessive spray material,,6,,,,,1.00008E+12,,,,2,,,,,,,,,
423231,1000083842,107,SDFP-16,,Carrier Differential,,PT. Cipta Kridatama,Site TIA,ASY,M5153ASY,Reinstall Cap Bearing 1,,1,,,,,1.00008E+12,,,,2,,,,,,,,,
423232,1000083842,108,SDFP-16,,Carrier Differential,,PT. Cipta Kridatama,Site TIA,ASY,M5153ASY,Reinstall Cap Bearing 2,,1,,,,,1.00008E+12,,,,2,,,,,,,,,
423233,1000083842,109,SDFP-16,,Carrier Differential,,PT. Cipta Kridatama,Site TIA,HB,M5153CLT,Setting before machine,,1,,,,,1.00008E+12,,,,2,,,,,,,,,
423234,1000083842,110,SDFP-16,,Carrier Differential,,PT. Cipta Kridatama,Site TIA,HB,M5153CLT,Machining Bearing Seat 1,,6,,,,,1.00008E+12,,,,2,,,,,,,,,
423213,1000083842,37,SDFP-16,,Carrier Differential,,PT. Cipta Kridatama,Site TIA,ASY,M5153ASY,Install Cap Bearing 1,,1,,,,,1.00008E+11,,,,2,,,,,,,,,
423235,1000083842,120,SDFP-16,,Carrier Differential,,PT. Cipta Kridatama,Site TIA,HB,M5153CLT,Machining Bearing Seat 2,,6,,,,,1.00008E+12,,,,2,,,,,,,,,
423212,1000083842,30,SDFP-16,,Carrier Differential,,PT. Cipta Kridatama,Site TIA,VTL,M5153VTL,Skim freetings at retainer surface area,,2,,,,,1.00008E+11,,,,2,,,,,,,,,
423211,1000083842,27,SDFP-16,,Carrier Differential,,PT. Cipta Kridatama,Site TIA,WM3,M5153WM3,Check Cracks,,1,,,,,1.00008E+11,,,,2,,,,,,,,,
423210,1000083842,26,SDFP-16,,Carrier Differential,,PT. Cipta Kridatama,Site TIA,HDR,M5153HDR,Peening and handgrinding after weld,,0.3,,,,,1.00008E+11,,,,2,,,,,,,,,
423209,1000083842,25,SDFP-16,,Carrier Differential,,PT. Cipta Kridatama,Site TIA,WM3,M5153WM3,Weld freetings at retainer surface area,,1,,,,,1.00008E+11,,,,2,,,,,,,,,
423208,1000083842,24,SDFP-16,,Carrier Differential,,PT. Cipta Kridatama,Site TIA,WM3,M5153WM3,Pre Heat before weld,,0.3,,,,,1.00008E+11,,,,2,,,,,,,,,
423207,1000083842,23,SDFP-16,,Carrier Differential,,PT. Cipta Kridatama,Site TIA,HDR,M5153HDR,Cleaning handgrinding before weld,,0.3,,,,,1.00008E+11,,,,2,,,,,,,,,
423214,1000083842,38,SDFP-16,,Carrier Differential,,PT. Cipta Kridatama,Site TIA,ASY,M5153ASY,Install Cap Bearing 2,,1,,,,,1.00008E+11,,,,2,,,,,,,,,
516007,1000122226,20,SUCG-280,496-2993,Spring Recoil Spring,345,Cipta Kridatama PT.,BMB,HDR,M5153HDR,Handressing,,1,,,,,1.00012E+11,0,,,7,,,,,,,,,
423215,1000083842,39,SDFP-16,,Carrier Differential,,PT. Cipta Kridatama,Site TIA,HB,M5153CLT,Setting before machine,,1,,,,,1.00008E+11,,,,2,,,,,,,,,
423216,1000083842,40,SDFP-16,,Carrier Differential,,PT. Cipta Kridatama,Site TIA,HB,M5153CLT,Strip ID Bearing seat 1,,1.5,,,,,1.00008E+11,,,,2,,,,,,,,,
423217,1000083842,50,SDFP-16,,Carrier Differential,,PT. Cipta Kridatama,Site TIA,HB,M5153CLT,Strip ID Bearing Seat 2,,1.5,,,,,1.00008E+11,,,,2,,,,,,,,,
423236,1000083842,130,SDFP-16,,Carrier Differential,,PT. Cipta Kridatama,Site TIA,HB,M5153CLT,Machining Bearing Seat 3,,4,,,,,1.00008E+12,,,,2,,,,,,,,,
423237,1000083842,131,SDFP-16,,Carrier Differential,,PT. Cipta Kridatama,Site TIA,HB,M5153CLT,Machining flange face contact,,4,,,,,1.00008E+12,,,,2,,,,,,,,,
516008,1000122226,30,SUCG-280,496-2993,Spring Recoil Spring,345,Cipta Kridatama PT.,BMB,QC2,M5153QC2,Final Inspection,,1,,,,,1.00012E+11,0,,,7,,,,,,,,,
423238,1000083842,140,SDFP-16,,Carrier Differential,,PT. Cipta Kridatama,Site TIA,HB,M5153CLT,Inspection Check Alignment and Perpendicular,,4,,,,,1.00008E+12,,,,2,,,,,,,,,
423224,1000083842,69,SDFP-16,,Carrier Differential,,PT. Cipta Kridatama,Site TIA,BLS,M5153BLS,Blasting,,1,,,,,1.00008E+11,,,,2,,,,,,,,,
423223,1000083842,68,SDFP-16,,Carrier Differential,,PT. Cipta Kridatama,Site TIA,BLS,M5153BLS,Masking,,1,,,,,1.00008E+11,,,,2,,,,,,,,,
423222,1000083842,67,SDFP-16,,Carrier Differential,,PT. Cipta Kridatama,Site TIA,BLS,M5153BLS,Cleaning,,1,,,,,1.00008E+11,,,,2,,,,,,,,,
423221,1000083842,66,SDFP-16,,Carrier Differential,,PT. Cipta Kridatama,Site TIA,QC2,M5153QC2,Check crack ,,1,,,,,1.00008E+11,,,,2,,,,,,,,,
423239,1000083842,150,SDFP-16,,Carrier Differential,,PT. Cipta Kridatama,Site TIA,HDR,M5153HDR,Deburr after machining process,,1,,,,,1.00008E+12,,,,2,,,,,,,,,
423240,1000083842,160,SDFP-16,,Carrier Differential,,PT. Cipta Kridatama,Site TIA,QC2,M5153QC2,Final Inspection,,1,,,,,1.00008E+12,,,,2,,,,,,,,,
423225,1000083842,70,SDFP-16,,Carrier Differential,,PT. Cipta Kridatama,Site TIA,MTS,M5153MTS,Metal Spray ID Bearing seat 1,,6,,,,,1.00008E+11,,,,2,,,,,,,,,
423219,1000083842,60,SDFP-16,,Carrier Differential,,PT. Cipta Kridatama,Site TIA,VTL,M5153VTL,Strip ID Bearing Seat 3,,2,,,,,1.00008E+11,,,,2,,,,,,,,,
423220,1000083842,61,SDFP-16,,Carrier Differential,,PT. Cipta Kridatama,Site TIA,VTL,M5153VTL,Strip flange face contact,,2,,,,,1.00008E+11,,,,2,,,,,,,,,
418843,1000081074,5,SDFP-21,347-8616,Housing Torque Converter,,PT. Cipta Kridatama,Site BIB,PPC,,Order Original Sleeve,,0,,,,,10000810745,,,,1,,,,,,,,,
422704,1000083692,390,SDFP-28,504-4889,Flange Half Differential,,PT. Trakindo Utama,Tanjung Adaro,MGN1,M5153COR,Seting before machining,,0.5,,,,,1.00008E+12,,,,1,,,,,,,,,
422714,1000083692,510,SDFP-28,504-4889,Flange Half Differential,,PT. Trakindo Utama,Tanjung Adaro,QC2,M5153QC2,Inspection,,0.5,,,,,1.00008E+12,,,,1,,,,,,,,,
422713,1000083692,500,SDFP-28,504-4889,Flange Half Differential,,PT. Trakindo Utama,Tanjung Adaro,HDR,M5153HDR,Handressing ,,0.5,,,,,1.00008E+12,,,,1,,,,,,,,,
422712,1000083692,470,SDFP-28,504-4889,Flange Half Differential,,PT. Trakindo Utama,Tanjung Adaro,ASY,M5153ASY,Install new dowels,,1.5,,,,,1.00008E+12,,,,1,,,,,,,,,
516009,1000122219,20,SUCG-280,496-2993,Support Recoil Spring,345,Cipta Kridatama PT.,BMB,PPC,,Replace New Part,,0,,,,,1.00012E+11,0,,,8,,,,,,,,,
422711,1000083692,460,SDFP-28,504-4889,Flange Half Differential,,PT. Trakindo Utama,Tanjung Adaro,HB,M5153CLT,Drill dowel holes,,3,,,,,1.00008E+12,,,,1,,,,,,,,,
422710,1000083692,450,SDFP-28,504-4889,Flange Half Differential,,PT. Trakindo Utama,Tanjung Adaro,HB,M5153CLT,Machining spyder bores,,8,,,,,1.00008E+12,,,,1,,,,,,,,,
422709,1000083692,440,SDFP-28,504-4889,Flange Half Differential,,PT. Trakindo Utama,Tanjung Adaro,HB,M5153CLT,Seting before machining,,2,,,,,1.00008E+12,,,,1,,,,,,,,,
422708,1000083692,430,SDFP-28,504-4889,Flange Half Differential,,PT. Trakindo Utama,Tanjung Adaro,MGN1,M5153COR,Machining OD bearing seat,,2,,,,,1.00008E+12,,,,1,,,,,,,,,
422707,1000083692,420,SDFP-28,504-4889,Flange Half Differential,,PT. Trakindo Utama,Tanjung Adaro,MGN1,M5153COR,Seting before machining,,0.5,,,,,1.00008E+12,,,,1,,,,,,,,,
422706,1000083692,410,SDFP-28,504-4889,Flange Half Differential,,PT. Trakindo Utama,Tanjung Adaro,ASY,M5153ASY,Assembly flange and plain half differential,,1,,,,,1.00008E+12,,,,1,,,,,,,,,
422705,1000083692,400,SDFP-28,504-4889,Flange Half Differential,,PT. Trakindo Utama,Tanjung Adaro,MGN1,M5153COR,Machining thrust washer face,,2,,,,,1.00008E+12,,,,1,,,,,,,,,
422695,1000083692,180,SDFP-28,504-4889,Flange Half Differential,,PT. Trakindo Utama,Tanjung Adaro,BLS,M5153BLS,Masking,,0.5,,,,,1.00008E+12,,,,1,,,,,,,,,
422703,1000083692,260,SDFP-28,504-4889,Flange Half Differential,,PT. Trakindo Utama,Tanjung Adaro,MTS,M5153MTS,Metal spray thrust washer face,,1.5,,,,,1.00008E+12,,,,1,,,,,,,,,
422691,1000083692,110,SDFP-28,504-4889,Flange Half Differential,,PT. Trakindo Utama,Tanjung Adaro,MGN1,M5153COR,Seting before striping,,0.5,,,,,1.00008E+12,,,,1,,,,,,,,,
422690,1000083692,100,SDFP-28,504-4889,Flange Half Differential,,PT. Trakindo Utama,Tanjung Adaro,MGN1,M5153COR,Striping OD bearing seat,,0.5,,,,,1.00008E+12,,,,1,,,,,,,,,
422689,1000083692,90,SDFP-28,504-4889,Flange Half Differential,,PT. Trakindo Utama,Tanjung Adaro,MGN1,M5153COR,Seting before striping,,0.5,,,,,1.00008E+11,,,,1,,,,,,,,,
422688,1000083692,80,SDFP-28,504-4889,Flange Half Differential,,PT. Trakindo Utama,Tanjung Adaro,QC2,M5153QC2,Inspection,,1,,,,,1.00008E+11,,,,1,,,,,,,,,
422687,1000083692,70,SDFP-28,504-4889,Flange Half Differential,,PT. Trakindo Utama,Tanjung Adaro,MGN1,M5153COR,Machining end face contact area,,4,,,,,1.00008E+11,,,,1,,,,,,,,,
422686,1000083692,60,SDFP-28,504-4889,Flange Half Differential,,PT. Trakindo Utama,Tanjung Adaro,WM3,M5153WM3,Pinning / Grinding,,2,,,,,1.00008E+11,,,,1,,,,,,,,,
422685,1000083692,50,SDFP-28,504-4889,Flange Half Differential,,PT. Trakindo Utama,Tanjung Adaro,WM3,M5153WM3,Weld worn out area,,4,,,,,1.00008E+11,,,,1,,,,,,,,,
422684,1000083692,40,SDFP-28,504-4889,Flange Half Differential,,PT. Trakindo Utama,Tanjung Adaro,WM3,M5153WM3,Pre heat,,2,,,,,1.00008E+11,,,,1,,,,,,,,,
422683,1000083692,30,SDFP-28,504-4889,Flange Half Differential,,PT. Trakindo Utama,Tanjung Adaro,WM3,M5153WM3,Cleaning ,,2,,,,,1.00008E+11,,,,1,,,,,,,,,
422681,1000083692,11,SDFP-28,504-4889,Flange Half Differential,,PT. Trakindo Utama,Tanjung Adaro,DIS,M5153DIS,Remove Bearing,,1,,,,,1.00008E+11,,,,1,,,,,,,,,
422680,1000083692,10,SDFP-28,504-4889,Flange Half Differential,,PT. Trakindo Utama,Tanjung Adaro,DIS,M5153DIS,Remove dowel,,2,,,,,1.00008E+11,,,,1,,,,,,,,,
422702,1000083692,250,SDFP-28,504-4889,Flange Half Differential,,PT. Trakindo Utama,Tanjung Adaro,MTS,M5153MTS,Seting before spray,,0.25,,,,,1.00008E+12,,,,1,,,,,,,,,
422701,1000083692,240,SDFP-28,504-4889,Flange Half Differential,,PT. Trakindo Utama,Tanjung Adaro,BLS,M5153BLS,Blasting,,0.3,,,,,1.00008E+12,,,,1,,,,,,,,,
422700,1000083692,230,SDFP-28,504-4889,Flange Half Differential,,PT. Trakindo Utama,Tanjung Adaro,BLS,M5153BLS,Masking,,0.5,,,,,1.00008E+12,,,,1,,,,,,,,,
422699,1000083692,220,SDFP-28,504-4889,Flange Half Differential,,PT. Trakindo Utama,Tanjung Adaro,BLS,M5153BLS,Cleaning / burning / pre heat,,0.3,,,,,1.00008E+12,,,,1,,,,,,,,,
422698,1000083692,210,SDFP-28,504-4889,Flange Half Differential,,PT. Trakindo Utama,Tanjung Adaro,MTS,M5153MTS,Metal spray OD bearing seat,,1.5,,,,,1.00008E+12,,,,1,,,,,,,,,
422697,1000083692,200,SDFP-28,504-4889,Flange Half Differential,,PT. Trakindo Utama,Tanjung Adaro,MTS,M5153MTS,Seting before spray,,0.25,,,,,1.00008E+12,,,,1,,,,,,,,,
422696,1000083692,190,SDFP-28,504-4889,Flange Half Differential,,PT. Trakindo Utama,Tanjung Adaro,BLS,M5153BLS,Blasting,,0.3,,,,,1.00008E+12,,,,1,,,,,,,,,
516010,1000122421,20,SUCP-157,-,Tracklink (86 Pcs) ,PC2000,PT. Putra Perkasa Abadi ,Site BIB,WM3,,Diss Assembly Link and Track Pad Shoe RH&LH,,50,,,,,1.00012E+11,0,,,1,,Remove 344 Bolt 86 link @4 bolt,,,,,,,
516011,1000122421,30,SUCP-157,-,Tracklink (86 Pcs) ,PC2000,PT. Putra Perkasa Abadi ,Site BIB,ASY,,Assembly Pad shoe To New Link Rol 1 RH ,,20,,,,,1.00012E+11,0,,,1,,( 11 Pcs ),,,,,,,
516012,1000122421,40,SUCP-157,-,Tracklink (86 Pcs) ,PC2000,PT. Putra Perkasa Abadi ,Site BIB,ASY,,Assembly Pad shoe To New Link Rol 2 RH ,,25,,,,,1.00012E+11,0,,,1,,( 15 Pcs ),,,,,,,
516013,1000122421,50,SUCP-157,-,Tracklink (86 Pcs) ,PC2000,PT. Putra Perkasa Abadi ,Site BIB,ASY,,Assembly Pad shoe To New Link Rol 3  LH,,25,,,,,1.00012E+11,0,,,1,, ( 15 Pcs ),,,,,,,
516014,1000122421,60,SUCP-157,-,Tracklink (86 Pcs) ,PC2000,PT. Putra Perkasa Abadi ,Site BIB,ASY,,Assembly Pad shoe To New Link Rol 4 LH,,25,,,,,1.00012E+11,0,,,1,, ( 15 Pcs ),,,,,,,
516015,1000122421,70,SUCP-157,-,Tracklink (86 Pcs) ,PC2000,PT. Putra Perkasa Abadi ,Site BIB,ASY,,Assembly Pad shoe To New Link Rol 5  RH,,25,,,,,1.00012E+11,0,,,1,, ( 15 Pcs ),,,,,,,
516016,1000122421,80,SUCP-157,-,Tracklink (86 Pcs) ,PC2000,PT. Putra Perkasa Abadi ,Site BIB,ASY,,Assembly Pad shoe To New Link Rol 6 LH,,25,,,,,1.00012E+11,0,,,1,, ( 15 Pcs ),,,,,,,
422692,1000083692,120,SDFP-28,504-4889,Flange Half Differential,,PT. Trakindo Utama,Tanjung Adaro,MGN1,M5153COR,Striping thrust washer face,,0.5,,,,,1.00008E+12,,,,1,,,,,,,,,
516017,1000122420,20,SFRM-790,185-4306 ,WASHER-SPEC,745,PT Trakindo Utama ,Batulicin,PPC,,Order Material,,0,,,,,1.00012E+11,0,,,1,,2X BIS80 (OD=125 T=50),,,,,,,
516018,1000122420,30,SFRM-790,185-4306 ,WASHER-SPEC,745,PT Trakindo Utama ,Batulicin,PRM2,,Cut Material,,2,,,,,1.00012E+11,0,,,1,,,,,,,,,
516019,1000122420,40,SFRM-790,185-4306 ,WASHER-SPEC,745,PT Trakindo Utama ,Batulicin,SYG,,Machining Profile Inner Tube As,,10,,,,,1.00012E+11,0,,,1,,2X BIS80 (OD=116 ID=21 T=40),,,,,,,
516020,1000122420,50,SFRM-790,185-4306 ,WASHER-SPEC,745,PT Trakindo Utama ,Batulicin,RD,,Drill and Tap Thread Hole,,2,,,,,1.00012E+11,0,,,1,,Refer to Draiwng No 4-1492,,,,,,,
516021,1000122420,60,SFRM-790,185-4306 ,WASHER-SPEC,745,PT Trakindo Utama ,Batulicin,HDR,,Handressing,,1,,,,,1.00012E+11,0,,,1,,,,,,,,,
516022,1000122420,70,SFRM-790,185-4306 ,WASHER-SPEC,745,PT Trakindo Utama ,Batulicin,QC2,,Final Inspection,,1,,,,,1.00012E+11,0,,,1,,,,,,,,,
514813,1000121500,90,SHSP-494,,Housing Rear Suspension,773,Cipta Kridatama,Site TIA,MGN1,,Machining profile joint eye,,2.5,,,FINISH,12/16/2025,1.00012E+11,,,,1,,,,,,,,,
422694,1000083692,170,SDFP-28,504-4889,Flange Half Differential,,PT. Trakindo Utama,Tanjung Adaro,BLS,M5153BLS,Cleaning / burning / pre heat,,0.3,,,,,1.00008E+12,,,,1,,,,,,,,,
515550,1000122131,130,SFRM-771,23C-70-53121,Bracket Support Adjuster RH,GD755 Unit GD7506,PT. Putra Perkasa Abadi,Site BIB,HB,,Machining Profile U-Guide Seat and face,,16,,,FINISH,12/30/2025,1.00012E+12,,,,1,,,,,,,,,
511268,1000120960,210,SHCP-317,598-2259,Rod As Stick Cylinder,395,Cipta Kridatama PT.,BIB,HCP2,,Hardchrome OD Of Rod,,8,,,FINISH,12/17/2025,1.00012E+12,,,,1,,,,,,,,,
422748,1000083695,20,SDFP-28,3D-9553,Cage Bearing Differential,,PT. Trakindo Utama,Site Adaro,MTS,M5153MTS,Metal Spray ID Bearing Seat,,2.5,,,,,1.00008E+11,,,,2,,,,,,,,,
514194,1000121749,70,SHCP-319,644-0140,Housing Cylinder Crane,HYVA,PT. Sanggar Sarana Baja,Tanjung,SYG,,Machining profile joint Tube prior to joint,,8,,,FINISH,12/17/2025,1.00012E+11,,,,1,,,,,,,,,
515354,1000121948,60,SHCG-266-I,,Housing Cylinder Tyre Handler Magni,TH5036,"PT. Cipta Kridatama,",Site BMB,MGN1,,Striping OD Thread,,1,,,FINISH,12/17/2025,1.00012E+11,,,,3,,,,,,,,,
515357,1000121948,90,SHCG-266-I,,Housing Cylinder Tyre Handler Magni,TH5036,"PT. Cipta Kridatama,",Site BMB,MGN1,,Machining Profile Joint Tube,,2,,,FINISH,12/17/2025,1.00012E+11,,,,3,,,,,,,,,
456874,1000098377,290,SHCP-119-I,,Housing Stick Cylinder,,PT. Cipta Kridatama,Siite TIA,HDR,M5153HDR,Handressing,,4,,,FINISH,12/18/2025,1.0001E+12,,,,1,,,,,,,,,
422750,1000083695,40,SDFP-28,3D-9553,Cage Bearing Differential,,PT. Trakindo Utama,Site Adaro,HDR,M5153HDR,Deburr after machining ,,0.5,,,,,1.00008E+11,,,,2,,,,,,,,,
422749,1000083695,30,SDFP-28,3D-9553,Cage Bearing Differential,,PT. Trakindo Utama,Site Adaro,MGN1,M5153COR,Machining to spec the ID Bearing Seat,,2,,,,,1.00008E+11,,,,2,,,,,,,,,
422751,1000083695,50,SDFP-28,3D-9553,Cage Bearing Differential,,PT. Trakindo Utama,Site Adaro,QC2,M5153QC2,Final Inspection,,0.5,,,,,1.00008E+11,,,,2,,,,,,,,,
422747,1000083695,10,SDFP-28,3D-9553,Cage Bearing Differential,,PT. Trakindo Utama,Site Adaro,MGN1,M5153COR,Strip ID Bearing Seat,,1,,,,,1.00008E+11,,,,2,,,,,,,,,
516023,1000122463,20,SFRM-782,-,Boom Arm,6015,"PT. Cipta Kridatama,",Site BIB,WF3,M5153WF3,Remove Busing Mounting Cylinder Boom RH /LH ,,3,,,,,1.00012E+11,0,,,1,,Gouging,,,,,,,
516024,1000122463,30,SFRM-782,-,Boom Arm,6015,"PT. Cipta Kridatama,",Site BIB,LBP,M5153LBP,Striping ID Bores Mounting Cylinder Boom,,10,,,,,1.00012E+11,0,,,1,,2X Bores Mounting Cylinder Boom RH /LH ,,,,,,,
516025,1000122463,40,SFRM-782,-,Boom Arm,6015,"PT. Cipta Kridatama,",Site BIB,WF3,M5153WF3,Remove Crack,,10,,,,,1.00012E+11,0,,,1,,,,,,,,,
516026,1000122463,50,SFRM-782,-,Boom Arm,6015,"PT. Cipta Kridatama,",Site BIB,WF3,M5153WF3,Welding Crack,,40,,,,,1.00012E+11,0,,,1,,,,,,,,,
516027,1000122463,60,SFRM-782,-,Boom Arm,6015,"PT. Cipta Kridatama,",Site BIB,WF3,M5153WF3,Welding ID Bores and Faces Mounting Cylinder Boom,,40,,,,,1.00012E+11,0,,,1,,2X Bores Mounting Cylinder Boom RH /LH ,,,,,,,
422741,1000083694,430,SDFP-29,499-3711,Plain Half Differential,,PT. Trakindo Utama,Tanjung Adaro,HB,M5153CLT,Seting before machining,,2,,,,,1.00008E+12,,,,1,,,,,,,,,
422734,1000083694,230,SDFP-29,499-3711,Plain Half Differential,,PT. Trakindo Utama,Tanjung Adaro,BLS,M5153BLS,Blasting,,0.3,,,,,1.00008E+12,,,,1,,,,,,,,,
422733,1000083694,220,SDFP-29,499-3711,Plain Half Differential,,PT. Trakindo Utama,Tanjung Adaro,BLS,M5153BLS,Masking,,0.5,,,,,1.00008E+12,,,,1,,,,,,,,,
422732,1000083694,210,SDFP-29,499-3711,Plain Half Differential,,PT. Trakindo Utama,Tanjung Adaro,BLS,M5153BLS,Cleaning / burning / pre heat,,0.3,,,,,1.00008E+12,,,,1,,,,,,,,,
422731,1000083694,200,SDFP-29,499-3711,Plain Half Differential,,PT. Trakindo Utama,Tanjung Adaro,MTS,M5153MTS,Metal spray OD bearing seat,,1.5,,,,,1.00008E+12,,,,1,,,,,,,,,
422730,1000083694,190,SDFP-29,499-3711,Plain Half Differential,,PT. Trakindo Utama,Tanjung Adaro,MTS,M5153MTS,Seting before spray,,0.25,,,,,1.00008E+12,,,,1,,,,,,,,,
422729,1000083694,180,SDFP-29,499-3711,Plain Half Differential,,PT. Trakindo Utama,Tanjung Adaro,BLS,M5153BLS,Blasting,,0.3,,,,,1.00008E+12,,,,1,,,,,,,,,
422728,1000083694,170,SDFP-29,499-3711,Plain Half Differential,,PT. Trakindo Utama,Tanjung Adaro,BLS,M5153BLS,Masking,,0.5,,,,,1.00008E+12,,,,1,,,,,,,,,
422727,1000083694,160,SDFP-29,499-3711,Plain Half Differential,,PT. Trakindo Utama,Tanjung Adaro,BLS,M5153BLS,Cleaning / burning / pre heat,,0.3,,,,,1.00008E+12,,,,1,,,,,,,,,
422745,1000083694,470,SDFP-29,499-3711,Plain Half Differential,,PT. Trakindo Utama,Tanjung Adaro,HDR,M5153HDR,Handressing ,,0.5,,,,,1.00008E+12,,,,1,,,,,,,,,
422744,1000083694,460,SDFP-29,499-3711,Plain Half Differential,,PT. Trakindo Utama,Tanjung Adaro,ASY,M5153ASY,Install new dowels,,1.5,,,,,1.00008E+12,,,,1,,,,,,,,,
422726,1000083694,150,SDFP-29,499-3711,Plain Half Differential,,PT. Trakindo Utama,Tanjung Adaro,QC2,M5153QC2,Check crack,,0.5,,,,,1.00008E+12,,,,1,,,,,,,,,
422725,1000083694,110,SDFP-29,499-3711,Plain Half Differential,,PT. Trakindo Utama,Tanjung Adaro,MGN1,M5153COR,Striping thrust washer face,,0.5,,,,,1.00008E+12,,,,1,,,,,,,,,
422724,1000083694,100,SDFP-29,499-3711,Plain Half Differential,,PT. Trakindo Utama,Tanjung Adaro,MGN1,M5153COR,Seting before striping,,0.5,,,,,1.00008E+12,,,,1,,,,,,,,,
422743,1000083694,450,SDFP-29,499-3711,Plain Half Differential,,PT. Trakindo Utama,Tanjung Adaro,HB,M5153CLT,Drill dowel holes,,3,,,,,1.00008E+12,,,,1,,,,,,,,,
422739,1000083694,410,SDFP-29,499-3711,Plain Half Differential,,PT. Trakindo Utama,Tanjung Adaro,MGN1,M5153COR,Seting before machining,,0.5,,,,,1.00008E+12,,,,1,,,,,,,,,
422740,1000083694,420,SDFP-29,499-3711,Plain Half Differential,,PT. Trakindo Utama,Tanjung Adaro,MGN1,M5153COR,Machining OD bearing seat,,1.5,,,,,1.00008E+12,,,,1,,,,,,,,,
422723,1000083694,90,SDFP-29,499-3711,Plain Half Differential,,PT. Trakindo Utama,Tanjung Adaro,MGN1,M5153COR,Striping OD bearing seat,,0.5,,,,,1.00008E+11,,,,1,,,,,,,,,
516028,1000122463,70,SFRM-782,-,Boom Arm,6015,"PT. Cipta Kridatama,",Site BIB,LBP,M5153LBP,Machining  ID Bores and Faces Mounting Cylinder Boom,,40,,,,,1.00012E+11,0,,,1,,2X Bores Mounting Cylinder Boom RH /LH ,,,,,,,
516029,1000122463,80,SFRM-782,-,Boom Arm,6015,"PT. Cipta Kridatama,",Site BIB,HDR,M5153HDR,Handressing,,5,,,,,1.00012E+11,0,,,1,,,,,,,,,
516030,1000122463,90,SFRM-782,-,Boom Arm,6015,"PT. Cipta Kridatama,",Site BIB,QC2,M5153QC2,Post Inspection,,2,,,,,1.00012E+11,0,,,1,,"NDT ,MT ,PT Inspection",,,,,,,
422722,1000083694,80,SDFP-29,499-3711,Plain Half Differential,,PT. Trakindo Utama,Tanjung Adaro,MGN1,M5153COR,Seting before striping,,0.5,,,,,1.00008E+11,,,,1,,,,,,,,,
422721,1000083694,70,SDFP-29,499-3711,Plain Half Differential,,PT. Trakindo Utama,Tanjung Adaro,QC2,M5153QC2,Inspection,,1,,,,,1.00008E+11,,,,1,,,,,,,,,
422715,1000083694,10,SDFP-29,499-3711,Plain Half Differential,,PT. Trakindo Utama,Tanjung Adaro,DIS,M5153DIS,Remove dowel and bearing,,3,,,,,1.00008E+11,,,,1,,,,,,,,,
422737,1000083694,380,SDFP-29,499-3711,Plain Half Differential,,PT. Trakindo Utama,Tanjung Adaro,MGN1,M5153COR,Seting before machining,,0.5,,,,,1.00008E+12,,,,1,,,,,,,,,
422746,1000083694,480,SDFP-29,499-3711,Plain Half Differential,,PT. Trakindo Utama,Tanjung Adaro,QC2,M5153QC2,Inspection,,0.5,,,,,1.00008E+12,,,,1,,,,,,,,,
509657,10000787881,40,BHCG-1235,223-9645,Rod Baru,777,PT SEJAHTERA,Sebamban,QC,,Pre-Inspection ,,0.5,,,,,1.00008E+12,,,,1,,,,,,,,,
509656,10000787881,30,BHCG-1235,223-9645,Rod Baru,777,PT SEJAHTERA,Sebamban,MIT,,Machining ID Eye + 2x Face to spec,,5.5,,,,,1.00008E+12,,,,1,,,,,,,,,
509655,10000787881,20,BHCG-1235,223-9645,Rod Baru,777,PT SEJAHTERA,Sebamban,GNW,,Build Up ID Eye + 2x Face,,4,,,,,1.00008E+12,,,,1,,,,,,,,,
509661,10000787881,80,BHCG-1235,223-9645,Rod Baru,777,PT SEJAHTERA,Sebamban,HCP,,Hard Chrome Plat OD Rod,,4,,,,,1.00008E+12,,,,1,,,,,,,,,
509663,10000787881,100,BHCG-1235,223-9645,Rod Baru,777,PT SEJAHTERA,Sebamban,HD,,Handressing,,1,,,,,1.00008E+13,,,,1,,,,,,,,,
509659,10000787881,60,BHCG-1235,223-9645,Rod Baru,777,PT SEJAHTERA,Sebamban,QC,,Inspect Crack,,0.5,,,,,1.00008E+12,,,,1,,,,,,,,,
509660,10000787881,70,BHCG-1235,223-9645,Rod Baru,777,PT SEJAHTERA,Sebamban,POL,,Pre-Polish OD Rod Prior to Chrome,,2.5,,,,,1.00008E+12,,,,1,,,,,,,,,
509662,10000787881,90,BHCG-1235,223-9645,Rod Baru,777,PT SEJAHTERA,Sebamban,POL,,Final Polish OD Rod najay,,5,,,,,1.00008E+12,,,,1,,,,,,,,,
516031,1000122222,20,SUCG-74-I,239-4390,Piston As Recoil Spring,320,Cipta Kridatama PT.,BIB,SYG,M5153COR,Strip OD Piston ,,1,,,,,1.00012E+11,0,,,1,,,,,,,,,
516032,1000122222,30,SUCG-74-I,239-4390,Piston As Recoil Spring,320,Cipta Kridatama PT.,BIB,WM3,M5153WM3,Weld Build Up OD Piston ,,6,,,,,1.00012E+11,0,,,1,,,,,,,,,
516033,1000122222,40,SUCG-74-I,239-4390,Piston As Recoil Spring,320,Cipta Kridatama PT.,BIB,SYG,M5153COR,Final Machine OD Piston ,,4,,,,,1.00012E+11,0,,,1,,,,,,,,,
516034,1000122222,50,SUCG-74-I,239-4390,Piston As Recoil Spring,320,Cipta Kridatama PT.,BIB,QC1,M5153QC1,Inspection,,1,,,,,1.00012E+11,0,,,1,,,,,,,,,
509654,10000787881,10,BHCG-1235,223-9645,Rod Baru,777,PT SEJAHTERA,Sebamban,GNW,,Tutup & Welding Oil port menggunakan plate,,1.5,,,,,1.00008E+12,,,,1,,,,,,,,,
509665,10000787881,21,BHCG-1235,223-9645,Rod Baru,777,PT SEJAHTERA,Sebamban,,,ASDFD,,2,,,,,1.00008E+12,,,,1,,,,,,,,,
509664,10000787881,110,BHCG-1235,223-9645,Rod Baru,777,PT SEJAHTERA,Sebamban,QC,,Final Inspection,,1,,,,,1.00008E+13,,,,1,,,,,,,,,
509658,10000787881,50,BHCG-1235,223-9645,Rod Baru,777,PT SEJAHTERA,Sebamban,HCP,,Stripping OD Rod (De-Chrome Process),,2,,,,,1.00008E+12,,,,1,,,,,,,,,
422720,1000083694,60,SDFP-29,499-3711,Plain Half Differential,,PT. Trakindo Utama,Tanjung Adaro,MGN1,M5153COR,Machining end face contact area,,4,,,,,1.00008E+11,,,,1,,,,,,,,,
422719,1000083694,50,SDFP-29,499-3711,Plain Half Differential,,PT. Trakindo Utama,Tanjung Adaro,HDR,M5153HDR,Grinding,,0.5,,,,,1.00008E+11,,,,1,,,,,,,,,
422718,1000083694,40,SDFP-29,499-3711,Plain Half Differential,,PT. Trakindo Utama,Tanjung Adaro,WM3,M5153WM3,Weld worn out area bearing seat,,4,,,,,1.00008E+11,,,,1,,,,,,,,,
422717,1000083694,30,SDFP-29,499-3711,Plain Half Differential,,PT. Trakindo Utama,Tanjung Adaro,WM3,M5153WM3,Pre heat,,0.5,,,,,1.00008E+11,,,,1,,,,,,,,,
422742,1000083694,440,SDFP-29,499-3711,Plain Half Differential,,PT. Trakindo Utama,Tanjung Adaro,HB,M5153CLT,Machining spyder bores,,8,,,,,1.00008E+12,,,,1,,,,,,,,,
422736,1000083694,250,SDFP-29,499-3711,Plain Half Differential,,PT. Trakindo Utama,Tanjung Adaro,MTS,M5153MTS,Metal spray thrust washer face,,1.5,,,,,1.00008E+12,,,,1,,,,,,,,,
422735,1000083694,240,SDFP-29,499-3711,Plain Half Differential,,PT. Trakindo Utama,Tanjung Adaro,MTS,M5153MTS,Seting before spray,,0.25,,,,,1.00008E+12,,,,1,,,,,,,,,
516035,1000122222,60,SUCG-74-I,239-4390,Piston As Recoil Spring,320,Cipta Kridatama PT.,BIB,POL1,M5153PL1,Prep Polish OD Piston  prior to chrome,,4,,,,,1.00012E+11,0,,,1,,,,,,,,,
516036,1000122222,70,SUCG-74-I,239-4390,Piston As Recoil Spring,320,Cipta Kridatama PT.,BIB,POL2,M5153PL2,Hard chrome plate OD Piston ,,8,,,,,1.00012E+11,0,,,1,,,,,,,,,
515511,1000122222,80,SUCG-74-I,239-4390,Piston As Recoil Spring,320,Cipta Kridatama PT.,BIB,SYG,M5153COR,Final Polish OD Piston ,,4,,,,,1.00012E+11,0,,,1,,,,,,,,,
515513,1000122222,100,SUCG-74-I,239-4390,Piston As Recoil Spring,320,Cipta Kridatama PT.,BIB,QC2,M5153QC2,Final Inspection,,1,,,,,1.00012E+12,0,,,1,,,,,,,,,
510324,1000120467,70,SDFP-130,504-4888,Flange Half Differential,777,Trakindo Utama PT.,Adaro,MGN1,,Striping OD bearing seat,,1,,,,,1.00012E+11,,,,1,,,,,,,,,
516037,1000122244,20,SUCG-74-I,239-4390,Shaft Recoil Spring,320,PT. Cipta Kridatama,BIB,SYG,M5153COR,Strip OD ,,1,,,,,1.00012E+11,0,,,3,,Thread Area,,,,,,,
510323,1000120467,60,SDFP-130,504-4888,Flange Half Differential,777,Trakindo Utama PT.,Adaro,QC2,,Inspection,,1,,,,,1.00012E+11,,,,1,,,,,,,,,
510321,1000120467,40,SDFP-130,504-4888,Flange Half Differential,777,Trakindo Utama PT.,Adaro,WM2,,Weld worn out area,,6,,,,,1.00012E+11,,,,1,,,,,,,,,
510320,1000120467,30,SDFP-130,504-4888,Flange Half Differential,777,Trakindo Utama PT.,Adaro,WM2,,Remove dowel ,,2,,,,,1.00012E+11,,,,1,,,,,,,,,
510319,1000120467,20,SDFP-130,504-4888,Flange Half Differential,777,Trakindo Utama PT.,Adaro,PPC,,Replace dowel supply by customer,,0,,,,,1.00012E+11,,,,1,,,,,,,,,
510318,1000120467,10,SDFP-130,504-4888,Flange Half Differential,777,Trakindo Utama PT.,Adaro,,,Start Fabrication,,0,,,,,1.00012E+11,,,,1,,,,,,,,,
510322,1000120467,50,SDFP-130,504-4888,Flange Half Differential,777,Trakindo Utama PT.,Adaro,MGN1,,Machining end face contact area,,2,,,FINISH,10/30/2025,1.00012E+11,,,,1,,,,,,,,,
510331,1000120467,140,SDFP-130,504-4888,Flange Half Differential,777,Trakindo Utama PT.,Adaro,MGN1,,Machining thrust washer face,,3,,,FINISH,10/30/2025,1.00012E+12,,,,1,,,,,,,,,
510332,1000120467,150,SDFP-130,504-4888,Flange Half Differential,777,Trakindo Utama PT.,Adaro,MGN1,,Machining OD bearing seat,,3,,,FINISH,10/30/2025,1.00012E+12,,,,1,,,,,,,,,
510328,1000120467,110,SDFP-130,504-4888,Flange Half Differential,777,Trakindo Utama PT.,Adaro,MTS,,Metal spray OD bearing seat,,3,,,,,1.00012E+12,,,,1,,,,,,,,,
510329,1000120467,120,SDFP-130,504-4888,Flange Half Differential,777,Trakindo Utama PT.,Adaro,BLS,,Blasting,,1,,,,,1.00012E+12,,,,1,,,,,,,,,
510327,1000120467,100,SDFP-130,504-4888,Flange Half Differential,777,Trakindo Utama PT.,Adaro,BLS,,Blasting,,1,,,,,1.00012E+12,,,,1,,,,,,,,,
510326,1000120467,90,SDFP-130,504-4888,Flange Half Differential,777,Trakindo Utama PT.,Adaro,QC2,,Check crack,,1,,,,,1.00012E+11,,,,1,,,,,,,,,
510325,1000120467,80,SDFP-130,504-4888,Flange Half Differential,777,Trakindo Utama PT.,Adaro,MGN1,,Striping thrust washer face,,1,,,,,1.00012E+11,,,,1,,,,,,,,,
422738,1000083694,390,SDFP-29,499-3711,Plain Half Differential,,PT. Trakindo Utama,Tanjung Adaro,MGN1,M5153COR,Machining thrust washer face,,1.5,,,,,1.00008E+12,,,,1,,,,,,,,,
510335,1000120467,180,SDFP-130,504-4888,Flange Half Differential,777,Trakindo Utama PT.,Adaro,ASY,,Install new dowels,,2,,,,,1.00012E+12,,,,1,,,,,,,,,
510336,1000120467,190,SDFP-130,504-4888,Flange Half Differential,777,Trakindo Utama PT.,Adaro,HDR,,Handressing ,,1,,,,,1.00012E+12,,,,1,,,,,,,,,
510337,1000120467,200,SDFP-130,504-4888,Flange Half Differential,777,Trakindo Utama PT.,Adaro,QC2,,Inspection,,1,,,,,1.00012E+12,,,,1,,,,,,,,,
510333,1000120467,160,SDFP-130,504-4888,Flange Half Differential,777,Trakindo Utama PT.,Adaro,HB,,Machining spyder bores,,12,,,,,1.00012E+12,,,,1,,,,,,,,,
510334,1000120467,170,SDFP-130,504-4888,Flange Half Differential,777,Trakindo Utama PT.,Adaro,HB,,Drill dowel holes,,4,,,,,1.00012E+12,,,,1,,,,,,,,,
422894,1000083720,50,SDFP-29,2D-9459,Cage Bearing Differential,,PT. Trakindo Utama,Site Adaro,QC2,M5153QC2,Final Inspection,,0.5,,,,,1.00008E+11,,,,2,,,,,,,,,
516038,1000120670,20,SUCG-74-I,239-4390,Housing as Recoil Spring,320,PT. Cipta Kridatama,BIB,PPC,,Order Material ,,0,,,,,1.00012E+11,0,,,4,,,,,,,,,
516039,1000120670,30,SUCG-74-I,239-4390,Housing as Recoil Spring,320,PT. Cipta Kridatama,BIB,BSW,M5153BSW,Cut material Sleeve,,1,,,,,1.00012E+11,0,,,4,,,,,,,,,
516040,1000120670,40,SUCG-74-I,239-4390,Housing as Recoil Spring,320,PT. Cipta Kridatama,BIB,SYG,M5153COR,Manufacture Sleeve,,8,,,,,1.00012E+11,0,,,4,,,,,,,,,
516041,1000120670,50,SUCG-74-I,239-4390,Housing as Recoil Spring,320,PT. Cipta Kridatama,BIB,HB,M5153CLT,Strip ID Housing,,4,,,,,1.00012E+11,0,,,4,,,,,,,,,
516042,1000120670,60,SUCG-74-I,239-4390,Housing as Recoil Spring,320,PT. Cipta Kridatama,BIB,HB,M5153CLT,Strip ID Lip Seal Seat,,1,,,,,1.00012E+11,0,,,4,,,,,,,,,
516043,1000120670,70,SUCG-74-I,239-4390,Housing as Recoil Spring,320,PT. Cipta Kridatama,BIB,ASY,M5153ASY,Install Sleeve,,4,,,,,1.00012E+11,0,,,4,,,,,,,,,
425006,1000085036,50,SDFP-31,5T-9437,,,PT. Cipta Kridatama,Site BMB,POL1,M5153PL2,Polish OD of rod,,10,,,,,1.00009E+11,,,,2,,,,,,,,,
516044,1000120670,80,SUCG-74-I,239-4390,Housing as Recoil Spring,320,PT. Cipta Kridatama,BIB,WM1,M5153WM1,Weld ID Lip Seal Seat,,2,,,,,1.00012E+11,0,,,4,,,,,,,,,
516045,1000120670,90,SUCG-74-I,239-4390,Housing as Recoil Spring,320,PT. Cipta Kridatama,BIB,WM1,M5153WM1,Weld ID Housing,,2,,,,,1.00012E+11,0,,,4,,,,,,,,,
516046,1000120670,100,SUCG-74-I,239-4390,Housing as Recoil Spring,320,PT. Cipta Kridatama,BIB,SYG,M5153COR,Machine ID Housing,,3,,,,,1.00012E+12,0,,,4,,,,,,,,,
516048,1000120670,120,SUCG-74-I,239-4390,Housing as Recoil Spring,320,PT. Cipta Kridatama,BIB,HM,M5153HM1,Hone ID housing,,8,,,,,1.00012E+12,0,,,4,,,,,,,,,
516049,1000120670,130,SUCG-74-I,239-4390,Housing as Recoil Spring,320,PT. Cipta Kridatama,BIB,HDR,M5153HDR,Handressing,,1,,,,,1.00012E+12,0,,,4,,,,,,,,,
516050,1000120670,140,SUCG-74-I,239-4390,Housing as Recoil Spring,320,PT. Cipta Kridatama,BIB,QC2,M5153QC2,Final Inspection,,1,,,,,1.00012E+12,0,,,4,,,,,,,,,
516047,1000120670,110,SUCG-74-I,239-4390,Housing as Recoil Spring,320,PT. Cipta Kridatama,BIB,SYG,M5153COR,Machine ID Lip Seal Seat,,4,,,FINISH,12/24/2025,1.00012E+12,0,,,4,,,,,,,,,
422891,1000083720,20,SDFP-29,2D-9459,Cage Bearing Differential,,PT. Trakindo Utama,Site Adaro,MTS,M5153MTS,Metal Spray ID Bearing Seat,,2.5,,,,,1.00008E+11,,,,2,,,,,,,,,
422892,1000083720,30,SDFP-29,2D-9459,Cage Bearing Differential,,PT. Trakindo Utama,Site Adaro,MGN1,M5153COR,Machining to spec the ID Bearing Seat,,2,,,,,1.00008E+11,,,,2,,,,,,,,,
422893,1000083720,40,SDFP-29,2D-9459,Cage Bearing Differential,,PT. Trakindo Utama,Site Adaro,HDR,M5153HDR,Deburr after machining ,,0.5,,,,,1.00008E+11,,,,2,,,,,,,,,
422890,1000083720,10,SDFP-29,2D-9459,Cage Bearing Differential,,PT. Trakindo Utama,Site Adaro,MGN1,M5153COR,Strip ID Bearing Seat,,1,,,,,1.00008E+11,,,,2,,,,,,,,,
423140,1000083742,60,SDFP-29,5T-9437,Spider Differential,,PT. Trakindo Utama,Tanjung Adaro,HDR,M5153HDR,Deburr after machining ,,0.5,,,,,1.00008E+11,,,,3,,,,,,,,,
516051,1000122243,20,SUCG-74-I,239-4390,Flange Recoil Spring,320,Cipta Kridatama PT.,BIB,WM2,M5153WM2,Weld worn out area,,1,,,,,1.00012E+11,0,,,5,,,,,,,,,
516052,1000122243,30,SUCG-74-I,239-4390,Flange Recoil Spring,320,Cipta Kridatama PT.,BIB,MM,M5153GML,Skim ex TIG weld,,1,,,,,1.00012E+11,0,,,5,,,,,,,,,
516053,1000122243,40,SUCG-74-I,239-4390,Flange Recoil Spring,320,Cipta Kridatama PT.,BIB,HDR,M5153HDR,Handressing,,1,,,,,1.00012E+11,0,,,5,,,,,,,,,
516054,1000122243,50,SUCG-74-I,239-4390,Flange Recoil Spring,320,Cipta Kridatama PT.,BIB,QC2,M5153QC2,Final Inspection,,1,,,,,1.00012E+11,0,,,5,,,,,,,,,
423138,1000083742,40,SDFP-29,5T-9437,Spider Differential,,PT. Trakindo Utama,Tanjung Adaro,HCP2,M5153CP2,Hardchrome OD Of Rod,,4,,,,,1.00008E+11,,,,3,,,,,,,,,
423137,1000083742,36,SDFP-29,5T-9437,Spider Differential,,PT. Trakindo Utama,Tanjung Adaro,HCP2,M5153CP2,Scrubbing. Etching & Setting Ampere 100A/Minute,,0.76,,,,,1.00008E+11,,,,3,,,,,,,,,
423131,1000083742,30,SDFP-29,5T-9437,Spider Differential,,PT. Trakindo Utama,Tanjung Adaro,POL1,M5153PL2,Pre polish OD rod prior to chrome,,10,,,,,1.00008E+11,,,,3,,,,,,,,,
423132,1000083742,31,SDFP-29,5T-9437,Spider Differential,,PT. Trakindo Utama,Tanjung Adaro,HCP2,M5153CP2,Install JIG & masking,,1,,,,,1.00008E+11,,,,3,,,,,,,,,
423133,1000083742,32,SDFP-29,5T-9437,Spider Differential,,PT. Trakindo Utama,Tanjung Adaro,HCP2,M5153CP2,Burning & Etching before Chrome process,,0.6,,,,,1.00008E+11,,,,3,,,,,,,,,
423136,1000083742,35,SDFP-29,5T-9437,Spider Differential,,PT. Trakindo Utama,Tanjung Adaro,HCP2,M5153CP2,Temperatur syincronize for more 1 time chrome process,,1,,,,,1.00008E+11,,,,3,,,,,,,,,
510365,1000120481,120,SDFP-131,,Plain Half Differential,777,PT. Trakindo Utama,Site Adaro,HB,,Machining spyder bores,,8,,,,,1.00012E+12,,,,1,,,,,,,,,
516055,-,20,SUCG-74-I,239-4390,Nut Recoil Spring,320,Cipta Kridatama PT.,BIB,PPC,,Replace New Part,,0,,,,,-20,0,,,6,,Nut(M48X5-THD)  239-4382,,,,,,,
510364,1000120481,110,SDFP-131,,Plain Half Differential,777,PT. Trakindo Utama,Site Adaro,SYG,,Machining OD bearing seat,,3,,,,,1.00012E+12,,,,1,,,,,,,,,
510362,1000120481,90,SDFP-131,,Plain Half Differential,777,PT. Trakindo Utama,Site Adaro,MTS,,Metal spray thrust washer face,,3,,,,,1.00012E+11,,,,1,,,,,,,,,
510360,1000120481,70,SDFP-131,,Plain Half Differential,777,PT. Trakindo Utama,Site Adaro,BLS,,Blasting,,2,,,,,1.00012E+11,,,,1,,,,,,,,,
510357,1000120481,40,SDFP-131,,Plain Half Differential,777,PT. Trakindo Utama,Site Adaro,SYG,,Machining end face contact area,,8,,,,,1.00012E+11,,,,1,,,,,,,,,
510355,1000120481,20,SDFP-131,,Plain Half Differential,777,PT. Trakindo Utama,Site Adaro,WM2,,Remove dowel ,,1,,,,,1.00012E+11,,,,1,,,,,,,,,
510354,1000120481,10,SDFP-131,,Plain Half Differential,777,PT. Trakindo Utama,Site Adaro,PPC,,Replace dowel supply by customer,,0,,,,,1.00012E+11,,,,1,,,,,,,,,
510363,1000120481,100,SDFP-131,,Plain Half Differential,777,PT. Trakindo Utama,Site Adaro,SYG,,Machining thrust washer face,,4,,,FINISH,10/28/2025,1.00012E+12,,,,1,,,,,,,,,
510361,1000120481,80,SDFP-131,,Plain Half Differential,777,PT. Trakindo Utama,Site Adaro,MTS,,Metal spray OD bearing seat,,3,,,FINISH,10/27/2025,1.00012E+11,,,,1,,,,,,,,,
510359,1000120481,60,SDFP-131,,Plain Half Differential,777,PT. Trakindo Utama,Site Adaro,SYG,,Striping thrust washer face,,1,,,,,1.00012E+11,,,,1,,,,,,,,,
510358,1000120481,50,SDFP-131,,Plain Half Differential,777,PT. Trakindo Utama,Site Adaro,SYG,,Striping OD bearing seat,,1,,,,,1.00012E+11,,,,1,,,,,,,,,
510356,1000120481,30,SDFP-131,,Plain Half Differential,777,PT. Trakindo Utama,Site Adaro,WM2,,Weld worn out area,,8,,,,,1.00012E+11,,,,1,,,,,,,,,
423139,1000083742,50,SDFP-29,5T-9437,Spider Differential,,PT. Trakindo Utama,Tanjung Adaro,POL1,M5153PL2,Polish OD of rod,,10,,,,,1.00008E+11,,,,3,,,,,,,,,
423135,1000083742,34,SDFP-29,5T-9437,Spider Differential,,PT. Trakindo Utama,Tanjung Adaro,HCP2,M5153CP2,Hardchrome OD Of Rod,,4,,,,,1.00008E+11,,,,3,,,,,,,,,
423134,1000083742,33,SDFP-29,5T-9437,Spider Differential,,PT. Trakindo Utama,Tanjung Adaro,HCP2,M5153CP2,Scrubbing. Etching & Setting Ampere 100A/Minute,,0.76,,,,,1.00008E+11,,,,3,,,,,,,,,
424976,1000085034,170,SDFP-30,504-4889,,,PT. Cipta Kridatama,Site BMB,HB,M5153CLT,Machining retainer faces,,6,,,,,1.00009E+12,,,,1,,,,,,,,,
424975,1000085034,140,SDFP-30,504-4889,,,PT. Cipta Kridatama,Site BMB,MTS,M5153MTS,Metal spray thrust washer face,,1.5,,,,,1.00009E+12,,,,1,,,,,,,,,
424974,1000085034,130,SDFP-30,504-4889,,,PT. Cipta Kridatama,Site BMB,MTS,M5153MTS,Metal spray OD bearing seat,,1.5,,,,,1.00009E+12,,,,1,,,,,,,,,
424971,1000085034,80,SDFP-30,504-4889,,,PT. Cipta Kridatama,Site BMB,QC2,M5153QC2,Inspection,,1,,,,,1.00009E+11,,,,1,,,,,,,,,
424989,1000085035,50,SDFP-31,499-3711,,,PT. Cipta Kridatama,Site BMB,WM3,M5153WM3,Weld Crack area,,20,,,,,1.00009E+11,,,,1,,,,,,,,,
510368,1000120481,150,SDFP-131,,Plain Half Differential,777,PT. Trakindo Utama,Site Adaro,HDR,,Handressing ,,0.5,,,FINISH,10/29/2025,1.00012E+12,,,,1,,,,,,,,,
516056,1000122245,20,SUCG-74-I,239-4390,Spacer Recoil Spring,320,Cipta Kridatama PT.,BIB,WM2,M5153WM2,Weld worn out area,,1,,,,,1.00012E+11,0,,,7,,,,,,,,,
516057,1000122245,30,SUCG-74-I,239-4390,Spacer Recoil Spring,320,Cipta Kridatama PT.,BIB,MM,M5153GML,Skim ex TIG weld,,1,,,,,1.00012E+11,0,,,7,,,,,,,,,
516058,1000122245,40,SUCG-74-I,239-4390,Spacer Recoil Spring,320,Cipta Kridatama PT.,BIB,HDR,M5153HDR,Handressing,,1,,,,,1.00012E+11,0,,,7,,,,,,,,,
516059,1000122245,50,SUCG-74-I,239-4390,Spacer Recoil Spring,320,Cipta Kridatama PT.,BIB,QC2,M5153QC2,Final Inspection,,1,,,,,1.00012E+11,0,,,7,,,,,,,,,
510369,1000120481,160,SDFP-131,,Plain Half Differential,777,PT. Trakindo Utama,Site Adaro,QC2,,Inspection,,0.5,,,,,1.00012E+12,,,,1,,,,,,,,,
510367,1000120481,140,SDFP-131,,Plain Half Differential,777,PT. Trakindo Utama,Site Adaro,ASY,,Install new dowels,,1.5,,,,,1.00012E+12,,,,1,,,,,,,,,
510366,1000120481,130,SDFP-131,,Plain Half Differential,777,PT. Trakindo Utama,Site Adaro,HB,,Drill dowel holes,,3,,,,,1.00012E+12,,,,1,,,,,,,,,
424990,1000085035,60,SDFP-31,499-3711,,,PT. Cipta Kridatama,Site BMB,MGN1,M5153COR,Machining end face contact area,,4,,,,,1.00009E+11,,,,1,,,,,,,,,
424991,1000085035,70,SDFP-31,499-3711,,,PT. Cipta Kridatama,Site BMB,MGN1,M5153COR,Striping OD bearing seat,,0.5,,,,,1.00009E+11,,,,1,,,,,,,,,
424992,1000085035,80,SDFP-31,499-3711,,,PT. Cipta Kridatama,Site BMB,MGN1,M5153COR,Striping thrust washer face,,0.5,,,,,1.00009E+11,,,,1,,,,,,,,,
424985,1000085035,10,SDFP-31,499-3711,,,PT. Cipta Kridatama,Site BMB,DIS,M5153DIS,Remove dowel and bearing,,3,,,,,1.00009E+11,,,,1,,,,,,,,,
424993,1000085035,110,SDFP-31,499-3711,,,PT. Cipta Kridatama,Site BMB,MTS,M5153MTS,Metal spray OD bearing seat,,1.5,,,,,1.00009E+12,,,,1,,,,,,,,,
424994,1000085035,120,SDFP-31,499-3711,,,PT. Cipta Kridatama,Site BMB,MTS,M5153MTS,Metal spray thrust washer face,,1.5,,,,,1.00009E+12,,,,1,,,,,,,,,
424995,1000085035,150,SDFP-31,499-3711,,,PT. Cipta Kridatama,Site BMB,HB,M5153CLT,Machining retainer faces,,6,,,,,1.00009E+12,,,,1,,,,,,,,,
424996,1000085035,160,SDFP-31,499-3711,,,PT. Cipta Kridatama,Site BMB,MGN1,M5153COR,Machining thrust washer face,,1.5,,,,,1.00009E+12,,,,1,,,,,,,,,
424997,1000085035,180,SDFP-31,499-3711,,,PT. Cipta Kridatama,Site BMB,MGN1,M5153COR,Machining OD bearing seat,,1.5,,,,,1.00009E+12,,,,1,,,,,,,,,
424998,1000085035,190,SDFP-31,499-3711,,,PT. Cipta Kridatama,Site BMB,HB,M5153CLT,Machining spyder bores,,8,,,,,1.00009E+12,,,,1,,,,,,,,,
424999,1000085035,200,SDFP-31,499-3711,,,PT. Cipta Kridatama,Site BMB,HB,M5153CLT,Drill dowel holes,,3,,,,,1.00009E+12,,,,1,,,,,,,,,
425000,1000085035,210,SDFP-31,499-3711,,,PT. Cipta Kridatama,Site BMB,ASY,M5153ASY,Install new dowels,,1.5,,,,,1.00009E+12,,,,1,,,,,,,,,
425001,1000085035,220,SDFP-31,499-3711,,,PT. Cipta Kridatama,Site BMB,HDR,M5153HDR,Handressing ,,0.5,,,,,1.00009E+12,,,,1,,,,,,,,,
516060,1000122221,20,SUCG-74-I,239-4390,Support Recoil Spring,320,Cipta Kridatama PT.,BMB,WM2,M5153WM2,Weld worn out area,,1,,,,,1.00012E+11,0,,,8,,,,,,,,,
516061,1000122221,30,SUCG-74-I,239-4390,Support Recoil Spring,320,Cipta Kridatama PT.,BMB,MM,M5153GML,Skim ex TIG weld,,1,,,,,1.00012E+11,0,,,8,,,,,,,,,
516062,1000122221,40,SUCG-74-I,239-4390,Support Recoil Spring,320,Cipta Kridatama PT.,BMB,HDR,M5153HDR,Handressing,,1,,,,,1.00012E+11,0,,,8,,,,,,,,,
516063,1000122221,50,SUCG-74-I,239-4390,Support Recoil Spring,320,Cipta Kridatama PT.,BMB,QC2,M5153QC2,Final Inspection,,1,,,,,1.00012E+11,0,,,8,,,,,,,,,
425002,1000085035,230,SDFP-31,499-3711,,,PT. Cipta Kridatama,Site BMB,QC2,M5153QC2,Inspection,,0.5,,,,,1.00009E+12,,,,1,,,,,,,,,
424987,1000085035,30,SDFP-31,499-3711,,,PT. Cipta Kridatama,Site BMB,WM3,M5153WM3,Remove Crack,,10,,,,,1.00009E+11,,,,1,,,,,,,,,
424988,1000085035,40,SDFP-31,499-3711,,,PT. Cipta Kridatama,Site BMB,WM3,M5153WM3,Weld worn out area,,4,,,,,1.00009E+11,,,,1,,,,,,,,,
425004,1000085036,34,SDFP-31,5T-9437,,,PT. Cipta Kridatama,Site BMB,HCP2,M5153CP2,Hardchrome OD Of Rod,,4,,,,,1.00009E+11,,,,2,,,,,,,,,
425005,1000085036,40,SDFP-31,5T-9437,,,PT. Cipta Kridatama,Site BMB,HCP2,M5153CP2,Hardchrome OD Of Rod,,4,,,,,1.00009E+11,,,,2,,,,,,,,,
425007,1000085036,60,SDFP-31,5T-9437,,,PT. Cipta Kridatama,Site BMB,HDR,M5153HDR,Deburr after machining ,,0.5,,,,,1.00009E+11,,,,2,,,,,,,,,
425008,1000085036,70,SDFP-31,5T-9437,,,PT. Cipta Kridatama,Site BMB,QC2,M5153QC2,Post Inspect,,0.5,,,,,1.00009E+11,,,,2,,,,,,,,,
425003,1000085036,30,SDFP-31,5T-9437,,,PT. Cipta Kridatama,Site BMB,POL1,M5153PL2,Pre polish OD rod prior to chrome,,10,,,,,1.00009E+11,,,,2,,,,,,,,,
425891,1000085148,30,SDFP-33,,Spindle,,PT. BUMA,Site SDJ,HB,M5153CLT,Striping the ID thread ,,1,,,,,1.00009E+11,,,,1,,,,,,,,,
425890,1000085148,20,SDFP-33,,Spindle,,PT. BUMA,Site SDJ,WM3,M5153WM3,Remove cracks,,1,,,,,1.00009E+11,,,,1,,,,,,,,,
425923,1000085148,350,SDFP-33,,Spindle,,PT. BUMA,Site SDJ,HDR,M5153HDR,Deburr after machining process,,1,,,,,1.00009E+12,,,,1,,,,,,,,,
425907,1000085148,190,SDFP-33,,Spindle,,PT. BUMA,Site SDJ,WM3,M5153WM3,Welding the OD middle worn out area,,2,,,,,1.00009E+12,,,,1,,,,,,,,,
425906,1000085148,180,SDFP-33,,Spindle,,PT. BUMA,Site SDJ,WM3,M5153WM3,Welding the OD thread ,,1,,,,,1.00009E+12,,,,1,,,,,,,,,
425919,1000085148,310,SDFP-33,,Spindle,,PT. BUMA,Site SDJ,MGN1,M5153COR,Machining the OD middle worn out area,,1.5,,,,,1.00009E+12,,,,1,,,,,,,,,
425920,1000085148,320,SDFP-33,,Spindle,,PT. BUMA,Site SDJ,MGN1,M5153COR,Machining the OD bearing seat 1,,2.5,,,,,1.00009E+12,,,,1,,,,,,,,,
486542,1000110034,80,SHCG-326,8J-9431,Housing Hoist Cylinder,,PT. Cipta Kridatama,Site BMB,BSW,M5153BSW,Cut off tube from flange,,2,,,,,1.00011E+11,0,,,1,,,,,,,,,
486555,1000110034,240,SHCG-326,8J-9431,Housing Hoist Cylinder,,PT. Cipta Kridatama,Site BMB,WM1,M5153WM1,Weld Build Up ID eye,,2,,,,,1.00011E+12,0,,,1,,Reuse and Salvage Guidliene SEBF8072-22 2013,,,,,,,
486557,1000110034,250,SHCG-326,8J-9431,Housing Hoist Cylinder,,PT. Cipta Kridatama,Site BMB,HB,M5153CLT,Machining Face eye,,4,,,,,1.00011E+12,0,,,1,,IF ID length Oversize reffer to Item 270,,,,,,,
425889,1000085148,10,SDFP-33,,Spindle,,PT. BUMA,Site SDJ,DIS,M5153DIS,Remove Pin,,1,,,,,1.00009E+11,,,,1,,,,,,,,,
425918,1000085148,300,SDFP-33,,Spindle,,PT. BUMA,Site SDJ,MGN1,M5153COR,Machining the OD thread ,,1.5,,,,,1.00009E+12,,,,1,,,,,,,,,
425897,1000085148,90,SDFP-33,,Spindle,,PT. BUMA,Site SDJ,MGN1,M5153COR,Striping the OD bearing seat 1,,0.5,,,,,1.00009E+11,,,,1,,,,,,,,,
425921,1000085148,330,SDFP-33,,Spindle,,PT. BUMA,Site SDJ,MGN1,M5153COR,Machining the OD bearing seat 2,,2.5,,,,,1.00009E+12,,,,1,,,,,,,,,
516064,1000120767,20,SHSG-302,,Head As Front Suspension,777,Putra Perkasa Abadi PT.,BIB,WM3,M5153WM3,Welding Worn Out,,2,,,,,1.00012E+11,0,,,1,,,,,,,,,
516065,1000120767,30,SHSG-302,,Head As Front Suspension,777,Putra Perkasa Abadi PT.,BIB,SYG,M5153COR,Strip OD stub prior to weld,,2,,,,,1.00012E+11,0,,,1,,,,,,,,,
516066,1000120767,40,SHSG-302,,Head As Front Suspension,777,Putra Perkasa Abadi PT.,BIB,SAW,M5153SW1,Weld OD stub,,3,,,,,1.00012E+11,0,,,1,,,,,,,,,
425905,1000085148,170,SDFP-33,,Spindle,,PT. BUMA,Site SDJ,WM3,M5153WM3,Welding the ID bearing seat 2,,1,,,,,1.00009E+12,,,,1,,,,,,,,,
425904,1000085148,160,SDFP-33,,Spindle,,PT. BUMA,Site SDJ,WM3,M5153WM3,Welding the ID bearing seat 1,,1,,,,,1.00009E+12,,,,1,,,,,,,,,
425917,1000085148,290,SDFP-33,,Spindle,,PT. BUMA,Site SDJ,HB,M5153CLT,Machining the ID Spindle,,1,,,,,1.00009E+12,,,,1,,,,,,,,,
425911,1000085148,230,SDFP-33,,Spindle,,PT. BUMA,Site SDJ,QC2,M5153QC2,Check Crack ,,0.5,,,,,1.00009E+12,,,,1,,,,,,,,,
515244,1000120767,70,SHSG-302,,Head As Front Suspension,777,Putra Perkasa Abadi PT.,BIB,HDR,M5153HDR,Handressing,,1,,,,,1.00012E+11,0,,,1,,,,,,,,,
516067,1000120767,50,SHSG-302,,Head As Front Suspension,777,Putra Perkasa Abadi PT.,BIB,SYG,M5153COR,Machining OD stub,,4,,,FINISH,12/19/2025,1.00012E+11,0,,,1,,,,,,,,,
425910,1000085148,220,SDFP-33,,Spindle,,PT. BUMA,Site SDJ,WM3,M5153WM3,Welding  the retainer area,,1.5,,,,,1.00009E+12,,,,1,,,,,,,,,
425909,1000085148,210,SDFP-33,,Spindle,,PT. BUMA,Site SDJ,WM3,M5153WM3,Welding the OD bearing seat 2,,1,,,,,1.00009E+12,,,,1,,,,,,,,,
425908,1000085148,200,SDFP-33,,Spindle,,PT. BUMA,Site SDJ,WM3,M5153WM3,Welding the OD bearing seat 1,,1,,,,,1.00009E+12,,,,1,,,,,,,,,
425903,1000085148,150,SDFP-33,,Spindle,,PT. BUMA,Site SDJ,WM3,M5153WM3,Welding the thread holes,,0.5,,,,,1.00009E+12,,,,1,,,,,,,,,
425902,1000085148,140,SDFP-33,,Spindle,,PT. BUMA,Site SDJ,WM3,M5153WM3,Welding the ID thread ,,1,,,,,1.00009E+12,,,,1,,,,,,,,,
425901,1000085148,130,SDFP-33,,Spindle,,PT. BUMA,Site SDJ,WM3,M5153WM3,Weld worn out area,,1,,,,,1.00009E+12,,,,1,,,,,,,,,
425924,1000085148,360,SDFP-33,,Spindle,,PT. BUMA,Site SDJ,QC2,M5153QC2,Final inspection,,1,,,,,1.00009E+12,,,,1,,,,,,,,,
425900,1000085148,120,SDFP-33,,Spindle,,PT. BUMA,Site SDJ,WM3,M5153WM3,Weld cracks,,2,,,,,1.00009E+12,,,,1,,,,,,,,,
425899,1000085148,110,SDFP-33,,Spindle,,PT. BUMA,Site SDJ,MGN1,M5153COR,Striping the retainer area,,1,,,,,1.00009E+12,,,,1,,,,,,,,,
425898,1000085148,100,SDFP-33,,Spindle,,PT. BUMA,Site SDJ,MGN1,M5153COR,Striping the OD bearing seat 2,,0.5,,,,,1.00009E+12,,,,1,,,,,,,,,
425896,1000085148,80,SDFP-33,,Spindle,,PT. BUMA,Site SDJ,MGN1,M5153COR,Striping the OD middle worn out area,,1,,,,,1.00009E+11,,,,1,,,,,,,,,
425895,1000085148,70,SDFP-33,,Spindle,,PT. BUMA,Site SDJ,MGN1,M5153COR,Striping the OD thread ,,0.5,,,,,1.00009E+11,,,,1,,,,,,,,,
425894,1000085148,60,SDFP-33,,Spindle,,PT. BUMA,Site SDJ,HB,M5153CLT,Striping the ID bearing seat 2,,1,,,,,1.00009E+11,,,,1,,,,,,,,,
425893,1000085148,50,SDFP-33,,Spindle,,PT. BUMA,Site SDJ,HB,M5153CLT,Striping the ID bearing seat 1,,1,,,,,1.00009E+11,,,,1,,,,,,,,,
425892,1000085148,40,SDFP-33,,Spindle,,PT. BUMA,Site SDJ,HB,M5153CLT,Striping the thread  holes,,0.5,,,,,1.00009E+11,,,,1,,,,,,,,,
425275,1000085065,80,SDFP-34,DTSC41035,Flange Half Differential,,PT. BUMA,SDJ,SYG,M5153COR,Striping retainer faces,,2,,,,,1.00009E+11,,,,1,,,,,,,,,
425277,1000085065,110,SDFP-34,DTSC41035,Flange Half Differential,,PT. BUMA,SDJ,WM3,M5153WM3,Welding thrust washer face,,1.5,,,,,1.00009E+12,,,,1,,,,,,,,,
425276,1000085065,90,SDFP-34,DTSC41035,Flange Half Differential,,PT. BUMA,SDJ,QC2,M5153QC2,Check crack,,0.5,,,,,1.00009E+11,,,,1,,,,,,,,,
425281,1000085065,190,SDFP-34,DTSC41035,Flange Half Differential,,PT. BUMA,SDJ,HDR,M5153HDR,Handressing ,,0.5,,,,,1.00009E+12,,,,1,,,,,,,,,
425282,1000085065,200,SDFP-34,DTSC41035,Flange Half Differential,,PT. BUMA,SDJ,QC2,M5153QC2,Inspection,,0.5,,,,,1.00009E+12,,,,1,,,,,,,,,
425280,1000085065,150,SDFP-34,DTSC41035,Flange Half Differential,,PT. BUMA,SDJ,SYG,M5153COR,Machining thrust washer face,,1.5,,,,,1.00009E+12,,,,1,,,,,,,,,
425279,1000085065,140,SDFP-34,DTSC41035,Flange Half Differential,,PT. BUMA,SDJ,SYG,M5153COR,Machining retainer faces,,6,,,,,1.00009E+12,,,,1,,,,,,,,,
425278,1000085065,130,SDFP-34,DTSC41035,Flange Half Differential,,PT. BUMA,SDJ,WM3,M5153WM3,Welding retainer faces,,6,,,,,1.00009E+12,,,,1,,,,,,,,,
425274,1000085065,60,SDFP-34,DTSC41035,Flange Half Differential,,PT. BUMA,SDJ,SYG,M5153COR,Striping thrust washer face,,0.5,,,,,1.00009E+11,,,,1,,,,,,,,,
425273,1000085065,40,SDFP-34,DTSC41035,Flange Half Differential,,PT. BUMA,SDJ,QC2,M5153QC2,Inspection,,1,,,,,1.00009E+11,,,,1,,,,,,,,,
425272,1000085065,30,SDFP-34,DTSC41035,Flange Half Differential,,PT. BUMA,SDJ,SYG,M5153COR,Machining  bearing seat and end face contact area,,2,,,,,1.00009E+11,,,,1,,,,,,,,,
425298,1000085066,160,SDFP-35,DTSC41035,Flange Half Differential,,PT. BUMA,SDJ,ASY,M5153ASY,Assembly flange and plain half differential,,1,,,,,1.00009E+12,,,,1,,,,,,,,,
425295,1000085066,130,SDFP-35,DTSC41035,Flange Half Differential,,PT. BUMA,SDJ,WM3,M5153WM3,Welding retainer faces,,6,,,,,1.00009E+12,,,,1,,,,,,,,,
425294,1000085066,120,SDFP-35,DTSC41035,Flange Half Differential,,PT. BUMA,SDJ,WM3,M5153WM3,Welding spyder bores,,6,,,,,1.00009E+12,,,,1,,,,,,,,,
425292,1000085066,100,SDFP-35,DTSC41035,Flange Half Differential,,PT. BUMA,SDJ,WM3,M5153WM3,Welding OD bearing seat,,1.5,,,,,1.00009E+12,,,,1,,,,,,,,,
425291,1000085066,90,SDFP-35,DTSC41035,Flange Half Differential,,PT. BUMA,SDJ,QC2,M5153QC2,Check crack,,0.5,,,,,1.00009E+11,,,,1,,,,,,,,,
425290,1000085066,80,SDFP-35,DTSC41035,Flange Half Differential,,PT. BUMA,SDJ,SYG,M5153COR,Striping retainer faces,,2,,,,,1.00009E+11,,,,1,,,,,,,,,
425285,1000085066,30,SDFP-35,DTSC41035,Flange Half Differential,,PT. BUMA,SDJ,SYG,M5153COR,Machining  bearing seat and end face contact area,,2,,,,,1.00009E+11,,,,1,,,,,,,,,
425286,1000085066,40,SDFP-35,DTSC41035,Flange Half Differential,,PT. BUMA,SDJ,QC2,M5153QC2,Inspection,,1,,,,,1.00009E+11,,,,1,,,,,,,,,
425287,1000085066,50,SDFP-35,DTSC41035,Flange Half Differential,,PT. BUMA,SDJ,SYG,M5153COR,Striping OD bearing seat,,0.5,,,,,1.00009E+11,,,,1,,,,,,,,,
425289,1000085066,70,SDFP-35,DTSC41035,Flange Half Differential,,PT. BUMA,SDJ,HB,M5153CLT,Striping spyder bores,,2,,,,,1.00009E+11,,,,1,,,,,,,,,
425288,1000085066,60,SDFP-35,DTSC41035,Flange Half Differential,,PT. BUMA,SDJ,SYG,M5153COR,Striping thrust washer face,,0.5,,,,,1.00009E+11,,,,1,,,,,,,,,
425283,1000085066,10,SDFP-35,DTSC41035,Flange Half Differential,,PT. BUMA,SDJ,DIS,M5153DIS,Remove dowel and bearing,,3,,,,,1.00009E+11,,,,1,,,,,,,,,
425284,1000085066,20,SDFP-35,DTSC41035,Flange Half Differential,,PT. BUMA,SDJ,WM2,M5153WM2,Weld worn out area bearing seat,,1,,,,,1.00009E+11,,,,1,,,,,,,,,
425293,1000085066,110,SDFP-35,DTSC41035,Flange Half Differential,,PT. BUMA,SDJ,WM3,M5153WM3,Welding thrust washer face,,1.5,,,,,1.00009E+12,,,,1,,,,,,,,,
425296,1000085066,140,SDFP-35,DTSC41035,Flange Half Differential,,PT. BUMA,SDJ,SYG,M5153COR,Machining retainer faces,,6,,,,,1.00009E+12,,,,1,,,,,,,,,
425313,1000085067,110,SDFP-36,DTSC41035,Flange Half Differential,,PT. BUMA,SDJ,WM3,M5153WM3,Welding thrust washer face,,1.5,,,,,1.00009E+12,,,,1,,,,,,,,,
516072,1000120769,100,SHSG-302,102-6341,Gland As Front Suspension,777G,PT. Putra Perkasa Abadi,BIB,,,Deleted prrocess,,0,,,,,1.00012E+12,0,,,2,,,,,,,,,
516069,1000120769,70,SHSG-302,102-6341,Gland As Front Suspension,777G,PT. Putra Perkasa Abadi,BIB,,,Deleted prrocess,,0,,,,,1.00012E+11,0,,,2,,,,,,,,,
516073,1000120769,110,SHSG-302,102-6341,Gland As Front Suspension,777G,PT. Putra Perkasa Abadi,BIB,,,Deleted prrocess,,0,,,,,1.00012E+12,0,,,2,,,,,,,,,
516071,1000120769,90,SHSG-302,102-6341,Gland As Front Suspension,777G,PT. Putra Perkasa Abadi,BIB,,,Deleted prrocess,,0,,,,,1.00012E+11,0,,,2,,,,,,,,,
516070,1000120769,80,SHSG-302,102-6341,Gland As Front Suspension,777G,PT. Putra Perkasa Abadi,BIB,,,Deleted prrocess,,0,,,,,1.00012E+11,0,,,2,,,,,,,,,
516074,1000120769,120,SHSG-302,102-6341,Gland As Front Suspension,777G,PT. Putra Perkasa Abadi,BIB,,,Deleted prrocess,,0,,,,,1.00012E+12,0,,,2,,,,,,,,,
516075,1000120769,130,SHSG-302,102-6341,Gland As Front Suspension,777G,PT. Putra Perkasa Abadi,BIB,,,Deleted prrocess,,0,,,,,1.00012E+12,0,,,2,,,,,,,,,
516076,1000120769,140,SHSG-302,102-6341,Gland As Front Suspension,777G,PT. Putra Perkasa Abadi,BIB,,,Deleted prrocess,,0,,,,,1.00012E+12,0,,,2,,,,,,,,,
516077,1000120769,150,SHSG-302,102-6341,Gland As Front Suspension,777G,PT. Putra Perkasa Abadi,BIB,,,Deleted prrocess,,0,,,,,1.00012E+12,0,,,2,,,,,,,,,
516078,1000120769,160,SHSG-302,102-6341,Gland As Front Suspension,777G,PT. Putra Perkasa Abadi,BIB,,,Deleted prrocess,,0,,,,,1.00012E+12,0,,,2,,,,,,,,,
516079,1000120769,170,SHSG-302,102-6341,Gland As Front Suspension,777G,PT. Putra Perkasa Abadi,BIB,,,Deleted prrocess,,0,,,,,1.00012E+12,0,,,2,,,,,,,,,
516080,1000120769,180,SHSG-302,102-6341,Gland As Front Suspension,777G,PT. Putra Perkasa Abadi,BIB,,,Deleted prrocess,,0,,,,,1.00012E+12,0,,,2,,,,,,,,,
516081,1000120769,190,SHSG-302,102-6341,Gland As Front Suspension,777G,PT. Putra Perkasa Abadi,BIB,,,Deleted prrocess,,0,,,,,1.00012E+12,0,,,2,,,,,,,,,
516082,1000120769,200,SHSG-302,102-6341,Gland As Front Suspension,777G,PT. Putra Perkasa Abadi,BIB,,,Deleted prrocess,,0,,,,,1.00012E+12,0,,,2,,,,,,,,,
516083,1000120769,210,SHSG-302,102-6341,Gland As Front Suspension,777G,PT. Putra Perkasa Abadi,BIB,,,Deleted prrocess,,0,,,,,1.00012E+12,0,,,2,,,,,,,,,
516084,1000120769,220,SHSG-302,102-6341,Gland As Front Suspension,777G,PT. Putra Perkasa Abadi,BIB,,,Deleted prrocess,,0,,,,,1.00012E+12,0,,,2,,,,,,,,,
515263,1000120769,20,SHSG-302,102-6341,Gland As Front Suspension,777G,PT. Putra Perkasa Abadi,BIB,BSW,M5153BSW,Cutting Material,,2,,,,,1.00012E+11,0,,,2,,,,,,,,,
515264,1000120769,30,SHSG-302,102-6341,Gland As Front Suspension,777G,PT. Putra Perkasa Abadi,BIB,SYG,M5153COR,"Machining ID, OD , and Face",,15,,,,,1.00012E+11,0,,,2,,,,,,,,,
516068,1000120769,60,SHSG-302,102-6341,Gland As Front Suspension,777G,PT. Putra Perkasa Abadi,BIB,BSW,M5153BSW,Cutting Material,,0,,,,,1.00012E+11,0,,,2,,,,,,,,,
425312,1000085067,100,SDFP-36,DTSC41035,Flange Half Differential,,PT. BUMA,SDJ,WM3,M5153WM3,Welding OD bearing seat,,1.5,,,,,1.00009E+12,,,,1,,,,,,,,,
425307,1000085067,50,SDFP-36,DTSC41035,Flange Half Differential,,PT. BUMA,SDJ,SYG,M5153COR,Striping OD bearing seat,,0.5,,,,,1.00009E+11,,,,1,,,,,,,,,
425311,1000085067,90,SDFP-36,DTSC41035,Flange Half Differential,,PT. BUMA,SDJ,QC2,M5153QC2,Check crack,,0.5,,,,,1.00009E+11,,,,1,,,,,,,,,
425321,1000085067,190,SDFP-36,DTSC41035,Flange Half Differential,,PT. BUMA,SDJ,HDR,M5153HDR,Handressing ,,0.5,,,,,1.00009E+12,,,,1,,,,,,,,,
425308,1000085067,60,SDFP-36,DTSC41035,Flange Half Differential,,PT. BUMA,SDJ,SYG,M5153COR,Striping thrust washer face,,0.5,,,,,1.00009E+11,,,,1,,,,,,,,,
425304,1000085067,20,SDFP-36,DTSC41035,Flange Half Differential,,PT. BUMA,SDJ,WM2,M5153WM2,Weld worn out area bearing seat,,1,,,,,1.00009E+11,,,,1,,,,,,,,,
425303,1000085067,10,SDFP-36,DTSC41035,Flange Half Differential,,PT. BUMA,SDJ,DIS,M5153DIS,Remove dowel and bearing,,3,,,,,1.00009E+11,,,,1,,,,,,,,,
425318,1000085067,160,SDFP-36,DTSC41035,Flange Half Differential,,PT. BUMA,SDJ,ASY,M5153ASY,Assembly flange and plain half differential,,1,,,,,1.00009E+12,,,,1,,,,,,,,,
425319,1000085067,170,SDFP-36,DTSC41035,Flange Half Differential,,PT. BUMA,SDJ,SYG,M5153COR,Machining OD bearing seat,,1.5,,,,,1.00009E+12,,,,1,,,,,,,,,
425320,1000085067,180,SDFP-36,DTSC41035,Flange Half Differential,,PT. BUMA,SDJ,HB,M5153CLT,Machining spyder bores,,8,,,,,1.00009E+12,,,,1,,,,,,,,,
425317,1000085067,150,SDFP-36,DTSC41035,Flange Half Differential,,PT. BUMA,SDJ,SYG,M5153COR,Machining thrust washer face,,1.5,,,,,1.00009E+12,,,,1,,,,,,,,,
425316,1000085067,140,SDFP-36,DTSC41035,Flange Half Differential,,PT. BUMA,SDJ,SYG,M5153COR,Machining retainer faces,,6,,,,,1.00009E+12,,,,1,,,,,,,,,
425315,1000085067,130,SDFP-36,DTSC41035,Flange Half Differential,,PT. BUMA,SDJ,WM3,M5153WM3,Welding retainer faces,,6,,,,,1.00009E+12,,,,1,,,,,,,,,
425314,1000085067,120,SDFP-36,DTSC41035,Flange Half Differential,,PT. BUMA,SDJ,WM3,M5153WM3,Welding spyder bores,,6,,,,,1.00009E+12,,,,1,,,,,,,,,
425309,1000085067,70,SDFP-36,DTSC41035,Flange Half Differential,,PT. BUMA,SDJ,HB,M5153CLT,Striping spyder bores,,2,,,,,1.00009E+11,,,,1,,,,,,,,,
425310,1000085067,80,SDFP-36,DTSC41035,Flange Half Differential,,PT. BUMA,SDJ,SYG,M5153COR,Striping retainer faces,,2,,,,,1.00009E+11,,,,1,,,,,,,,,
425322,1000085067,200,SDFP-36,DTSC41035,Flange Half Differential,,PT. BUMA,SDJ,QC2,M5153QC2,Inspection,,0.5,,,,,1.00009E+12,,,,1,,,,,,,,,
425306,1000085067,40,SDFP-36,DTSC41035,Flange Half Differential,,PT. BUMA,SDJ,QC2,M5153QC2,Inspection,,1,,,,,1.00009E+11,,,,1,,,,,,,,,
425305,1000085067,30,SDFP-36,DTSC41035,Flange Half Differential,,PT. BUMA,SDJ,SYG,M5153COR,Machining  bearing seat and end face contact area,,2,,,,,1.00009E+11,,,,1,,,,,,,,,
426327,1000085190,70,SDFP-37,504-4889,Flange Half Differential,,PT. Cipta Kridatama,Site BIB,MGN1,M5153COR,Machining end face contact area,,4,,,,,1.00009E+11,,,,1,,,,,,,,,
426336,1000085190,160,SDFP-37,504-4889,Flange Half Differential,,PT. Cipta Kridatama,Site BIB,MTS,M5153MTS,Metal spray retainer faces,,6,,,,,1.00009E+12,,,,1,,,,,,,,,
426335,1000085190,150,SDFP-37,504-4889,Flange Half Differential,,PT. Cipta Kridatama,Site BIB,MTS,M5153MTS,Metal spray spyder bores,,6,,,,,1.00009E+12,,,,1,,,,,,,,,
426334,1000085190,140,SDFP-37,504-4889,Flange Half Differential,,PT. Cipta Kridatama,Site BIB,MTS,M5153MTS,Metal spray thrust washer face,,0.05,,,,,1.00009E+12,,,,1,,,,,,,,,
426333,1000085190,130,SDFP-37,504-4889,Flange Half Differential,,PT. Cipta Kridatama,Site BIB,MTS,M5153MTS,Metal spray OD bearing seat,,0.05,,,,,1.00009E+12,,,,1,,,,,,,,,
426332,1000085190,120,SDFP-37,504-4889,Flange Half Differential,,PT. Cipta Kridatama,Site BIB,HB,M5153CLT,Striping retainer faces,,2,,,,,1.00009E+12,,,,1,,,,,,,,,
426331,1000085190,110,SDFP-37,504-4889,Flange Half Differential,,PT. Cipta Kridatama,Site BIB,HB,M5153CLT,Striping spyder bores,,2,,,,,1.00009E+12,,,,1,,,,,,,,,
426330,1000085190,100,SDFP-37,504-4889,Flange Half Differential,,PT. Cipta Kridatama,Site BIB,MGN1,M5153COR,Striping thrust washer face,,0,,,,,1.00009E+12,,,,1,,,,,,,,,
426329,1000085190,90,SDFP-37,504-4889,Flange Half Differential,,PT. Cipta Kridatama,Site BIB,MGN1,M5153COR,Striping OD bearing seat,,0,,,,,1.00009E+11,,,,1,,,,,,,,,
426328,1000085190,80,SDFP-37,504-4889,Flange Half Differential,,PT. Cipta Kridatama,Site BIB,QC2,M5153QC2,Inspection,,1,,,,,1.00009E+11,,,,1,,,,,,,,,
426346,1000085190,260,SDFP-37,504-4889,Flange Half Differential,,PT. Cipta Kridatama,Site BIB,QC2,M5153QC2,Inspection,,0,,,,,1.00009E+12,,,,1,,,,,,,,,
426345,1000085190,250,SDFP-37,504-4889,Flange Half Differential,,PT. Cipta Kridatama,Site BIB,HDR,M5153HDR,Handressing ,,0,,,,,1.00009E+12,,,,1,,,,,,,,,
426344,1000085190,240,SDFP-37,504-4889,Flange Half Differential,,PT. Cipta Kridatama,Site BIB,HB,M5153CLT,Drill to enlarge bolt holes,,7,,,,,1.00009E+12,,,,1,,,,,,,,,
426343,1000085190,230,SDFP-37,504-4889,Flange Half Differential,,PT. Cipta Kridatama,Site BIB,ASY,M5153ASY,Install new dowels,,0.05,,,,,1.00009E+12,,,,1,,,,,,,,,
510177,1000120381,10,SFRM-739,,Bending Plate,,Sanggar Sarana Baja PT.,Tanjung,,,Start Fabrication,,0,,,,,1.00012E+11,,,,1,,,,,,,,,
426342,1000085190,220,SDFP-37,504-4889,Flange Half Differential,,PT. Cipta Kridatama,Site BIB,HB,M5153CLT,Drill dowel holes,,3,,,,,1.00009E+12,,,,1,,,,,,,,,
426341,1000085190,210,SDFP-37,504-4889,Flange Half Differential,,PT. Cipta Kridatama,Site BIB,HB,M5153CLT,Machining spyder bores,,8,,,,,1.00009E+12,,,,1,,,,,,,,,
426340,1000085190,200,SDFP-37,504-4889,Flange Half Differential,,PT. Cipta Kridatama,Site BIB,MGN1,M5153COR,Machining OD bearing seat,,2,,,,,1.00009E+12,,,,1,,,,,,,,,
426339,1000085190,190,SDFP-37,504-4889,Flange Half Differential,,PT. Cipta Kridatama,Site BIB,ASY,M5153ASY,Assembly flange and plain half differential,,1,,,,,1.00009E+12,,,,1,,,,,,,,,
426338,1000085190,180,SDFP-37,504-4889,Flange Half Differential,,PT. Cipta Kridatama,Site BIB,MGN1,M5153COR,Machining thrust washer face,,2,,,,,1.00009E+12,,,,1,,,,,,,,,
426337,1000085190,170,SDFP-37,504-4889,Flange Half Differential,,PT. Cipta Kridatama,Site BIB,HB,M5153CLT,Machining retainer faces,,6,,,,,1.00009E+12,,,,1,,,,,,,,,
426361,1000085191,150,SDFP-38,6G-7167,Plain Half Differential,,PT. Cipta Kridatama,Site BIB,HB,M5153CLT,Machining retainer faces,,6,,,,,1.00009E+12,,,,1,,,,,,,,,
426356,1000085191,100,SDFP-38,6G-7167,Plain Half Differential,,PT. Cipta Kridatama,Site BIB,HB,M5153CLT,Striping retainer faces,,2,,,,,1.00009E+12,,,,1,,,,,,,,,
426357,1000085191,110,SDFP-38,6G-7167,Plain Half Differential,,PT. Cipta Kridatama,Site BIB,MTS,M5153MTS,Metal spray OD bearing seat,,0.05,,,,,1.00009E+12,,,,1,,,,,,,,,
426347,1000085191,10,SDFP-38,6G-7167,Plain Half Differential,,PT. Cipta Kridatama,Site BIB,DIS,M5153DIS,Remove dowel and bearing,,3,,,,,1.00009E+11,,,,1,,,,,,,,,
426349,1000085191,30,SDFP-38,6G-7167,Plain Half Differential,,PT. Cipta Kridatama,Site BIB,WM3,M5153WM3,Remove Crack,,10,,,,,1.00009E+11,,,,1,,,,,,,,,
426350,1000085191,40,SDFP-38,6G-7167,Plain Half Differential,,PT. Cipta Kridatama,Site BIB,WM3,M5153WM3,Weld worn out area,,4,,,,,1.00009E+11,,,,1,,,,,,,,,
426351,1000085191,50,SDFP-38,6G-7167,Plain Half Differential,,PT. Cipta Kridatama,Site BIB,WM3,M5153WM3,Weld Crack area,,20,,,,,1.00009E+11,,,,1,,,,,,,,,
426363,1000085191,170,SDFP-38,6G-7167,Plain Half Differential,,PT. Cipta Kridatama,Site BIB,ASY,M5153ASY,Assembly flange and plain half differential,,1,,,,,1.00009E+12,,,,1,,,,,,,,,
426352,1000085191,60,SDFP-38,6G-7167,Plain Half Differential,,PT. Cipta Kridatama,Site BIB,MGN1,M5153COR,Machining end face contact area,,4,,,,,1.00009E+11,,,,1,,,,,,,,,
426353,1000085191,70,SDFP-38,6G-7167,Plain Half Differential,,PT. Cipta Kridatama,Site BIB,MGN1,M5153COR,Striping OD bearing seat,,0,,,,,1.00009E+11,,,,1,,,,,,,,,
426360,1000085191,140,SDFP-38,6G-7167,Plain Half Differential,,PT. Cipta Kridatama,Site BIB,MTS,M5153MTS,Metal spray retainer faces,,6,,,,,1.00009E+12,,,,1,,,,,,,,,
426359,1000085191,130,SDFP-38,6G-7167,Plain Half Differential,,PT. Cipta Kridatama,Site BIB,MTS,M5153MTS,Metal spray spyder bores,,6,,,,,1.00009E+12,,,,1,,,,,,,,,
426354,1000085191,80,SDFP-38,6G-7167,Plain Half Differential,,PT. Cipta Kridatama,Site BIB,MGN1,M5153COR,Striping thrust washer face,,0,,,,,1.00009E+11,,,,1,,,,,,,,,
426355,1000085191,90,SDFP-38,6G-7167,Plain Half Differential,,PT. Cipta Kridatama,Site BIB,HB,M5153CLT,Striping spyder bores,,2,,,,,1.00009E+11,,,,1,,,,,,,,,
426358,1000085191,120,SDFP-38,6G-7167,Plain Half Differential,,PT. Cipta Kridatama,Site BIB,MTS,M5153MTS,Metal spray thrust washer face,,0.05,,,,,1.00009E+12,,,,1,,,,,,,,,
426369,1000085191,230,SDFP-38,6G-7167,Plain Half Differential,,PT. Cipta Kridatama,Site BIB,QC2,M5153QC2,Inspection,,0,,,,,1.00009E+12,,,,1,,,,,,,,,
426368,1000085191,220,SDFP-38,6G-7167,Plain Half Differential,,PT. Cipta Kridatama,Site BIB,HDR,M5153HDR,Handressing ,,0,,,,,1.00009E+12,,,,1,,,,,,,,,
426367,1000085191,210,SDFP-38,6G-7167,Plain Half Differential,,PT. Cipta Kridatama,Site BIB,ASY,M5153ASY,Install new dowels,,0.05,,,,,1.00009E+12,,,,1,,,,,,,,,
426366,1000085191,200,SDFP-38,6G-7167,Plain Half Differential,,PT. Cipta Kridatama,Site BIB,HB,M5153CLT,Drill dowel holes,,3,,,,,1.00009E+12,,,,1,,,,,,,,,
426362,1000085191,160,SDFP-38,6G-7167,Plain Half Differential,,PT. Cipta Kridatama,Site BIB,MGN1,M5153COR,Machining thrust washer face,,0.05,,,,,1.00009E+12,,,,1,,,,,,,,,
426365,1000085191,190,SDFP-38,6G-7167,Plain Half Differential,,PT. Cipta Kridatama,Site BIB,HB,M5153CLT,Machining spyder bores,,8,,,,,1.00009E+12,,,,1,,,,,,,,,
426364,1000085191,180,SDFP-38,6G-7167,Plain Half Differential,,PT. Cipta Kridatama,Site BIB,MGN1,M5153COR,Machining OD bearing seat,,0.05,,,,,1.00009E+12,,,,1,,,,,,,,,
516091,1000120769,290,SHSG-302,102-6341,Gland As Front Suspension,777G,PT. Putra Perkasa Abadi,BIB,,,Deleted prrocess,,0,,,,,1.00012E+12,0,,,2,,,,,,,,,
516092,1000120769,300,SHSG-302,102-6341,Gland As Front Suspension,777G,PT. Putra Perkasa Abadi,BIB,,,Deleted prrocess,,0,,,,,1.00012E+12,0,,,2,,,,,,,,,
516093,1000120769,310,SHSG-302,102-6341,Gland As Front Suspension,777G,PT. Putra Perkasa Abadi,BIB,,,Deleted prrocess,,0,,,,,1.00012E+12,0,,,2,,,,,,,,,
516094,1000120769,320,SHSG-302,102-6341,Gland As Front Suspension,777G,PT. Putra Perkasa Abadi,BIB,,,Deleted prrocess,,0,,,,,1.00012E+12,0,,,2,,,,,,,,,
516095,1000120769,330,SHSG-302,102-6341,Gland As Front Suspension,777G,PT. Putra Perkasa Abadi,BIB,,,Deleted prrocess,,0,,,,,1.00012E+12,0,,,2,,,,,,,,,
516096,1000120769,340,SHSG-302,102-6341,Gland As Front Suspension,777G,PT. Putra Perkasa Abadi,BIB,,,Deleted prrocess,,0,,,,,1.00012E+12,0,,,2,,,,,,,,,
516097,1000120769,350,SHSG-302,102-6341,Gland As Front Suspension,777G,PT. Putra Perkasa Abadi,BIB,,,Deleted prrocess,,0,,,,,1.00012E+12,0,,,2,,,,,,,,,
516098,1000120769,360,SHSG-302,102-6341,Gland As Front Suspension,777G,PT. Putra Perkasa Abadi,BIB,,,Deleted prrocess,,0,,,,,1.00012E+12,0,,,2,,,,,,,,,
516099,1000120769,370,SHSG-302,102-6341,Gland As Front Suspension,777G,PT. Putra Perkasa Abadi,BIB,,,Deleted prrocess,,0,,,,,1.00012E+12,0,,,2,,,,,,,,,
516100,1000120769,380,SHSG-302,102-6341,Gland As Front Suspension,777G,PT. Putra Perkasa Abadi,BIB,,,Deleted prrocess,,0,,,,,1.00012E+12,0,,,2,,,,,,,,,
516101,1000120769,390,SHSG-302,102-6341,Gland As Front Suspension,777G,PT. Putra Perkasa Abadi,BIB,,,Deleted prrocess,,0,,,,,1.00012E+12,0,,,2,,,,,,,,,
516085,1000120769,230,SHSG-302,102-6341,Gland As Front Suspension,777G,PT. Putra Perkasa Abadi,BIB,,,Deleted prrocess,,0,,,,,1.00012E+12,0,,,2,,,,,,,,,
516086,1000120769,240,SHSG-302,102-6341,Gland As Front Suspension,777G,PT. Putra Perkasa Abadi,BIB,,,Deleted prrocess,,0,,,,,1.00012E+12,0,,,2,,,,,,,,,
516087,1000120769,250,SHSG-302,102-6341,Gland As Front Suspension,777G,PT. Putra Perkasa Abadi,BIB,,,Deleted prrocess,,0,,,,,1.00012E+12,0,,,2,,,,,,,,,
516088,1000120769,260,SHSG-302,102-6341,Gland As Front Suspension,777G,PT. Putra Perkasa Abadi,BIB,,,Deleted prrocess,,0,,,,,1.00012E+12,0,,,2,,,,,,,,,
516089,1000120769,270,SHSG-302,102-6341,Gland As Front Suspension,777G,PT. Putra Perkasa Abadi,BIB,,,Deleted prrocess,,0,,,,,1.00012E+12,0,,,2,,,,,,,,,
516090,1000120769,280,SHSG-302,102-6341,Gland As Front Suspension,777G,PT. Putra Perkasa Abadi,BIB,,,Deleted prrocess,,0,,,,,1.00012E+12,0,,,2,,,,,,,,,
426392,1000085192,90,SDFP-39,,Carrier Differential,,PT. Cipta Kridatama,Site BIB,MTS,M5153MTS,Metal Spray Bearing Seat 3,,4,,,,,1.00009E+11,,,,1,,,,,,,,,
426391,1000085192,80,SDFP-39,,Carrier Differential,,PT. Cipta Kridatama,Site BIB,MTS,M5153MTS,Metal Spray ID Bearing Seat 2,,6,,,,,1.00009E+11,,,,1,,,,,,,,,
426390,1000085192,70,SDFP-39,,Carrier Differential,,PT. Cipta Kridatama,Site BIB,MTS,M5153MTS,Metal Spray ID Bearing seat 1,,6,,,,,1.00009E+11,,,,1,,,,,,,,,
516102,1000120771,20,SHSG-302,,Rod as Front Suspension,777,Putra Perkasa Abadi PT.,BIB,HCP1,M5153CP1,Strip OD rod (Dechrome),,4,,,,,1.00012E+11,0,,,3,,,,,,,,,
426389,1000085192,61,SDFP-39,,Carrier Differential,,PT. Cipta Kridatama,Site BIB,VTL,M5153VTL,Strip flange face contact,,2,,,,,1.00009E+11,,,,1,,,,,,,,,
516103,1000120771,30,SHSG-302,,Rod as Front Suspension,777,Putra Perkasa Abadi PT.,BIB,MGN1,M5153COR,Strip OD rod ,,4,,,,,1.00012E+11,0,,,3,,(Worn Out Area),,,,,,,
516104,1000120771,40,SHSG-302,,Rod as Front Suspension,777,Putra Perkasa Abadi PT.,BIB,QC2,M5153QC2,Check Crack,,1,,,,,1.00012E+11,0,,,3,,Check Crack after Dechrome ,,,,,,,
426388,1000085192,60,SDFP-39,,Carrier Differential,,PT. Cipta Kridatama,Site BIB,VTL,M5153VTL,Strip ID Bearing Seat 3,,2,,,,,1.00009E+11,,,,1,,,,,,,,,
516105,1000120771,50,SHSG-302,,Rod as Front Suspension,777,Putra Perkasa Abadi PT.,BIB,RD,M5153RD1,Strip ID Ball Seat Hole,,2,,,,,1.00012E+11,0,,,3,,,,,,,,,
426387,1000085192,59,SDFP-39,,Carrier Differential,,PT. Cipta Kridatama,Site BIB,HB,M5153CLT,Setting before machine,,1,,,,,1.00009E+11,,,,1,,,,,,,,,
426393,1000085192,91,SDFP-39,,Carrier Differential,,PT. Cipta Kridatama,Site BIB,MTS,M5153MTS,Metal Spray flange face contact,,4,,,,,1.00009E+11,,,,1,,,,,,,,,
426394,1000085192,100,SDFP-39,,Carrier Differential,,PT. Cipta Kridatama,Site BIB,HB,M5153CLT,Machining remove excessive spray material,,6,,,,,1.00009E+12,,,,1,,,,,,,,,
426395,1000085192,107,SDFP-39,,Carrier Differential,,PT. Cipta Kridatama,Site BIB,ASY,M5153ASY,Reinstall Cap Bearing 1,,1,,,,,1.00009E+12,,,,1,,,,,,,,,
426396,1000085192,108,SDFP-39,,Carrier Differential,,PT. Cipta Kridatama,Site BIB,ASY,M5153ASY,Reinstall Cap Bearing 2,,1,,,,,1.00009E+12,,,,1,,,,,,,,,
426397,1000085192,110,SDFP-39,,Carrier Differential,,PT. Cipta Kridatama,Site BIB,HB,M5153CLT,Machining Bearing Seat 1,,6,,,,,1.00009E+12,,,,1,,,,,,,,,
426398,1000085192,120,SDFP-39,,Carrier Differential,,PT. Cipta Kridatama,Site BIB,HB,M5153CLT,Machining Bearing Seat 2,,6,,,,,1.00009E+12,,,,1,,,,,,,,,
426399,1000085192,130,SDFP-39,,Carrier Differential,,PT. Cipta Kridatama,Site BIB,HB,M5153CLT,Machining Bearing Seat 3,,4,,,,,1.00009E+12,,,,1,,,,,,,,,
426380,1000085192,25,SDFP-39,,Carrier Differential,,PT. Cipta Kridatama,Site BIB,WM3,M5153WM3,Weld freetings at retainer surface area,,1,,,,,1.00009E+11,,,,1,,,,,,,,,
426379,1000085192,20,SDFP-39,,Carrier Differential,,PT. Cipta Kridatama,Site BIB,WM3,M5153WM3,Weld crack on web area,,4,,,,,1.00009E+11,,,,1,,,,,,,,,
426378,1000085192,17,SDFP-39,,Carrier Differential,,PT. Cipta Kridatama,Site BIB,WM3,M5153WM3,Remove Cracks,,1,,,,,1.00009E+11,,,,1,,,,,,,,,
426372,1000085192,6,SDFP-39,,Carrier Differential,,PT. Cipta Kridatama,Site BIB,DIS,M5153DIS,Remove bearing,,1,,,,,10000851926,,,,1,,,,,,,,,
427884,1000086449,60,SDFP-40,504-4889,Flange Half Differential,,PT. Cipta Kridatama,Site BMB,WM3,M5153WM3,Weld Crack area,,4,,,,,1.00009E+11,,,,1,,,,,,,,,
427907,1000086450,60,SDFP-41,6G-7167,Plain Half Differential,,PT. Cipta Kridatama,Site BMB,MGN1,M5153COR,Machining end face contact area,,4,,,,,1.00009E+11,,,,1,,,,,,,,,
427904,1000086450,10,SDFP-41,6G-7167,Plain Half Differential,,PT. Cipta Kridatama,Site BMB,DIS,M5153DIS,Remove dowel and bearing,,3,,,,,1.00009E+11,,,,1,,,,,,,,,
427919,1000086450,230,SDFP-41,6G-7167,Plain Half Differential,,PT. Cipta Kridatama,Site BMB,QC2,M5153QC2,Inspection,,0.5,,,,,1.00009E+12,,,,1,,,,,,,,,
427913,1000086450,160,SDFP-41,6G-7167,Plain Half Differential,,PT. Cipta Kridatama,Site BMB,MGN1,M5153COR,Machining thrust washer face,,1.5,,,,,1.00009E+12,,,,1,,,,,,,,,
427914,1000086450,180,SDFP-41,6G-7167,Plain Half Differential,,PT. Cipta Kridatama,Site BMB,MGN1,M5153COR,Machining OD bearing seat,,1.5,,,,,1.00009E+12,,,,1,,,,,,,,,
427912,1000086450,150,SDFP-41,6G-7167,Plain Half Differential,,PT. Cipta Kridatama,Site BMB,HB,M5153CLT,Machining retainer faces,,6,,,,,1.00009E+12,,,,1,,,,,,,,,
427918,1000086450,220,SDFP-41,6G-7167,Plain Half Differential,,PT. Cipta Kridatama,Site BMB,HDR,M5153HDR,Handressing ,,0.5,,,,,1.00009E+12,,,,1,,,,,,,,,
427911,1000086450,120,SDFP-41,6G-7167,Plain Half Differential,,PT. Cipta Kridatama,Site BMB,MTS,M5153MTS,Metal spray thrust washer face,,1.5,,,,,1.00009E+12,,,,1,,,,,,,,,
427910,1000086450,110,SDFP-41,6G-7167,Plain Half Differential,,PT. Cipta Kridatama,Site BMB,MTS,M5153MTS,Metal spray OD bearing seat,,1.5,,,,,1.00009E+12,,,,1,,,,,,,,,
427915,1000086450,190,SDFP-41,6G-7167,Plain Half Differential,,PT. Cipta Kridatama,Site BMB,HB,M5153CLT,Machining spyder bores,,8,,,,,1.00009E+12,,,,1,,,,,,,,,
427909,1000086450,80,SDFP-41,6G-7167,Plain Half Differential,,PT. Cipta Kridatama,Site BMB,MGN1,M5153COR,Striping thrust washer face,,0.5,,,,,1.00009E+11,,,,1,,,,,,,,,
427908,1000086450,70,SDFP-41,6G-7167,Plain Half Differential,,PT. Cipta Kridatama,Site BMB,MGN1,M5153COR,Striping OD bearing seat,,0.5,,,,,1.00009E+11,,,,1,,,,,,,,,
427906,1000086450,40,SDFP-41,6G-7167,Plain Half Differential,,PT. Cipta Kridatama,Site BMB,WM3,M5153WM3,Weld worn out area,,4,,,,,1.00009E+11,,,,1,,,,,,,,,
427917,1000086450,210,SDFP-41,6G-7167,Plain Half Differential,,PT. Cipta Kridatama,Site BMB,ASY,M5153ASY,Install new dowels,,1.5,,,,,1.00009E+12,,,,1,,,,,,,,,
427916,1000086450,200,SDFP-41,6G-7167,Plain Half Differential,,PT. Cipta Kridatama,Site BMB,HB,M5153CLT,Drill dowel holes,,3,,,,,1.00009E+12,,,,1,,,,,,,,,
427923,1000086453,50,SDFP-41,5T-9437,Shaft Spider Differential,,PT. Cipta Kridatama,Site BMB,POL1,M5153PL2,Polish OD of rod,,10,,,,,1.00009E+11,,,,2,,,,,,,,,
427920,1000086453,30,SDFP-41,5T-9437,Shaft Spider Differential,,PT. Cipta Kridatama,Site BMB,POL1,M5153PL2,Pre polish OD rod prior to chrome,,10,,,,,1.00009E+11,,,,2,,,,,,,,,
427921,1000086453,34,SDFP-41,5T-9437,Shaft Spider Differential,,PT. Cipta Kridatama,Site BMB,HCP2,M5153CP2,Hardchrome OD Of Rod,,4,,,,,1.00009E+11,,,,2,,,,,,,,,
427922,1000086453,40,SDFP-41,5T-9437,Shaft Spider Differential,,PT. Cipta Kridatama,Site BMB,HCP2,M5153CP2,Hardchrome OD Of Rod,,4,,,,,1.00009E+11,,,,2,,,,,,,,,
427924,1000086453,60,SDFP-41,5T-9437,Shaft Spider Differential,,PT. Cipta Kridatama,Site BMB,HDR,M5153HDR,Deburr after machining ,,0.5,,,,,1.00009E+11,,,,2,,,,,,,,,
427925,1000086453,70,SDFP-41,5T-9437,Shaft Spider Differential,,PT. Cipta Kridatama,Site BMB,QC2,M5153QC2,Post Inspect,,0.5,,,,,1.00009E+11,,,,2,,,,,,,,,
437085,1000092299,320,SDFP-42,561-22-73115,Rear Axle Housing,,PT. United Tractors,Site Satui,WM3,M5153WM3,Weld ID Suspension Bores,,4,,,,,1.00009E+12,,,,1,,,,,,,,,
437086,1000092299,330,SDFP-42,561-22-73115,Rear Axle Housing,,PT. United Tractors,Site Satui,WM2,M5153WM2,TIG weld all dents,,2,,,,,1.00009E+12,,,,1,,,,,,,,,
437084,1000092299,310,SDFP-42,561-22-73115,Rear Axle Housing,,PT. United Tractors,Site Satui,WM3,M5153WM3,Weld ID Lower Radius Rod Bores,,4,,,,,1.00009E+12,,,,1,,,,,,,,,
437099,1000092299,460,SDFP-42,561-22-73115,Rear Axle Housing,,PT. United Tractors,Site Satui,QC2,M5153QC2,Final Inspection,,1,,,,,1.00009E+12,,,,1,,,,,,,,,
437098,1000092299,450,SDFP-42,561-22-73115,Rear Axle Housing,,PT. United Tractors,Site Satui,HDR,M5153HDR,Handress & Retap All Threads Holes,,4,,,,,1.00009E+12,,,,1,,,,,,,,,
437072,1000092299,200,SDFP-42,561-22-73115,Rear Axle Housing,,PT. United Tractors,Site Satui,WM3,M5153WM3,Seting weld joint,,2,,,,,1.00009E+12,,,,1,,,,,,,,,
439075,1000092800,10,SFRM-256,,Frame,,PT. Cipta Kridatama,Site BMB,PPC,,Order Bosses,,0,,,,,1.00009E+11,,,,1,,,,,,,,,
516106,1000120772,20,SHSG-302,,Housing As Front Suspension,777G,Putra Perkasa Abadi PT.,BIB,HB,M5153CLT,Striping ID Lip Seal,,4,,,,,1.00012E+11,0,,,4,,,,,,,,,
516107,1000120772,30,SHSG-302,,Housing As Front Suspension,777G,Putra Perkasa Abadi PT.,BIB,HB,M5153CLT,Striping ID Wearing Seat,,6,,,,,1.00012E+11,0,,,4,,,,,,,,,
516108,1000120772,40,SHSG-302,,Housing As Front Suspension,777G,Putra Perkasa Abadi PT.,BIB,HDR,M5153HDR,Remove Scratch at Inner Surface,,2,,,,,1.00012E+11,0,,,4,,ID Between wearing seat & Liner Seat,,,,,,,
516109,1000120772,50,SHSG-302,,Housing As Front Suspension,777G,Putra Perkasa Abadi PT.,BIB,WM1,M5153WM1,Build UP ID Lip Seal,,4,,,,,1.00012E+11,0,,,4,,,,,,,,,
515250,1000120772,60,SHSG-302,,Housing As Front Suspension,777G,Putra Perkasa Abadi PT.,BIB,WM1,M5153WM1,Build UP ID Wearing Seat & Stopper Face,,10,,,,,1.00012E+11,0,,,4,,,,,,,,,
515257,1000120772,130,SHSG-302,,Housing As Front Suspension,777G,Putra Perkasa Abadi PT.,BIB,QC2,M5153QC2,Final Inspection,,1,,,,,1.00012E+12,0,,,4,,,,,,,,,
509980,1000119973,40,SDFP-100-I,561-22-73115,Axle Housing Differintial,HD785,Putra Perkasa Abadi PT.,BIB,QC2,,Check crack by NDT after repair crack,,2,,,,,1.00012E+11,,,,1,,,,,,,,,
509981,1000119973,50,SDFP-100-I,561-22-73115,Axle Housing Differintial,HD785,Putra Perkasa Abadi PT.,BIB,WM3,,Striping Thread Worn,,4,,,,,1.00012E+11,,,,1,,,,,,,,,
509982,1000119973,60,SDFP-100-I,561-22-73115,Axle Housing Differintial,HD785,Putra Perkasa Abadi PT.,BIB,WM3,,Flood Weld Thread Worn,,8,,,,,1.00012E+11,,,,1,,,,,,,,,
509983,1000119973,70,SDFP-100-I,561-22-73115,Axle Housing Differintial,HD785,Putra Perkasa Abadi PT.,BIB,RD,,Drill Hole & Thread,,8,,,,,1.00012E+11,,,,1,,,,,,,,,
509984,1000119973,80,SDFP-100-I,561-22-73115,Axle Housing Differintial,HD785,Putra Perkasa Abadi PT.,BIB,HDR,,Handressing,,2,,,,,1.00012E+11,,,,1,,,,,,,,,
516110,1000120768,20,SHSG-302,8J-8882,Piston As Front Suspension,777G,PT. Putra Perkasa Abadi,BIB,WM2,M5153WM2,Tig weld Dent / worn out area,,4,,,,,1.00012E+11,0,,,5,,,,,,,,,
516111,1000120768,30,SHSG-302,8J-8882,Piston As Front Suspension,777G,PT. Putra Perkasa Abadi,BIB,SYG,M5153COR,Light Skim Ex Tig Weld,,2,,,,,1.00012E+11,0,,,5,,,,,,,,,
516112,1000120768,40,SHSG-302,8J-8882,Piston As Front Suspension,777G,PT. Putra Perkasa Abadi,BIB,HDR,M5153HDR,Handressing,,1,,,,,1.00012E+11,0,,,5,,,,,,,,,
516113,1000120768,50,SHSG-302,8J-8882,Piston As Front Suspension,777G,PT. Putra Perkasa Abadi,BIB,QC2,M5153QC2,Post Inspection,,1,,,,,1.00012E+11,0,,,5,,,,,,,,,
509978,1000119973,20,SDFP-100-I,561-22-73115,Axle Housing Differintial,HD785,Putra Perkasa Abadi PT.,BIB,WM3,,Remove All Indication crack,,30,,,,,1.00012E+11,,,,1,,,,,,,,,
509979,1000119973,30,SDFP-100-I,561-22-73115,Axle Housing Differintial,HD785,Putra Perkasa Abadi PT.,BIB,WM3,,Weld crack area,,30,,,,,1.00012E+11,,,,1,,,,,,,,,
509977,1000119973,10,SDFP-100-I,561-22-73115,Axle Housing Differintial,HD785,Putra Perkasa Abadi PT.,BIB,,,Start Fabrication,,0,,,,,1.00012E+11,,,,1,,,,,,,,,
509985,1000119973,90,SDFP-100-I,561-22-73115,Axle Housing Differintial,HD785,Putra Perkasa Abadi PT.,BIB,QC2,,Final Inspection,,1,,,,,1.00012E+11,,,,1,,,,,,,,,
437097,1000092299,440,SDFP-42,561-22-73115,Rear Axle Housing,,PT. United Tractors,Site Satui,HDR,M5153HDR,Handress at ex weld worn out,,1,,,,,1.00009E+12,,,,1,,,,,,,,,
437096,1000092299,430,SDFP-42,561-22-73115,Rear Axle Housing,,PT. United Tractors,Site Satui,HB,M5153CLT,Machine ID Suspension Bores,,4,,,,,1.00009E+12,,,,1,,,,,,,,,
437083,1000092299,300,SDFP-42,561-22-73115,Rear Axle Housing,,PT. United Tractors,Site Satui,WM3,M5153WM3,Weld ID Upper Radius Rod Bores,,4,,,,,1.00009E+12,,,,1,,,,,,,,,
437082,1000092299,290,SDFP-42,561-22-73115,Rear Axle Housing,,PT. United Tractors,Site Satui,WM3,M5153WM3,Weld All worn out at outer body / Inner Body,,8,,,,,1.00009E+12,,,,1,,,,,,,,,
437081,1000092299,280,SDFP-42,561-22-73115,Rear Axle Housing,,PT. United Tractors,Site Satui,WM3,M5153WM3,Weld ID Differential contact,,6,,,,,1.00009E+12,,,,1,,,,,,,,,
437080,1000092299,270,SDFP-42,561-22-73115,Rear Axle Housing,,PT. United Tractors,Site Satui,WM3,M5153WM3,Flood weld Striped threads holes at flange differential contact,,8,,,,,1.00009E+12,,,,1,,,,,,,,,
437079,1000092299,260,SDFP-42,561-22-73115,Rear Axle Housing,,PT. United Tractors,Site Satui,WM3,M5153WM3,Flood weld Striped bolt holes at flange LH,,10,,,,,1.00009E+12,,,,1,,,,,,,,,
437078,1000092299,250,SDFP-42,561-22-73115,Rear Axle Housing,,PT. United Tractors,Site Satui,WM3,M5153WM3,Flood weld Striped  bolt holes at flange RH,,10,,,,,1.00009E+12,,,,1,,,,,,,,,
437077,1000092299,240,SDFP-42,561-22-73115,Rear Axle Housing,,PT. United Tractors,Site Satui,WM3,M5153WM3,Weld Flange face differential contact,,4,,,,,1.00009E+12,,,,1,,,,,,,,,
437054,1000092299,50,SDFP-42,561-22-73115,Rear Axle Housing,,PT. United Tractors,Site Satui,HB,M5153CLT,Strip Flange face LH,,2,,,,,1.00009E+11,,,,1,,,,,,,,,
437053,1000092299,40,SDFP-42,561-22-73115,Rear Axle Housing,,PT. United Tractors,Site Satui,HB,M5153CLT,Strip Flange face RH,,2,,,,,1.00009E+11,,,,1,,,,,,,,,
437052,1000092299,10,SDFP-42,561-22-73115,Rear Axle Housing,,PT. United Tractors,Site Satui,HDR,M5153HDR,Remove all broken Pin Dowel,,1,,,,,1.00009E+11,,,,1,,,,,,,,,
437068,1000092299,170,SDFP-42,561-22-73115,Rear Axle Housing,,PT. United Tractors,Site Satui,WM3,M5153WM3,Cut Plug Material,,1,,,,,1.00009E+12,,,,1,,,,,,,,,
439254,1000092875,50,SFRM-257,,Coal Blade Dozer 52Me,,PT. Trakindo Utama,Samarida,WF3,M5153WF3,Welding/Install All Material,,750,,,,,1.00009E+11,,,,1,,,,,,,,,
437065,1000092299,145,SDFP-42,561-22-73115,Rear Axle Housing,,PT. United Tractors,Site Satui,QC2,M5153QC2,Check crack by NDT & deflection after repair crack,,1,,,,,1.00009E+12,,,,1,,,,,,,,,
437073,1000092299,205,SDFP-42,561-22-73115,Rear Axle Housing,,PT. United Tractors,Site Satui,WM3,M5153WM3,Weld joint Plug Insert,,4,,,,,1.00009E+12,,,,1,,,,,,,,,
437074,1000092299,210,SDFP-42,561-22-73115,Rear Axle Housing,,PT. United Tractors,Site Satui,WM3,M5153WM3,Weld joint  Stifener Plate,,50,,,,,1.00009E+12,,,,1,,,,,,,,,
437070,1000092299,190,SDFP-42,561-22-73115,Rear Axle Housing,,PT. United Tractors,Site Satui,WM3,M5153WM3,Machining  Plug Insert,,4,,,,,1.00009E+12,,,,1,,,,,,,,,
437071,1000092299,195,SDFP-42,561-22-73115,Rear Axle Housing,,PT. United Tractors,Site Satui,WM3,M5153WM3,Drill damage Plug holes,,4,,,,,1.00009E+12,,,,1,,,,,,,,,
437087,1000092299,340,SDFP-42,561-22-73115,Rear Axle Housing,,PT. United Tractors,Site Satui,HB,M5153CLT,Machine Flange face RH,,4,,,,,1.00009E+12,,,,1,,,,,,,,,
437088,1000092299,350,SDFP-42,561-22-73115,Rear Axle Housing,,PT. United Tractors,Site Satui,HB,M5153CLT,Machine Flange face LH,,4,,,,,1.00009E+12,,,,1,,,,,,,,,
437095,1000092299,420,SDFP-42,561-22-73115,Rear Axle Housing,,PT. United Tractors,Site Satui,HB,M5153CLT,Machine ID Lower Radius Rod Bores,,8,,,,,1.00009E+12,,,,1,,,,,,,,,
516117,320008568,1604,SHSG-302,271-7478,Rod Front Suspension,777G,Putra Perkasa Abadi PT.,BIB,QC1,M5153QC1,Inspect crack ,,1,,,,,3.20009E+12,0,,,6,,,,,,,,,
516116,320008568,1603,SHSG-302,271-7478,Rod Front Suspension,777G,Putra Perkasa Abadi PT.,BIB,MGN1,M5153COR,Machining OD ,,3,,,FINISH,12/23/2025,3.20009E+12,0,,,6,,,,,,,,,
437094,1000092299,410,SDFP-42,561-22-73115,Rear Axle Housing,,PT. United Tractors,Site Satui,HB,M5153CLT,Machine ID Upper Radius Rod Bores,,4,,,,,1.00009E+12,,,,1,,,,,,,,,
437093,1000092299,400,SDFP-42,561-22-73115,Rear Axle Housing,,PT. United Tractors,Site Satui,HB,M5153CLT,Machine ID Differential contact,,4,,,,,1.00009E+12,,,,1,,,,,,,,,
437092,1000092299,390,SDFP-42,561-22-73115,Rear Axle Housing,,PT. United Tractors,Site Satui,HB,M5153CLT,Machine threads holes at flange differential contact,,12,,,,,1.00009E+12,,,,1,,,,,,,,,
437091,1000092299,380,SDFP-42,561-22-73115,Rear Axle Housing,,PT. United Tractors,Site Satui,HB,M5153CLT,Machine bolt holes at flange LH,,16,,,,,1.00009E+12,,,,1,,,,,,,,,
437090,1000092299,370,SDFP-42,561-22-73115,Rear Axle Housing,,PT. United Tractors,Site Satui,HB,M5153CLT,Machine bolt holes at flange RH,,16,,,,,1.00009E+12,,,,1,,,,,,,,,
437089,1000092299,360,SDFP-42,561-22-73115,Rear Axle Housing,,PT. United Tractors,Site Satui,HB,M5153CLT,Machine Flange face differential contact,,4,,,,,1.00009E+12,,,,1,,,,,,,,,
437109,1000092300,120,SDFP-43,561-22-73115,Rear Axle Housing,,PT. United Tractors,Site Satui,HB,M5153CLT,Strip ID Lower Radius Rod Bores,,4,,,,,1.00009E+12,,,,1,,,,,,,,,
437143,1000092300,420,SDFP-43,561-22-73115,Rear Axle Housing,,PT. United Tractors,Site Satui,HB,M5153CLT,Machine ID Lower Radius Rod Bores,,8,,,,,1.00009E+12,,,,1,,,,,,,,,
437100,1000092300,10,SDFP-43,561-22-73115,Rear Axle Housing,,PT. United Tractors,Site Satui,HDR,M5153HDR,Remove all broken Pin Dowel,,1,,,,,1.00009E+11,,,,1,,,,,,,,,
437101,1000092300,40,SDFP-43,561-22-73115,Rear Axle Housing,,PT. United Tractors,Site Satui,HB,M5153CLT,Strip Flange face RH,,2,,,,,1.00009E+11,,,,1,,,,,,,,,
437102,1000092300,50,SDFP-43,561-22-73115,Rear Axle Housing,,PT. United Tractors,Site Satui,HB,M5153CLT,Strip Flange face LH,,2,,,,,1.00009E+11,,,,1,,,,,,,,,
437104,1000092300,70,SDFP-43,561-22-73115,Rear Axle Housing,,PT. United Tractors,Site Satui,HB,M5153CLT,Strip bolt holes at flange RH,,10,,,,,1.00009E+11,,,,1,,,,,,,,,
437105,1000092300,80,SDFP-43,561-22-73115,Rear Axle Housing,,PT. United Tractors,Site Satui,HB,M5153CLT,Strip bolt holes at flange LH,,10,,,,,1.00009E+11,,,,1,,,,,,,,,
437106,1000092300,90,SDFP-43,561-22-73115,Rear Axle Housing,,PT. United Tractors,Site Satui,HB,M5153CLT,Strip Threads holes at flange differential contact,,8,,,,,1.00009E+11,,,,1,,,,,,,,,
437107,1000092300,100,SDFP-43,561-22-73115,Rear Axle Housing,,PT. United Tractors,Site Satui,HB,M5153CLT,Strip ID Differential contact,,3,,,,,1.00009E+12,,,,1,,,,,,,,,
516114,320008568,1601,SHSG-302,271-7478,Rod Front Suspension,777G,Putra Perkasa Abadi PT.,BIB,MGN1,M5153COR,Remove Crack ,,2,,,,,3.20009E+12,0,,,6,,,,,,,,,
516115,320008568,1602,SHSG-302,271-7478,Rod Front Suspension,777G,Putra Perkasa Abadi PT.,BIB,WM3,M5153WM3,Welding Crack,,4,,,,,3.20009E+12,0,,,6,,,,,,,,,
437108,1000092300,110,SDFP-43,561-22-73115,Rear Axle Housing,,PT. United Tractors,Site Satui,HB,M5153CLT,Strip ID Upper Radius Rod Bores,,4,,,,,1.00009E+12,,,,1,,,,,,,,,
437116,1000092300,170,SDFP-43,561-22-73115,Rear Axle Housing,,PT. United Tractors,Site Satui,WM3,M5153WM3,Cut Plug Material,,1,,,,,1.00009E+12,,,,1,,,,,,,,,
437113,1000092300,145,SDFP-43,561-22-73115,Rear Axle Housing,,PT. United Tractors,Site Satui,QC2,M5153QC2,Check crack by NDT & deflection after repair crack,,1,,,,,1.00009E+12,,,,1,,,,,,,,,
437112,1000092300,140,SDFP-43,561-22-73115,Rear Axle Housing,,PT. United Tractors,Site Satui,WM3,M5153WM3,Weld crack area,,40,,,,,1.00009E+12,,,,1,,,,,,,,,
437111,1000092300,135,SDFP-43,561-22-73115,Rear Axle Housing,,PT. United Tractors,Site Satui,WM3,M5153WM3,Remove All Indication crack,,20,,,,,1.00009E+12,,,,1,,,,,,,,,
437110,1000092300,130,SDFP-43,561-22-73115,Rear Axle Housing,,PT. United Tractors,Site Satui,HB,M5153CLT,Strip ID Suspension Bores,,4,,,,,1.00009E+12,,,,1,,,,,,,,,
437132,1000092300,310,SDFP-43,561-22-73115,Rear Axle Housing,,PT. United Tractors,Site Satui,WM3,M5153WM3,Weld ID Lower Radius Rod Bores,,4,,,,,1.00009E+12,,,,1,,,,,,,,,
513646,1000121276,30,SHCG-434,7J-4083 ,Piston Ripper Lilt Cylinder ,D10T,PT. Madhani Talatah Nusantara,West Pit,QC2,M5153QC2,Inspection,,1,,,,,1.00012E+11,0,,,1,,,,,,,,,
437142,1000092300,410,SDFP-43,561-22-73115,Rear Axle Housing,,PT. United Tractors,Site Satui,HB,M5153CLT,Machine ID Upper Radius Rod Bores,,4,,,,,1.00009E+12,,,,1,,,,,,,,,
437141,1000092300,400,SDFP-43,561-22-73115,Rear Axle Housing,,PT. United Tractors,Site Satui,HB,M5153CLT,Machine ID Differential contact,,4,,,,,1.00009E+12,,,,1,,,,,,,,,
437146,1000092300,450,SDFP-43,561-22-73115,Rear Axle Housing,,PT. United Tractors,Site Satui,HDR,M5153HDR,Handress & Retap All Threads Holes,,4,,,,,1.00009E+12,,,,1,,,,,,,,,
437147,1000092300,460,SDFP-43,561-22-73115,Rear Axle Housing,,PT. United Tractors,Site Satui,QC2,M5153QC2,Final Inspection,,1,,,,,1.00009E+12,,,,1,,,,,,,,,
437145,1000092300,440,SDFP-43,561-22-73115,Rear Axle Housing,,PT. United Tractors,Site Satui,HDR,M5153HDR,Handress at ex weld worn out,,1,,,,,1.00009E+12,,,,1,,,,,,,,,
437131,1000092300,300,SDFP-43,561-22-73115,Rear Axle Housing,,PT. United Tractors,Site Satui,WM3,M5153WM3,Weld ID Upper Radius Rod Bores,,4,,,,,1.00009E+12,,,,1,,,,,,,,,
437130,1000092300,290,SDFP-43,561-22-73115,Rear Axle Housing,,PT. United Tractors,Site Satui,WM3,M5153WM3,Weld All worn out at outer body / Inner Body,,8,,,,,1.00009E+12,,,,1,,,,,,,,,
437129,1000092300,280,SDFP-43,561-22-73115,Rear Axle Housing,,PT. United Tractors,Site Satui,WM3,M5153WM3,Weld ID Differential contact,,6,,,,,1.00009E+12,,,,1,,,,,,,,,
437128,1000092300,270,SDFP-43,561-22-73115,Rear Axle Housing,,PT. United Tractors,Site Satui,WM3,M5153WM3,Flood weld Striped threads holes at flange differential contact,,8,,,,,1.00009E+12,,,,1,,,,,,,,,
437127,1000092300,260,SDFP-43,561-22-73115,Rear Axle Housing,,PT. United Tractors,Site Satui,WM3,M5153WM3,Flood weld Striped bolt holes at flange LH,,10,,,,,1.00009E+12,,,,1,,,,,,,,,
437126,1000092300,250,SDFP-43,561-22-73115,Rear Axle Housing,,PT. United Tractors,Site Satui,WM3,M5153WM3,Flood weld Striped  bolt holes at flange RH,,10,,,,,1.00009E+12,,,,1,,,,,,,,,
437125,1000092300,240,SDFP-43,561-22-73115,Rear Axle Housing,,PT. United Tractors,Site Satui,WM3,M5153WM3,Weld Flange face differential contact,,4,,,,,1.00009E+12,,,,1,,,,,,,,,
437124,1000092300,230,SDFP-43,561-22-73115,Rear Axle Housing,,PT. United Tractors,Site Satui,WM3,M5153WM3,Weld Flange face LH,,4,,,,,1.00009E+12,,,,1,,,,,,,,,
437123,1000092300,220,SDFP-43,561-22-73115,Rear Axle Housing,,PT. United Tractors,Site Satui,WM3,M5153WM3,Weld Flange face RH,,4,,,,,1.00009E+12,,,,1,,,,,,,,,
437122,1000092300,210,SDFP-43,561-22-73115,Rear Axle Housing,,PT. United Tractors,Site Satui,WM3,M5153WM3,Weld joint  Stifener Plate,,50,,,,,1.00009E+12,,,,1,,,,,,,,,
437121,1000092300,205,SDFP-43,561-22-73115,Rear Axle Housing,,PT. United Tractors,Site Satui,WM3,M5153WM3,Weld joint Plug Insert,,4,,,,,1.00009E+12,,,,1,,,,,,,,,
437120,1000092300,200,SDFP-43,561-22-73115,Rear Axle Housing,,PT. United Tractors,Site Satui,WM3,M5153WM3,Seting weld joint,,2,,,,,1.00009E+12,,,,1,,,,,,,,,
437117,1000092300,180,SDFP-43,561-22-73115,Rear Axle Housing,,PT. United Tractors,Site Satui,WM3,M5153WM3,Cut Profile stifener plate,,24,,,,,1.00009E+12,,,,1,,,,,,,,,
437103,1000092300,60,SDFP-43,561-22-73115,Rear Axle Housing,,PT. United Tractors,Site Satui,HB,M5153CLT,Strip Flange face differential contact,,2,,,,,1.00009E+11,,,,1,,,,,,,,,
429091,1000086976,100,SDFP-45,504-4888,Flange Half Differential,,PT. Cipta Kridatama,Site BMB,MGN1,M5153COR,Striping thrust washer face,,0.5,,,,,1.00009E+12,,,,1,,,,,,,,,
429092,1000086976,110,SDFP-45,504-4888,Flange Half Differential,,PT. Cipta Kridatama,Site BMB,HB,M5153CLT,Striping spyder bores,,2,,,,,1.00009E+12,,,,1,,,,,,,,,
429093,1000086976,120,SDFP-45,504-4888,Flange Half Differential,,PT. Cipta Kridatama,Site BMB,HB,M5153CLT,Striping retainer faces,,2,,,,,1.00009E+12,,,,1,,,,,,,,,
429094,1000086976,130,SDFP-45,504-4888,Flange Half Differential,,PT. Cipta Kridatama,Site BMB,MTS,M5153MTS,Metal spray OD bearing seat,,1.5,,,,,1.00009E+12,,,,1,,,,,,,,,
429095,1000086976,140,SDFP-45,504-4888,Flange Half Differential,,PT. Cipta Kridatama,Site BMB,MTS,M5153MTS,Metal spray thrust washer face,,1.5,,,,,1.00009E+12,,,,1,,,,,,,,,
429096,1000086976,150,SDFP-45,504-4888,Flange Half Differential,,PT. Cipta Kridatama,Site BMB,MTS,M5153MTS,Metal spray spyder bores,,6,,,,,1.00009E+12,,,,1,,,,,,,,,
429097,1000086976,160,SDFP-45,504-4888,Flange Half Differential,,PT. Cipta Kridatama,Site BMB,MTS,M5153MTS,Metal spray retainer faces,,6,,,,,1.00009E+12,,,,1,,,,,,,,,
429098,1000086976,170,SDFP-45,504-4888,Flange Half Differential,,PT. Cipta Kridatama,Site BMB,HB,M5153CLT,Machining retainer faces,,6,,,,,1.00009E+12,,,,1,,,,,,,,,
516118,1000122422,20,SFRM-779,195-7595,Housing Base Filter ,777,"PT. Cipta Kridatama,",Site BMB,PPC,,Order material,,0,,,,,1.00012E+11,0,,,1,,,,,,,,,
516119,1000122422,30,SFRM-779,195-7595,Housing Base Filter ,777,"PT. Cipta Kridatama,",Site BMB,BSW,,Cut material ,,1,,,,,1.00012E+11,0,,,1,,,,,,,,,
516120,1000122422,40,SFRM-779,195-7595,Housing Base Filter ,777,"PT. Cipta Kridatama,",Site BMB,SYG,,"Manufacture bosses thread 1/2""-13",,4,,,,,1.00012E+11,0,,,1,,,,,,,,,
516121,1000122422,50,SFRM-779,195-7595,Housing Base Filter ,777,"PT. Cipta Kridatama,",Site BMB,RD,,Drill & peeled prior to install Pin,,2,,,,,1.00012E+11,0,,,1,,,,,,,,,
516122,1000122422,60,SFRM-779,195-7595,Housing Base Filter ,777,"PT. Cipta Kridatama,",Site BMB,WM2,,Remove bad weld,,2,,,,,1.00012E+11,0,,,1,,,,,,,,,
516123,1000122422,70,SFRM-779,195-7595,Housing Base Filter ,777,"PT. Cipta Kridatama,",Site BMB,WM2,,Remove Crack,,2,,,,,1.00012E+11,0,,,1,,,,,,,,,
516124,1000122422,80,SFRM-779,195-7595,Housing Base Filter ,777,"PT. Cipta Kridatama,",Site BMB,WM2,,Weld crack,,8,,,,,1.00012E+11,0,,,1,,,,,,,,,
516125,1000122422,90,SFRM-779,195-7595,Housing Base Filter ,777,"PT. Cipta Kridatama,",Site BMB,WM2,,Weld Joint Pin,,4,,,,,1.00012E+11,0,,,1,,,,,,,,,
429105,1000086976,240,SDFP-45,504-4888,Flange Half Differential,,PT. Cipta Kridatama,Site BMB,HB,M5153CLT,Drill to enlarge bolt holes,,7,,,,,1.00009E+12,,,,1,,,,,,,,,
429104,1000086976,230,SDFP-45,504-4888,Flange Half Differential,,PT. Cipta Kridatama,Site BMB,ASY,M5153ASY,Install new dowels,,1.5,,,,,1.00009E+12,,,,1,,,,,,,,,
429103,1000086976,220,SDFP-45,504-4888,Flange Half Differential,,PT. Cipta Kridatama,Site BMB,HB,M5153CLT,Drill dowel holes,,3,,,,,1.00009E+12,,,,1,,,,,,,,,
429102,1000086976,210,SDFP-45,504-4888,Flange Half Differential,,PT. Cipta Kridatama,Site BMB,HB,M5153CLT,Machining spyder bores,,8,,,,,1.00009E+12,,,,1,,,,,,,,,
429101,1000086976,200,SDFP-45,504-4888,Flange Half Differential,,PT. Cipta Kridatama,Site BMB,MGN1,M5153COR,Machining OD bearing seat,,2,,,,,1.00009E+12,,,,1,,,,,,,,,
429099,1000086976,180,SDFP-45,504-4888,Flange Half Differential,,PT. Cipta Kridatama,Site BMB,MGN1,M5153COR,Machining thrust washer face,,2,,,,,1.00009E+12,,,,1,,,,,,,,,
429107,1000086976,260,SDFP-45,504-4888,Flange Half Differential,,PT. Cipta Kridatama,Site BMB,QC2,M5153QC2,Inspection,,0.5,,,,,1.00009E+12,,,,1,,,,,,,,,
429100,1000086976,190,SDFP-45,504-4888,Flange Half Differential,,PT. Cipta Kridatama,Site BMB,ASY,M5153ASY,Assembly flange and plain half differential,,1,,,,,1.00009E+12,,,,1,,,,,,,,,
429082,1000086976,10,SDFP-45,504-4888,Flange Half Differential,,PT. Cipta Kridatama,Site BMB,DIS,M5153DIS,Remove dowel,,2,,,,,1.00009E+11,,,,1,,,,,,,,,
429083,1000086976,20,SDFP-45,504-4888,Flange Half Differential,,PT. Cipta Kridatama,Site BMB,DIS,M5153DIS,Remove Bearing,,1,,,,,1.00009E+11,,,,1,,,,,,,,,
429085,1000086976,40,SDFP-45,504-4888,Flange Half Differential,,PT. Cipta Kridatama,Site BMB,WM3,M5153WM3,Remove Crack,,2,,,,,1.00009E+11,,,,1,,,,,,,,,
429086,1000086976,50,SDFP-45,504-4888,Flange Half Differential,,PT. Cipta Kridatama,Site BMB,WM3,M5153WM3,Weld worn out area,,4,,,,,1.00009E+11,,,,1,,,,,,,,,
429087,1000086976,60,SDFP-45,504-4888,Flange Half Differential,,PT. Cipta Kridatama,Site BMB,WM3,M5153WM3,Weld Crack area,,4,,,,,1.00009E+11,,,,1,,,,,,,,,
429088,1000086976,70,SDFP-45,504-4888,Flange Half Differential,,PT. Cipta Kridatama,Site BMB,MGN1,M5153COR,Machining end face contact area,,4,,,,,1.00009E+11,,,,1,,,,,,,,,
429089,1000086976,80,SDFP-45,504-4888,Flange Half Differential,,PT. Cipta Kridatama,Site BMB,QC2,M5153QC2,Inspection,,1,,,,,1.00009E+11,,,,1,,,,,,,,,
429090,1000086976,90,SDFP-45,504-4888,Flange Half Differential,,PT. Cipta Kridatama,Site BMB,MGN1,M5153COR,Striping OD bearing seat,,0.5,,,,,1.00009E+11,,,,1,,,,,,,,,
516126,1000122422,100,SFRM-779,195-7595,Housing Base Filter ,777,"PT. Cipta Kridatama,",Site BMB,WM2,,Weld worn out area,,4,,,,,1.00012E+12,0,,,1,,,,,,,,,
516127,1000122422,110,SFRM-779,195-7595,Housing Base Filter ,777,"PT. Cipta Kridatama,",Site BMB,MGN2,,Machining ex weld ,,4,,,,,1.00012E+12,0,,,1,,,,,,,,,
516128,1000122422,120,SFRM-779,195-7595,Housing Base Filter ,777,"PT. Cipta Kridatama,",Site BMB,MGN2,,Skim Seal Seat,,2,,,,,1.00012E+12,0,,,1,,,,,,,,,
516129,1000122422,130,SFRM-779,195-7595,Housing Base Filter ,777,"PT. Cipta Kridatama,",Site BMB,RD,,Drill & tap new thread hole,,4,,,,,1.00012E+12,0,,,1,,,,,,,,,
516130,1000122422,140,SFRM-779,195-7595,Housing Base Filter ,777,"PT. Cipta Kridatama,",Site BMB,HDR,,Handressing,,1,,,,,1.00012E+12,0,,,1,,,,,,,,,
516131,1000122422,150,SFRM-779,195-7595,Housing Base Filter ,777,"PT. Cipta Kridatama,",Site BMB,QC2,,Inspection,,1,,,,,1.00012E+12,0,,,1,,,,,,,,,
510248,1000120179,20,SDFP-123,,Plain Half Differential,773,PT. Trakindo Utama,Site Adaro,CLN,,Remove dowel,,3,,,,,1.00012E+11,,,,1,,,,,,,,,
479072,1000118750,40,SHCG-176-I,545-9098,Rod As Bucket Cylinder,,PT. Cipta Kridatama. ,Site BMB,PPC,,Order Material Round Bar,,0,,,,,1.00012E+11,0,,,1,,,,,,,,,
516132,1000118750,55,SHCG-176-I,545-9098,Rod As Bucket Cylinder,,PT. Cipta Kridatama. ,Site BMB,PRM2,,Cutting Material Plate,,2,,,,,1.00012E+11,0,,,1,,,,,,,,,
516133,1000118750,56,SHCG-176-I,545-9098,Rod As Bucket Cylinder,,PT. Cipta Kridatama. ,Site BMB,WM3,,Remove Stiffener Plate,,2,,,,,1.00012E+11,0,,,1,,,,,,,,,
516134,1000118750,57,SHCG-176-I,545-9098,Rod As Bucket Cylinder,,PT. Cipta Kridatama. ,Site BMB,BSW,,Cutting Eye From Rod,,2,,,,,1.00012E+11,0,,,1,,,,,,,,,
479076,1000118750,70,SHCG-176-I,545-9098,Rod As Bucket Cylinder,,PT. Cipta Kridatama. ,Site BMB,WM3,,Welding crack area,,3,,,,,1.00012E+11,0,,,1,,,,,,,,,
516135,1000118750,110,SHCG-176-I,545-9098,Rod As Bucket Cylinder,,PT. Cipta Kridatama. ,Site BMB,MGN1,,Premachining Eye prior to Re-Rod,,4,,,,,1.00012E+12,0,,,1,,,,,,,,,
516136,1000118750,130,SHCG-176-I,545-9098,Rod As Bucket Cylinder,,PT. Cipta Kridatama. ,Site BMB,MGN1,,Strip OD thread prior to build up,,2,,,,,1.00012E+12,0,,,1,,,,,,,,,
510251,1000120179,50,SDFP-123,,Plain Half Differential,773,PT. Trakindo Utama,Site Adaro,QC2,,Inspection,,1,,,,,1.00012E+11,,,,1,,,,,,,,,
510259,1000120179,130,SDFP-123,,Plain Half Differential,773,PT. Trakindo Utama,Site Adaro,MGN1,,Machining thrust washer face,,3,,,FINISH,10/31/2025,1.00012E+12,,,,1,,,,,,,,,
510250,1000120179,40,SDFP-123,,Plain Half Differential,773,PT. Trakindo Utama,Site Adaro,MGN1,,Machining end face contact area,,2,,,FINISH,11/7/2025,1.00012E+11,,,,1,,,,,,,,,
510252,1000120179,60,SDFP-123,,Plain Half Differential,773,PT. Trakindo Utama,Site Adaro,MGN1,,Striping OD bearing seat,,1,,,,,1.00012E+11,,,,1,,,,,,,,,
510254,1000120179,80,SDFP-123,,Plain Half Differential,773,PT. Trakindo Utama,Site Adaro,QC2,,Check crack,,1,,,,,1.00012E+11,,,,1,,,,,,,,,
510255,1000120179,90,SDFP-123,,Plain Half Differential,773,PT. Trakindo Utama,Site Adaro,BLS,,Blasting,,1,,,,,1.00012E+11,,,,1,,,,,,,,,
510257,1000120179,110,SDFP-123,,Plain Half Differential,773,PT. Trakindo Utama,Site Adaro,BLS,,Blasting,,1,,,,,1.00012E+12,,,,1,,,,,,,,,
510258,1000120179,120,SDFP-123,,Plain Half Differential,773,PT. Trakindo Utama,Site Adaro,MTS,,Metal spray thrust washer face,,3,,,,,1.00012E+12,,,,1,,,,,,,,,
510260,1000120179,140,SDFP-123,,Plain Half Differential,773,PT. Trakindo Utama,Site Adaro,MGN1,,Machining OD bearing seat,,3,,,,,1.00012E+12,,,,1,,,,,,,,,
510261,1000120179,150,SDFP-123,,Plain Half Differential,773,PT. Trakindo Utama,Site Adaro,HB,,Machining spyder bores,,12,,,,,1.00012E+12,,,,1,,,,,,,,,
510262,1000120179,160,SDFP-123,,Plain Half Differential,773,PT. Trakindo Utama,Site Adaro,HB,,Drill dowel holes,,4,,,,,1.00012E+12,,,,1,,,,,,,,,
510247,1000120179,10,SDFP-123,,Plain Half Differential,773,PT. Trakindo Utama,Site Adaro,PPC,,Replace dowel supply by customer,,0,,,,,1.00012E+11,,,,1,,,,,,,,,
510263,1000120179,170,SDFP-123,,Plain Half Differential,773,PT. Trakindo Utama,Site Adaro,ASY,,Install new dowels,,2,,,,,1.00012E+12,,,,1,,,,,,,,,
510264,1000120179,180,SDFP-123,,Plain Half Differential,773,PT. Trakindo Utama,Site Adaro,HDR,,Handressing ,,1,,,,,1.00012E+12,,,,1,,,,,,,,,
510265,1000120179,190,SDFP-123,,Plain Half Differential,773,PT. Trakindo Utama,Site Adaro,QC2,,Inspection,,1,,,,,1.00012E+12,,,,1,,,,,,,,,
510256,1000120179,100,SDFP-123,,Plain Half Differential,773,PT. Trakindo Utama,Site Adaro,MTS,,Metal spray OD bearing seat,,3,,,FINISH,10/29/2025,1.00012E+12,,,,1,,,,,,,,,
510249,1000120179,30,SDFP-123,,Plain Half Differential,773,PT. Trakindo Utama,Site Adaro,WM2,,Weld worn out area,,6,,,,,1.00012E+11,,,,1,,,,,,,,,
429127,1000086977,200,SDFP-46,499-3660,Plain Half Differential,,PT. Cipta Kridatama,Site BMB,HB,M5153CLT,Drill dowel holes,,3,,,,,1.00009E+12,,,,1,,,,,,,,,
510267,1000120180,20,SDFP-124,5T-9437,Spider Differential,773,PT. Trakindo Utama,Site Adaro,HCP2,,Hardchrome OD Of Rod,,8,,,,,1.00012E+11,,,,1,,,,,,,,,
510268,1000120180,30,SDFP-124,5T-9437,Spider Differential,773,PT. Trakindo Utama,Site Adaro,POL2,,Final Polish OD rod,,16,,,,,1.00012E+11,,,,1,,,,,,,,,
510269,1000120180,40,SDFP-124,5T-9437,Spider Differential,773,PT. Trakindo Utama,Site Adaro,HDR,,Deburr after machining ,,1,,,,,1.00012E+11,,,,1,,,,,,,,,
510270,1000120180,50,SDFP-124,5T-9437,Spider Differential,773,PT. Trakindo Utama,Site Adaro,QC2,,Post Inspect,,1,,,,,1.00012E+11,,,,1,,,,,,,,,
510266,1000120180,10,SDFP-124,5T-9437,Spider Differential,773,PT. Trakindo Utama,Site Adaro,POL1,,Pre polish OD rod prior to chrome,,8,,,,,1.00012E+11,,,,1,,,,,,,,,
429118,1000086977,110,SDFP-46,499-3660,Plain Half Differential,,PT. Cipta Kridatama,Site BMB,MTS,M5153MTS,Metal spray OD bearing seat,,1.5,,,,,1.00009E+12,,,,1,,,,,,,,,
429117,1000086977,100,SDFP-46,499-3660,Plain Half Differential,,PT. Cipta Kridatama,Site BMB,HB,M5153CLT,Striping retainer faces,,2,,,,,1.00009E+12,,,,1,,,,,,,,,
429116,1000086977,90,SDFP-46,499-3660,Plain Half Differential,,PT. Cipta Kridatama,Site BMB,HB,M5153CLT,Striping spyder bores,,2,,,,,1.00009E+11,,,,1,,,,,,,,,
429115,1000086977,80,SDFP-46,499-3660,Plain Half Differential,,PT. Cipta Kridatama,Site BMB,MGN1,M5153COR,Striping thrust washer face,,0.5,,,,,1.00009E+11,,,,1,,,,,,,,,
429114,1000086977,70,SDFP-46,499-3660,Plain Half Differential,,PT. Cipta Kridatama,Site BMB,MGN1,M5153COR,Striping OD bearing seat,,0.5,,,,,1.00009E+11,,,,1,,,,,,,,,
479077,1000118750,80,SHCG-176-I,545-9098,Rod As Bucket Cylinder,,PT. Cipta Kridatama. ,Site BMB,MGN1,,Machining / Handress ex repair crack,,1,,,,,1.00012E+11,0,,,1,,,,,,,,,
479102,1000118750,1503,SHCG-176-I,545-9098,Rod As Bucket Cylinder,,PT. Cipta Kridatama. ,Site BMB,WM3,,Remove Crack,,3,,,,,1.00012E+13,0,,,1,,Jika Terdapat Crack,,,,,,,
429124,1000086977,170,SDFP-46,499-3660,Plain Half Differential,,PT. Cipta Kridatama,Site BMB,ASY,M5153ASY,Assembly flange and plain half differential,,1,,,,,1.00009E+12,,,,1,,,,,,,,,
429113,1000086977,60,SDFP-46,499-3660,Plain Half Differential,,PT. Cipta Kridatama,Site BMB,MGN1,M5153COR,Machining end face contact area,,4,,,,,1.00009E+11,,,,1,,,,,,,,,
429119,1000086977,120,SDFP-46,499-3660,Plain Half Differential,,PT. Cipta Kridatama,Site BMB,MTS,M5153MTS,Metal spray thrust washer face,,1.5,,,,,1.00009E+12,,,,1,,,,,,,,,
429108,1000086977,10,SDFP-46,499-3660,Plain Half Differential,,PT. Cipta Kridatama,Site BMB,DIS,M5153DIS,Remove dowel and bearing,,3,,,,,1.00009E+11,,,,1,,,,,,,,,
429125,1000086977,180,SDFP-46,499-3660,Plain Half Differential,,PT. Cipta Kridatama,Site BMB,MGN1,M5153COR,Machining OD bearing seat,,1.5,,,,,1.00009E+12,,,,1,,,,,,,,,
507664,1000118666,50,SHCG-176-I,545-9098,Housing As Bucket Cylinder,390,"PT. Cipta Kridatama, ",Site BMB,BSW,,Cut off tube from eye,,4,,,,,1.00012E+11,0,,,2,,,,,,,,,
507668,1000118666,90,SHCG-176-I,545-9098,Housing As Bucket Cylinder,390,"PT. Cipta Kridatama, ",Site BMB,WM3,,Weld Build up ID flange,,4,,,,,1.00012E+11,0,,,2,,,,,,,,,
507672,1000118666,160,SHCG-176-I,545-9098,Housing As Bucket Cylinder,390,"PT. Cipta Kridatama, ",Site BMB,HB,,Strip ID eye,,2,,,,,1.00012E+12,0,,,2,,,,,,,,,
507675,1000118666,190,SHCG-176-I,545-9098,Housing As Bucket Cylinder,390,"PT. Cipta Kridatama, ",Site BMB,WM3,,Tig weld joint at ID housing,,4,,,,,1.00012E+12,0,,,2,,,,,,,,,
507678,1000118666,220,SHCG-176-I,545-9098,Housing As Bucket Cylinder,390,"PT. Cipta Kridatama, ",Site BMB,HM,,Pre Honing ID housing,,8,,,FINISH,10/21/2025,1.00012E+12,0,,,2,,Honing before joint,,,,,,,
507681,1000118666,250,SHCG-176-I,545-9098,Housing As Bucket Cylinder,390,"PT. Cipta Kridatama, ",Site BMB,WM3,,Weld Build Up ID eye and Faces,,4,,,,,1.00012E+12,0,,,2,,Refer to WI-SSBR-BLP-QAP-017-PRD-045,,,,,,,
507686,1000118666,300,SHCG-176-I,545-9098,Housing As Bucket Cylinder,390,"PT. Cipta Kridatama, ",Site BMB,QC2,,Final Inspection,,1,,,,,1.00012E+12,0,,,2,,,,,,,,,
429126,1000086977,190,SDFP-46,499-3660,Plain Half Differential,,PT. Cipta Kridatama,Site BMB,HB,M5153CLT,Machining spyder bores,,8,,,,,1.00009E+12,,,,1,,,,,,,,,
429123,1000086977,160,SDFP-46,499-3660,Plain Half Differential,,PT. Cipta Kridatama,Site BMB,MGN1,M5153COR,Machining thrust washer face,,1.5,,,,,1.00009E+12,,,,1,,,,,,,,,
429110,1000086977,30,SDFP-46,499-3660,Plain Half Differential,,PT. Cipta Kridatama,Site BMB,WM3,M5153WM3,Remove Crack,,10,,,,,1.00009E+11,,,,1,,,,,,,,,
429111,1000086977,40,SDFP-46,499-3660,Plain Half Differential,,PT. Cipta Kridatama,Site BMB,WM3,M5153WM3,Weld worn out area,,4,,,,,1.00009E+11,,,,1,,,,,,,,,
429128,1000086977,210,SDFP-46,499-3660,Plain Half Differential,,PT. Cipta Kridatama,Site BMB,ASY,M5153ASY,Install new dowels,,1.5,,,,,1.00009E+12,,,,1,,,,,,,,,
442052,1000094059,50,SFRM-273,,Halink,,PT. Cipta Kridatama,Site BIB,WF3,M5153WF3,Weld Joint,,20,,,,,1.00009E+11,,,,1,,,,,,,,,
429129,1000086977,220,SDFP-46,499-3660,Plain Half Differential,,PT. Cipta Kridatama,Site BMB,HDR,M5153HDR,Handressing ,,0.5,,,,,1.00009E+12,,,,1,,,,,,,,,
429130,1000086977,230,SDFP-46,499-3660,Plain Half Differential,,PT. Cipta Kridatama,Site BMB,QC2,M5153QC2,Inspection,,0.5,,,,,1.00009E+12,,,,1,,,,,,,,,
429112,1000086977,50,SDFP-46,499-3660,Plain Half Differential,,PT. Cipta Kridatama,Site BMB,WM3,M5153WM3,Weld Crack area,,20,,,,,1.00009E+11,,,,1,,,,,,,,,
429120,1000086977,130,SDFP-46,499-3660,Plain Half Differential,,PT. Cipta Kridatama,Site BMB,MTS,M5153MTS,Metal spray spyder bores,,6,,,,,1.00009E+12,,,,1,,,,,,,,,
429121,1000086977,140,SDFP-46,499-3660,Plain Half Differential,,PT. Cipta Kridatama,Site BMB,MTS,M5153MTS,Metal spray retainer faces,,6,,,,,1.00009E+12,,,,1,,,,,,,,,
429122,1000086977,150,SDFP-46,499-3660,Plain Half Differential,,PT. Cipta Kridatama,Site BMB,HB,M5153CLT,Machining retainer faces,,6,,,,,1.00009E+12,,,,1,,,,,,,,,
429585,1000087190,135,SDFP-48,,Carrier Differential,,PT. Sanggar Sarana Baja,Site Sebamban,HB,M5153CLT,Skim stoper bearing seat ,,2,,,,,1.00009E+12,,,,1,,,,,,,,,
429570,1000087190,50,SDFP-48,,Carrier Differential,,PT. Sanggar Sarana Baja,Site Sebamban,HB,M5153CLT,Strip ID Bearing Seat 2,,1.5,,,,,1.00009E+11,,,,1,,,,,,,,,
507723,1000118752,10,SHCG-176-I,-,Piston As Bucket Cylinder,390,"PT. Cipta Kridatama, ",Site BMB,WM2,,Tig Weld Circular worn out area,,4,,,,,1.00012E+11,0,,,5,,,,,,,,,
429566,1000087190,30,SDFP-48,,Carrier Differential,,PT. Sanggar Sarana Baja,Site Sebamban,VTL,M5153VTL,Skim freetings at retainer surface area,,2,,,,,1.00009E+11,,,,1,,,,,,,,,
429567,1000087190,37,SDFP-48,,Carrier Differential,,PT. Sanggar Sarana Baja,Site Sebamban,ASY,M5153ASY,Install Cap Bearing 1,,1,,,,,1.00009E+11,,,,1,,,,,,,,,
429568,1000087190,38,SDFP-48,,Carrier Differential,,PT. Sanggar Sarana Baja,Site Sebamban,ASY,M5153ASY,Install Cap Bearing 2,,1,,,,,1.00009E+11,,,,1,,,,,,,,,
429569,1000087190,40,SDFP-48,,Carrier Differential,,PT. Sanggar Sarana Baja,Site Sebamban,HB,M5153CLT,Strip ID Bearing seat 1,,1.5,,,,,1.00009E+11,,,,1,,,,,,,,,
429584,1000087190,131,SDFP-48,,Carrier Differential,,PT. Sanggar Sarana Baja,Site Sebamban,HB,M5153CLT,Machining flange face contact,,4,,,,,1.00009E+12,,,,1,,,,,,,,,
429586,1000087190,140,SDFP-48,,Carrier Differential,,PT. Sanggar Sarana Baja,Site Sebamban,HB,M5153CLT,Inspection Check Alignment and Perpendicular,,4,,,,,1.00009E+12,,,,1,,,,,,,,,
429587,1000087190,150,SDFP-48,,Carrier Differential,,PT. Sanggar Sarana Baja,Site Sebamban,HDR,M5153HDR,Deburr after machining process,,1,,,,,1.00009E+12,,,,1,,,,,,,,,
429588,1000087190,160,SDFP-48,,Carrier Differential,,PT. Sanggar Sarana Baja,Site Sebamban,QC2,M5153QC2,Final Inspection,,1,,,,,1.00009E+12,,,,1,,,,,,,,,
429581,1000087190,110,SDFP-48,,Carrier Differential,,PT. Sanggar Sarana Baja,Site Sebamban,HB,M5153CLT,Machining Bearing Seat 1,,6,,,,,1.00009E+12,,,,1,,,,,,,,,
429582,1000087190,120,SDFP-48,,Carrier Differential,,PT. Sanggar Sarana Baja,Site Sebamban,HB,M5153CLT,Machining Bearing Seat 2,,6,,,,,1.00009E+12,,,,1,,,,,,,,,
429583,1000087190,130,SDFP-48,,Carrier Differential,,PT. Sanggar Sarana Baja,Site Sebamban,HB,M5153CLT,Machining Bearing Seat 3,,4,,,,,1.00009E+12,,,,1,,,,,,,,,
429556,1000087190,6,SDFP-48,,Carrier Differential,,PT. Sanggar Sarana Baja,Site Sebamban,DIS,M5153DIS,Remove bearing,,1,,,,,10000871906,,,,1,,,,,,,,,
429574,1000087190,70,SDFP-48,,Carrier Differential,,PT. Sanggar Sarana Baja,Site Sebamban,MTS,M5153MTS,Metal Spray ID Bearing seat 1,,6,,,,,1.00009E+11,,,,1,,,,,,,,,
429575,1000087190,80,SDFP-48,,Carrier Differential,,PT. Sanggar Sarana Baja,Site Sebamban,MTS,M5153MTS,Metal Spray ID Bearing Seat 2,,6,,,,,1.00009E+11,,,,1,,,,,,,,,
447381,1000095219,310,SFRM-296,,H-Link,,PT. Trakindo Utama,Site Batulicin,HDR,M5153HDR,Handressing,,1,,,,,1.0001E+12,,,,1,,,,,,,,,
429576,1000087190,90,SDFP-48,,Carrier Differential,,PT. Sanggar Sarana Baja,Site Sebamban,MTS,M5153MTS,Metal Spray Bearing Seat 3,,4,,,,,1.00009E+11,,,,1,,,,,,,,,
429577,1000087190,91,SDFP-48,,Carrier Differential,,PT. Sanggar Sarana Baja,Site Sebamban,MTS,M5153MTS,Metal Spray flange face contact,,4,,,,,1.00009E+11,,,,1,,,,,,,,,
429578,1000087190,100,SDFP-48,,Carrier Differential,,PT. Sanggar Sarana Baja,Site Sebamban,HB,M5153CLT,Machining remove excessive spray material,,6,,,,,1.00009E+12,,,,1,,,,,,,,,
429579,1000087190,107,SDFP-48,,Carrier Differential,,PT. Sanggar Sarana Baja,Site Sebamban,ASY,M5153ASY,Reinstall Cap Bearing 1,,1,,,,,1.00009E+12,,,,1,,,,,,,,,
429580,1000087190,108,SDFP-48,,Carrier Differential,,PT. Sanggar Sarana Baja,Site Sebamban,ASY,M5153ASY,Reinstall Cap Bearing 2,,1,,,,,1.00009E+12,,,,1,,,,,,,,,
516203,1000122474,20,SHCG-443,110-8476,Head Ripper Tilt Cylinder RH,980H,PT. Madhani Talatah Nusantara,Site WEST PIT,HDR,M5153HDR,Handressing,,1,,,,,1.00012E+11,0,,,1,,,,,,,,,
429563,1000087190,20,SDFP-48,,Carrier Differential,,PT. Sanggar Sarana Baja,Site Sebamban,WM3,M5153WM3,Weld crack on web area,,4,,,,,1.00009E+11,,,,1,,,,,,,,,
429562,1000087190,17,SDFP-48,,Carrier Differential,,PT. Sanggar Sarana Baja,Site Sebamban,WM3,M5153WM3,Remove Cracks,,1,,,,,1.00009E+11,,,,1,,,,,,,,,
516204,1000122474,30,SHCG-443,110-8476,Head Ripper Tilt Cylinder RH,980H,PT. Madhani Talatah Nusantara,Site WEST PIT,QC2,M5153QC2,Post inspect,,1,,,,,1.00012E+11,0,,,1,,,,,,,,,
448941,1000095828,170,SFRM-315,,Repair And Extension Bucket,,PT. Cipta Kridatama,Site BIB,QC2,M5153QC2,Inspection,,4,,,,,1.0001E+12,,,,1,,,,,,,,,
429564,1000087190,25,SDFP-48,,Carrier Differential,,PT. Sanggar Sarana Baja,Site Sebamban,WM3,M5153WM3,Weld freetings at retainer surface area,,1,,,,,1.00009E+11,,,,1,,,,,,,,,
429573,1000087190,61,SDFP-48,,Carrier Differential,,PT. Sanggar Sarana Baja,Site Sebamban,VTL,M5153VTL,Strip flange face contact,,2,,,,,1.00009E+11,,,,1,,,,,,,,,
429572,1000087190,60,SDFP-48,,Carrier Differential,,PT. Sanggar Sarana Baja,Site Sebamban,VTL,M5153VTL,Strip ID Bearing Seat 3,,2,,,,,1.00009E+11,,,,1,,,,,,,,,
429565,1000087190,27,SDFP-48,,Carrier Differential,,PT. Sanggar Sarana Baja,Site Sebamban,WM3,M5153WM3,Check Cracks,,1,,,,,1.00009E+11,,,,1,,,,,,,,,
429571,1000087190,59,SDFP-48,,Carrier Differential,,PT. Sanggar Sarana Baja,Site Sebamban,HB,M5153CLT,Setting before machine,,1,,,,,1.00009E+11,,,,1,,,,,,,,,
445222,1000095010,80,SDFP-48,,Carrier Differential,,PT. Sanggar Sarana Baja,Site Sebamban,MTS,M5153MTS,Metal Spray ID Bearing Seat 2,,6,,,,,1.0001E+11,,,,2,,,,,,,,,
516205,1000122475,20,SHCG-443,110-8476,Rod Ripper Tilt Cylinder RH,980H,PT. Madhani Talatah Nusantara,Site WEST PIT,HCP1,M5153CP1,Dechrome process OD ,,2,,,,,1.00012E+11,0,,,2,,,,,,,,,
516207,1000122475,40,SHCG-443,110-8476,Rod Ripper Tilt Cylinder RH,980H,PT. Madhani Talatah Nusantara,Site WEST PIT,WM1,M5153WM1,Welding ID Eye,,3,,,,,1.00012E+11,0,,,2,,,,,,,,,
516208,1000122475,50,SHCG-443,110-8476,Rod Ripper Tilt Cylinder RH,980H,PT. Madhani Talatah Nusantara,Site WEST PIT,WM2,M5153WM2,Tig Welding OD,,1,,,,,1.00012E+11,0,,,2,,,,,,,,,
516209,1000122475,60,SHCG-443,110-8476,Rod Ripper Tilt Cylinder RH,980H,PT. Madhani Talatah Nusantara,Site WEST PIT,MGN1,M5153COR,Skim OD ex repair weld dent,,4,,,,,1.00012E+11,0,,,2,,,,,,,,,
516210,1000122475,70,SHCG-443,110-8476,Rod Ripper Tilt Cylinder RH,980H,PT. Madhani Talatah Nusantara,Site WEST PIT,HB,M5153CLT,Machining ID eye,,4,,,,,1.00012E+11,0,,,2,,,,,,,,,
516211,1000122475,80,SHCG-443,110-8476,Rod Ripper Tilt Cylinder RH,980H,PT. Madhani Talatah Nusantara,Site WEST PIT,POL1,M5153PL1,Pre polish OD rod prior to chrome,,4,,,,,1.00012E+11,0,,,2,,,,,,,,,
516212,1000122475,90,SHCG-443,110-8476,Rod Ripper Tilt Cylinder RH,980H,PT. Madhani Talatah Nusantara,Site WEST PIT,HCP2,M5153CP2,Hardchrome OD Rod,,4,,,,,1.00012E+11,0,,,2,,,,,,,,,
516214,1000122475,110,SHCG-443,110-8476,Rod Ripper Tilt Cylinder RH,980H,PT. Madhani Talatah Nusantara,Site WEST PIT,HDR,M5153HDR,Handressing,,2,,,,,1.00012E+12,0,,,2,,,,,,,,,
516215,1000122475,120,SHCG-443,110-8476,Rod Ripper Tilt Cylinder RH,980H,PT. Madhani Talatah Nusantara,Site WEST PIT,QC2,M5153QC2,Final Inspection,,1,,,,,1.00012E+12,0,,,2,,,,,,,,,
516206,1000122475,30,SHCG-443,110-8476,Rod Ripper Tilt Cylinder RH,980H,PT. Madhani Talatah Nusantara,Site WEST PIT,HB,M5153CLT,Striping ID Eye,,1,,,FINISH,12/26/2025,1.00012E+11,0,,,2,,,,,,,,,
434519,1000090485,300,SDFP-49,,Axle Front Motor Grader,,PT. Cipta Kridatama,Site BMB,WM3,M5153WM3,Weld ID Hole Hinge Bar As,,4,,,,,1.00009E+12,,,,1,,,,,,,,,
516213,1000122475,100,SHCG-443,110-8476,Rod Ripper Tilt Cylinder RH,980H,PT. Madhani Talatah Nusantara,Site WEST PIT,POL2,M5153PL2,Final Polish OD rod,,4,,,FINISH,12/30/2025,1.00012E+12,0,,,2,,,,,,,,,
445216,1000095010,40,SDFP-48,,Carrier Differential,,PT. Sanggar Sarana Baja,Site Sebamban,HB,M5153CLT,Strip ID Bearing seat 1,,1.5,,,,,1.0001E+11,,,,2,,,,,,,,,
445203,1000095010,6,SDFP-48,,Carrier Differential,,PT. Sanggar Sarana Baja,Site Sebamban,DIS,M5153DIS,Remove bearing,,1,,,,,10000950106,,,,2,,,,,,,,,
445209,1000095010,17,SDFP-48,,Carrier Differential,,PT. Sanggar Sarana Baja,Site Sebamban,WM3,M5153WM3,Remove Cracks,,1,,,,,1.0001E+11,,,,2,,,,,,,,,
445210,1000095010,20,SDFP-48,,Carrier Differential,,PT. Sanggar Sarana Baja,Site Sebamban,WM3,M5153WM3,Weld crack on web area,,4,,,,,1.0001E+11,,,,2,,,,,,,,,
445211,1000095010,25,SDFP-48,,Carrier Differential,,PT. Sanggar Sarana Baja,Site Sebamban,WM3,M5153WM3,Weld freetings at retainer surface area,,1,,,,,1.0001E+11,,,,2,,,,,,,,,
445212,1000095010,27,SDFP-48,,Carrier Differential,,PT. Sanggar Sarana Baja,Site Sebamban,WM3,M5153WM3,Check Cracks,,1,,,,,1.0001E+11,,,,2,,,,,,,,,
445213,1000095010,30,SDFP-48,,Carrier Differential,,PT. Sanggar Sarana Baja,Site Sebamban,VTL,M5153VTL,Skim freetings at retainer surface area,,2,,,,,1.0001E+11,,,,2,,,,,,,,,
445214,1000095010,37,SDFP-48,,Carrier Differential,,PT. Sanggar Sarana Baja,Site Sebamban,ASY,M5153ASY,Install Cap Bearing 1,,1,,,,,1.0001E+11,,,,2,,,,,,,,,
445215,1000095010,38,SDFP-48,,Carrier Differential,,PT. Sanggar Sarana Baja,Site Sebamban,ASY,M5153ASY,Install Cap Bearing 2,,1,,,,,1.0001E+11,,,,2,,,,,,,,,
445217,1000095010,50,SDFP-48,,Carrier Differential,,PT. Sanggar Sarana Baja,Site Sebamban,HB,M5153CLT,Strip ID Bearing Seat 2,,1.5,,,,,1.0001E+11,,,,2,,,,,,,,,
445218,1000095010,59,SDFP-48,,Carrier Differential,,PT. Sanggar Sarana Baja,Site Sebamban,HB,M5153CLT,Setting before machine,,1,,,,,1.0001E+11,,,,2,,,,,,,,,
445219,1000095010,60,SDFP-48,,Carrier Differential,,PT. Sanggar Sarana Baja,Site Sebamban,VTL,M5153VTL,Strip ID Bearing Seat 3,,2,,,,,1.0001E+11,,,,2,,,,,,,,,
449744,1000096095,80,SFRM-325,575-7136,Linkage As Bearing,,PT.  Cipta Kridatama,Site BMB,HB,M5153CLT,Strip ID eye A,,2,,,,,1.0001E+11,,,,1,,,,,,,,,
516216,1000122473,20,SHCG-443,110-8476,Piston Ripper Tilt Cylinder RH,980H,PT. Madhani Talatah Nusantara,Site WEST PIT,HDR,M5153HDR,Handressing,,1,,,,,1.00012E+11,0,,,3,,,,,,,,,
516217,1000122473,30,SHCG-443,110-8476,Piston Ripper Tilt Cylinder RH,980H,PT. Madhani Talatah Nusantara,Site WEST PIT,QC2,M5153QC2,Post inspect,,1,,,,,1.00012E+11,0,,,3,,,,,,,,,
445220,1000095010,61,SDFP-48,,Carrier Differential,,PT. Sanggar Sarana Baja,Site Sebamban,VTL,M5153VTL,Strip flange face contact,,2,,,,,1.0001E+11,,,,2,,,,,,,,,
445221,1000095010,70,SDFP-48,,Carrier Differential,,PT. Sanggar Sarana Baja,Site Sebamban,MTS,M5153MTS,Metal Spray ID Bearing seat 1,,6,,,,,1.0001E+11,,,,2,,,,,,,,,
445223,1000095010,90,SDFP-48,,Carrier Differential,,PT. Sanggar Sarana Baja,Site Sebamban,MTS,M5153MTS,Metal Spray Bearing Seat 3,,4,,,,,1.0001E+11,,,,2,,,,,,,,,
445224,1000095010,91,SDFP-48,,Carrier Differential,,PT. Sanggar Sarana Baja,Site Sebamban,MTS,M5153MTS,Metal Spray flange face contact,,4,,,,,1.0001E+11,,,,2,,,,,,,,,
445225,1000095010,100,SDFP-48,,Carrier Differential,,PT. Sanggar Sarana Baja,Site Sebamban,HB,M5153CLT,Machining remove excessive spray material,,6,,,,,1.0001E+12,,,,2,,,,,,,,,
445226,1000095010,107,SDFP-48,,Carrier Differential,,PT. Sanggar Sarana Baja,Site Sebamban,ASY,M5153ASY,Reinstall Cap Bearing 1,,1,,,,,1.0001E+12,,,,2,,,,,,,,,
445227,1000095010,108,SDFP-48,,Carrier Differential,,PT. Sanggar Sarana Baja,Site Sebamban,ASY,M5153ASY,Reinstall Cap Bearing 2,,1,,,,,1.0001E+12,,,,2,,,,,,,,,
445228,1000095010,110,SDFP-48,,Carrier Differential,,PT. Sanggar Sarana Baja,Site Sebamban,HB,M5153CLT,Machining Bearing Seat 1,,6,,,,,1.0001E+12,,,,2,,,,,,,,,
445229,1000095010,120,SDFP-48,,Carrier Differential,,PT. Sanggar Sarana Baja,Site Sebamban,HB,M5153CLT,Machining Bearing Seat 2,,6,,,,,1.0001E+12,,,,2,,,,,,,,,
445230,1000095010,130,SDFP-48,,Carrier Differential,,PT. Sanggar Sarana Baja,Site Sebamban,HB,M5153CLT,Machining Bearing Seat 3,,4,,,,,1.0001E+12,,,,2,,,,,,,,,
445231,1000095010,131,SDFP-48,,Carrier Differential,,PT. Sanggar Sarana Baja,Site Sebamban,HB,M5153CLT,Machining flange face contact,,4,,,,,1.0001E+12,,,,2,,,,,,,,,
445232,1000095010,135,SDFP-48,,Carrier Differential,,PT. Sanggar Sarana Baja,Site Sebamban,HB,M5153CLT,Skim stoper bearing seat ,,2,,,,,1.0001E+12,,,,2,,,,,,,,,
445233,1000095010,140,SDFP-48,,Carrier Differential,,PT. Sanggar Sarana Baja,Site Sebamban,HB,M5153CLT,Inspection Check Alignment and Perpendicular,,4,,,,,1.0001E+12,,,,2,,,,,,,,,
445234,1000095010,150,SDFP-48,,Carrier Differential,,PT. Sanggar Sarana Baja,Site Sebamban,HDR,M5153HDR,Deburr after machining process,,1,,,,,1.0001E+12,,,,2,,,,,,,,,
445235,1000095010,160,SDFP-48,,Carrier Differential,,PT. Sanggar Sarana Baja,Site Sebamban,QC2,M5153QC2,Final Inspection,,1,,,,,1.0001E+12,,,,2,,,,,,,,,
434514,1000090485,250,SDFP-49,,Axle Front Motor Grader,,PT. Cipta Kridatama,Site BMB,WM3,M5153WM3,Weld Face Bore Arm LH,,4,,,,,1.00009E+12,,,,1,,,,,,,,,
434493,1000090485,40,SDFP-49,,Axle Front Motor Grader,,PT. Cipta Kridatama,Site BMB,WM3,M5153WM3,Weld joint bosses,,2,,,,,1.00009E+11,,,,1,,,,,,,,,
434520,1000090485,310,SDFP-49,,Axle Front Motor Grader,,PT. Cipta Kridatama,Site BMB,HB,M5153CLT,Machining ID Bore Frame Contact,,10,,,,,1.00009E+12,,,,1,,,,,,,,,
516218,1000122476,20,SHCG-443,110-8476,Housing Ripper Tilt Cylinder RH,980H,PT. Madhani Talatah Nusantara,Site WEST PIT,HB,M5153CLT,Strip ID eye,,1,,,,,1.00012E+11,0,,,4,,,,,,,,,
434511,1000090485,220,SDFP-49,,Axle Front Motor Grader,,PT. Cipta Kridatama,Site BMB,WM3,M5153WM3,Weld ID Bore Arm RH,,4,,,,,1.00009E+12,,,,1,,,,,,,,,
516219,1000122476,30,SHCG-443,110-8476,Housing Ripper Tilt Cylinder RH,980H,PT. Madhani Talatah Nusantara,Site WEST PIT,WM1,M5153WM1,Welding ID eye,,4,,,,,1.00012E+11,0,,,4,,,,,,,,,
516220,1000122476,40,SHCG-443,110-8476,Housing Ripper Tilt Cylinder RH,980H,PT. Madhani Talatah Nusantara,Site WEST PIT,HB,M5153CLT,Machining ID eye,,4,,,,,1.00012E+11,0,,,4,,,,,,,,,
516221,1000122476,50,SHCG-443,110-8476,Housing Ripper Tilt Cylinder RH,980H,PT. Madhani Talatah Nusantara,Site WEST PIT,HM,M5153HM1,Honing ID housing,,4,,,,,1.00012E+11,0,,,4,,,,,,,,,
516222,1000122476,60,SHCG-443,110-8476,Housing Ripper Tilt Cylinder RH,980H,PT. Madhani Talatah Nusantara,Site WEST PIT,HDR,M5153HDR,Handressing,,2,,,,,1.00012E+11,0,,,4,,,,,,,,,
516223,1000122476,70,SHCG-443,110-8476,Housing Ripper Tilt Cylinder RH,980H,PT. Madhani Talatah Nusantara,Site WEST PIT,QC2,M5153QC2,Final Inspection,,1,,,,,1.00012E+11,0,,,4,,,,,,,,,
516224,1000122469,20,SHCG-444,110-8476,Head Ripper Tilt Cylinder RH,980H,PT. Madhani Talatah Nusantara,Site WEST PIT,HDR,M5153HDR,Handressing,,1,,,,,1.00012E+11,0,,,1,,,,,,,,,
516225,1000122469,30,SHCG-444,110-8476,Head Ripper Tilt Cylinder RH,980H,PT. Madhani Talatah Nusantara,Site WEST PIT,QC2,M5153QC2,Post inspect,,1,,,,,1.00012E+11,0,,,1,,,,,,,,,
434510,1000090485,210,SDFP-49,,Axle Front Motor Grader,,PT. Cipta Kridatama,Site BMB,WM3,M5153WM3,Weld Face Bore Frame Contact,,4,,,,,1.00009E+12,,,,1,,,,,,,,,
434512,1000090485,230,SDFP-49,,Axle Front Motor Grader,,PT. Cipta Kridatama,Site BMB,WM3,M5153WM3,Weld Face Bore Arm RH,,4,,,,,1.00009E+12,,,,1,,,,,,,,,
434491,1000090485,20,SDFP-49,,Axle Front Motor Grader,,PT. Cipta Kridatama,Site BMB,DIS,M5153DIS,Remove damage bosses,,1,,,,,1.00009E+11,,,,1,,,,,,,,,
434490,1000090485,10,SDFP-49,,Axle Front Motor Grader,,PT. Cipta Kridatama,Site BMB,DIS,M5153DIS,Remove Bearing,,4,,,,,1.00009E+11,,,,1,,,,,,,,,
434523,1000090485,340,SDFP-49,,Axle Front Motor Grader,,PT. Cipta Kridatama,Site BMB,HB,M5153CLT,Machining ID Bore Steering,,8,,,,,1.00009E+12,,,,1,,,,,,,,,
434524,1000090485,350,SDFP-49,,Axle Front Motor Grader,,PT. Cipta Kridatama,Site BMB,HB,M5153CLT,Machining ID Bore Wheel Lean,,8,,,,,1.00009E+12,,,,1,,,,,,,,,
434522,1000090485,330,SDFP-49,,Axle Front Motor Grader,,PT. Cipta Kridatama,Site BMB,HB,M5153CLT,Machining ID Bore Arm LH,,10,,,,,1.00009E+12,,,,1,,,,,,,,,
434525,1000090485,360,SDFP-49,,Axle Front Motor Grader,,PT. Cipta Kridatama,Site BMB,HB,M5153CLT,Machining ID Hole Hinge Bar As,,4,,,,,1.00009E+12,,,,1,,,,,,,,,
434529,1000090485,400,SDFP-49,,Axle Front Motor Grader,,PT. Cipta Kridatama,Site BMB,QC2,M5153QC2,Final Inspection,,1,,,,,1.00009E+12,,,,1,,,,,,,,,
434521,1000090485,320,SDFP-49,,Axle Front Motor Grader,,PT. Cipta Kridatama,Site BMB,HB,M5153CLT,Machining ID Bore Arm RH,,10,,,,,1.00009E+12,,,,1,,,,,,,,,
434526,1000090485,370,SDFP-49,,Axle Front Motor Grader,,PT. Cipta Kridatama,Site BMB,HDR,M5153HDR,Drill grease holes,,2,,,,,1.00009E+12,,,,1,,,,,,,,,
434527,1000090485,380,SDFP-49,,Axle Front Motor Grader,,PT. Cipta Kridatama,Site BMB,HDR,M5153HDR,Retap thread holes,,2,,,,,1.00009E+12,,,,1,,,,,,,,,
434509,1000090485,200,SDFP-49,,Axle Front Motor Grader,,PT. Cipta Kridatama,Site BMB,WM3,M5153WM3,Weld ID Bore Frame Contact,,4,,,,,1.00009E+12,,,,1,,,,,,,,,
434508,1000090485,190,SDFP-49,,Axle Front Motor Grader,,PT. Cipta Kridatama,Site BMB,HB,M5153CLT,Striping ID Hole Hinge Bar As,,1,,,,,1.00009E+12,,,,1,,,,,,,,,
434507,1000090485,180,SDFP-49,,Axle Front Motor Grader,,PT. Cipta Kridatama,Site BMB,HB,M5153CLT,Striping ID Bore Wheel Lean,,1,,,,,1.00009E+12,,,,1,,,,,,,,,
434506,1000090485,170,SDFP-49,,Axle Front Motor Grader,,PT. Cipta Kridatama,Site BMB,HB,M5153CLT,Striping ID Bore Steering,,2,,,,,1.00009E+12,,,,1,,,,,,,,,
434505,1000090485,160,SDFP-49,,Axle Front Motor Grader,,PT. Cipta Kridatama,Site BMB,HB,M5153CLT,Striping ID Bore Arm LH,,1,,,,,1.00009E+12,,,,1,,,,,,,,,
434504,1000090485,150,SDFP-49,,Axle Front Motor Grader,,PT. Cipta Kridatama,Site BMB,HB,M5153CLT,Striping ID Bore Arm RH,,1,,,,,1.00009E+12,,,,1,,,,,,,,,
434503,1000090485,140,SDFP-49,,Axle Front Motor Grader,,PT. Cipta Kridatama,Site BMB,HB,M5153CLT,Striping ID Bore Frame Contact,,1,,,,,1.00009E+12,,,,1,,,,,,,,,
434502,1000090485,130,SDFP-49,,Axle Front Motor Grader,,PT. Cipta Kridatama,Site BMB,HB,M5153CLT,Drill & Tap New Threads Hole,,5,,,,,1.00009E+12,,,,1,,,,,,,,,
434501,1000090485,120,SDFP-49,,Axle Front Motor Grader,,PT. Cipta Kridatama,Site BMB,WM3,M5153WM3,Flood weld striped Threads hole,,5,,,,,1.00009E+12,,,,1,,,,,,,,,
434500,1000090485,110,SDFP-49,,Axle Front Motor Grader,,PT. Cipta Kridatama,Site BMB,HB,M5153CLT,Strip Broken Threads hole ,,2.5,,,,,1.00009E+12,,,,1,,,,,,,,,
434499,1000090485,100,SDFP-49,,Axle Front Motor Grader,,PT. Cipta Kridatama,Site BMB,WM3,M5153WM3,Remove  Broken Bolt,,1,,,,,1.00009E+12,,,,1,,,,,,,,,
434498,1000090485,90,SDFP-49,,Axle Front Motor Grader,,PT. Cipta Kridatama,Site BMB,WM3,M5153WM3,Remove  Plug,,1,,,,,1.00009E+11,,,,1,,,,,,,,,
434497,1000090485,80,SDFP-49,,Axle Front Motor Grader,,PT. Cipta Kridatama,Site BMB,WM3,M5153WM3,Weld Broken Mounting,,4,,,,,1.00009E+11,,,,1,,,,,,,,,
434496,1000090485,70,SDFP-49,,Axle Front Motor Grader,,PT. Cipta Kridatama,Site BMB,WM3,M5153WM3,Weld worn out area,,4,,,,,1.00009E+11,,,,1,,,,,,,,,
434495,1000090485,60,SDFP-49,,Axle Front Motor Grader,,PT. Cipta Kridatama,Site BMB,WM3,M5153WM3,Weld Crack Area,,24,,,,,1.00009E+11,,,,1,,,,,,,,,
434494,1000090485,50,SDFP-49,,Axle Front Motor Grader,,PT. Cipta Kridatama,Site BMB,WM3,M5153WM3,Remove Crack,,8,,,,,1.00009E+11,,,,1,,,,,,,,,
434518,1000090485,290,SDFP-49,,Axle Front Motor Grader,,PT. Cipta Kridatama,Site BMB,WM3,M5153WM3,Weld Face Bore Wheel Lean,,4,,,,,1.00009E+12,,,,1,,,,,,,,,
434517,1000090485,280,SDFP-49,,Axle Front Motor Grader,,PT. Cipta Kridatama,Site BMB,WM3,M5153WM3,Weld ID Bore Wheel Lean,,4,,,,,1.00009E+12,,,,1,,,,,,,,,
434516,1000090485,270,SDFP-49,,Axle Front Motor Grader,,PT. Cipta Kridatama,Site BMB,WM3,M5153WM3,Weld Face Bore Steering,,4,,,,,1.00009E+12,,,,1,,,,,,,,,
516226,1000122471,20,SHCG-444,110-8476,Housing Ripper Tilt Cylinder RH,980H,PT. Madhani Talatah Nusantara,Site WEST PIT,HB,M5153CLT,Strip ID eye,,1,,,,,1.00012E+11,0,,,2,,,,,,,,,
434515,1000090485,260,SDFP-49,,Axle Front Motor Grader,,PT. Cipta Kridatama,Site BMB,WM3,M5153WM3,Weld ID Bore Steering,,4,,,,,1.00009E+12,,,,1,,,,,,,,,
434513,1000090485,240,SDFP-49,,Axle Front Motor Grader,,PT. Cipta Kridatama,Site BMB,WM3,M5153WM3,Weld ID Bore Arm LH,,4,,,,,1.00009E+12,,,,1,,,,,,,,,
434492,1000090485,30,SDFP-49,,Axle Front Motor Grader,,PT. Cipta Kridatama,Site BMB,WM3,M5153WM3,Order bosses,,0,,,,,1.00009E+11,,,,1,,,,,,,,,
435239,1000091120,330,SDFP-49,,Arm As Rh Motor Grader,,PT. Cipta Kridatama,Site BMB,SYG,M5153COR,Machining Sleeve,,4,,,,,1.00009E+12,,,,2,,,,,,,,,
435242,1000091120,360,SDFP-49,,Arm As Rh Motor Grader,,PT. Cipta Kridatama,Site BMB,ASY,M5153ASY,Install Sleeve at ID Bore Top,,0.5,,,,,1.00009E+12,,,,2,,,,,,,,,
435241,1000091120,350,SDFP-49,,Arm As Rh Motor Grader,,PT. Cipta Kridatama,Site BMB,HB,M5153CLT,Striping ID Bore Bottom,,4,,,,,1.00009E+12,,,,2,,,,,,,,,
435243,1000091120,370,SDFP-49,,Arm As Rh Motor Grader,,PT. Cipta Kridatama,Site BMB,ASY,M5153ASY,Install Sleeve at ID Bore Bottom,,0.5,,,,,1.00009E+12,,,,2,,,,,,,,,
435221,1000091120,100,SDFP-49,,Arm As Rh Motor Grader,,PT. Cipta Kridatama,Site BMB,WM3,M5153WM3,Weld Face Bore Top,,2,,,,,1.00009E+12,,,,2,,,,,,,,,
516227,1000122471,30,SHCG-444,110-8476,Housing Ripper Tilt Cylinder RH,980H,PT. Madhani Talatah Nusantara,Site WEST PIT,WM1,M5153WM1,Welding ID eye,,4,,,,,1.00012E+11,0,,,2,,,,,,,,,
516228,1000122471,40,SHCG-444,110-8476,Housing Ripper Tilt Cylinder RH,980H,PT. Madhani Talatah Nusantara,Site WEST PIT,HB,M5153CLT,Machining ID eye,,4,,,,,1.00012E+11,0,,,2,,,,,,,,,
516229,1000122471,50,SHCG-444,110-8476,Housing Ripper Tilt Cylinder RH,980H,PT. Madhani Talatah Nusantara,Site WEST PIT,HM,M5153HM1,Honing ID housing,,4,,,,,1.00012E+11,0,,,2,,,,,,,,,
516230,1000122471,60,SHCG-444,110-8476,Housing Ripper Tilt Cylinder RH,980H,PT. Madhani Talatah Nusantara,Site WEST PIT,HDR,M5153HDR,Handressing,,2,,,,,1.00012E+11,0,,,2,,,,,,,,,
516231,1000122471,70,SHCG-444,110-8476,Housing Ripper Tilt Cylinder RH,980H,PT. Madhani Talatah Nusantara,Site WEST PIT,QC2,M5153QC2,Final Inspection,,1,,,,,1.00012E+11,0,,,2,,,,,,,,,
516232,1000122470,20,SHCG-444,110-8476,Piston Ripper Tilt Cylinder RH,980H,PT. Madhani Talatah Nusantara,Site WEST PIT,HDR,M5153HDR,Handressing,,1,,,,,1.00012E+11,0,,,3,,,,,,,,,
516233,1000122470,30,SHCG-444,110-8476,Piston Ripper Tilt Cylinder RH,980H,PT. Madhani Talatah Nusantara,Site WEST PIT,QC2,M5153QC2,Post inspect,,1,,,,,1.00012E+11,0,,,3,,,,,,,,,
435222,1000091120,110,SDFP-49,,Arm As Rh Motor Grader,,PT. Cipta Kridatama,Site BMB,WM3,M5153WM3,Weld ID Bore Center,,2,,,,,1.00009E+12,,,,2,,,,,,,,,
435212,1000091120,10,SDFP-49,,Arm As Rh Motor Grader,,PT. Cipta Kridatama,Site BMB,DIS,M5153DIS,Remove plug,,1,,,,,1.00009E+11,,,,2,,,,,,,,,
435219,1000091120,80,SDFP-49,,Arm As Rh Motor Grader,,PT. Cipta Kridatama,Site BMB,HB,M5153CLT,Striping ID Pin Bore,,4,,,,,1.00009E+11,,,,2,,,,,,,,,
435218,1000091120,70,SDFP-49,,Arm As Rh Motor Grader,,PT. Cipta Kridatama,Site BMB,HB,M5153CLT,Striping ID Bore Bottom,,4,,,,,1.00009E+11,,,,2,,,,,,,,,
435217,1000091120,60,SDFP-49,,Arm As Rh Motor Grader,,PT. Cipta Kridatama,Site BMB,HB,M5153CLT,Striping ID Bore Center,,2,,,,,1.00009E+11,,,,2,,,,,,,,,
435216,1000091120,50,SDFP-49,,Arm As Rh Motor Grader,,PT. Cipta Kridatama,Site BMB,HB,M5153CLT,Striping ID Bore Top,,4,,,,,1.00009E+11,,,,2,,,,,,,,,
435215,1000091120,40,SDFP-49,,Arm As Rh Motor Grader,,PT. Cipta Kridatama,Site BMB,WM3,M5153WM3,Weld dent. worn out area,,2,,,,,1.00009E+11,,,,2,,,,,,,,,
435214,1000091120,30,SDFP-49,,Arm As Rh Motor Grader,,PT. Cipta Kridatama,Site BMB,WM3,M5153WM3,Weld Crack Area,,12,,,,,1.00009E+11,,,,2,,,,,,,,,
435213,1000091120,20,SDFP-49,,Arm As Rh Motor Grader,,PT. Cipta Kridatama,Site BMB,WM3,M5153WM3,Remove Crack,,4,,,,,1.00009E+11,,,,2,,,,,,,,,
435223,1000091120,120,SDFP-49,,Arm As Rh Motor Grader,,PT. Cipta Kridatama,Site BMB,WM3,M5153WM3,Weld Face Bore Center,,2,,,,,1.00009E+12,,,,2,,,,,,,,,
435224,1000091120,130,SDFP-49,,Arm As Rh Motor Grader,,PT. Cipta Kridatama,Site BMB,WM3,M5153WM3,Weld ID Bore Bottom,,4,,,,,1.00009E+12,,,,2,,,,,,,,,
435225,1000091120,140,SDFP-49,,Arm As Rh Motor Grader,,PT. Cipta Kridatama,Site BMB,WM3,M5153WM3,Weld Face Bore Bottom,,2,,,,,1.00009E+12,,,,2,,,,,,,,,
435226,1000091120,150,SDFP-49,,Arm As Rh Motor Grader,,PT. Cipta Kridatama,Site BMB,WM3,M5153WM3,Weld ID Pin Bore,,2,,,,,1.00009E+12,,,,2,,,,,,,,,
435227,1000091120,160,SDFP-49,,Arm As Rh Motor Grader,,PT. Cipta Kridatama,Site BMB,WM3,M5153WM3,Weld Face Pin Bore,,2,,,,,1.00009E+12,,,,2,,,,,,,,,
435228,1000091120,170,SDFP-49,,Arm As Rh Motor Grader,,PT. Cipta Kridatama,Site BMB,HB,M5153CLT,Machining Face and ID Bore Top,,8,,,,,1.00009E+12,,,,2,,,,,,,,,
435220,1000091120,90,SDFP-49,,Arm As Rh Motor Grader,,PT. Cipta Kridatama,Site BMB,WM3,M5153WM3,Weld ID Bore Top,,4,,,,,1.00009E+11,,,,2,,,,,,,,,
435229,1000091120,180,SDFP-49,,Arm As Rh Motor Grader,,PT. Cipta Kridatama,Site BMB,HB,M5153CLT,Machining Face and ID Bore Center,,8,,,,,1.00009E+12,,,,2,,,,,,,,,
435230,1000091120,190,SDFP-49,,Arm As Rh Motor Grader,,PT. Cipta Kridatama,Site BMB,HB,M5153CLT,Machining Face and ID Bore Bottom,,8,,,,,1.00009E+12,,,,2,,,,,,,,,
435231,1000091120,200,SDFP-49,,Arm As Rh Motor Grader,,PT. Cipta Kridatama,Site BMB,HB,M5153CLT,Sloting ID Bore Center,,4,,,,,1.00009E+12,,,,2,,,,,,,,,
435232,1000091120,210,SDFP-49,,Arm As Rh Motor Grader,,PT. Cipta Kridatama,Site BMB,HB,M5153CLT,Machining Face and ID Pin Bore,,4,,,,,1.00009E+12,,,,2,,,,,,,,,
435233,1000091120,220,SDFP-49,,Arm As Rh Motor Grader,,PT. Cipta Kridatama,Site BMB,HDR,M5153HDR,Drill grease holes,,1,,,,,1.00009E+12,,,,2,,,,,,,,,
435234,1000091120,230,SDFP-49,,Arm As Rh Motor Grader,,PT. Cipta Kridatama,Site BMB,HDR,M5153HDR,Retap thread holes,,1,,,,,1.00009E+12,,,,2,,,,,,,,,
435235,1000091120,240,SDFP-49,,Arm As Rh Motor Grader,,PT. Cipta Kridatama,Site BMB,HDR,M5153HDR,Deburr excess after machining,,4,,,,,1.00009E+12,,,,2,,,,,,,,,
435236,1000091120,250,SDFP-49,,Arm As Rh Motor Grader,,PT. Cipta Kridatama,Site BMB,QC2,M5153QC2,Final Inspection,,1,,,,,1.00009E+12,,,,2,,,,,,,,,
435237,1000091120,310,SDFP-49,,Arm As Rh Motor Grader,,PT. Cipta Kridatama,Site BMB,PPC,,Order material Sleeve,,0,,,,,1.00009E+12,,,,2,,,,,,,,,
435238,1000091120,320,SDFP-49,,Arm As Rh Motor Grader,,PT. Cipta Kridatama,Site BMB,BSW,M5153BSW,Cut material Sleeve,,2,,,,,1.00009E+12,,,,2,,,,,,,,,
435240,1000091120,340,SDFP-49,,Arm As Rh Motor Grader,,PT. Cipta Kridatama,Site BMB,HB,M5153CLT,Striping ID Bore Top,,4,,,,,1.00009E+12,,,,2,,,,,,,,,
435271,1000091121,330,SDFP-49,,Arm As Lh Motor Grader,,PT. Cipta Kridatama,Site BMB,SYG,M5153COR,Machining Sleeve,,4,,,,,1.00009E+12,,,,3,,,,,,,,,
435264,1000091121,210,SDFP-49,,Arm As Lh Motor Grader,,PT. Cipta Kridatama,Site BMB,HB,M5153CLT,Machining Face and ID Pin Bore,,4,,,,,1.00009E+12,,,,3,,,,,,,,,
435274,1000091121,360,SDFP-49,,Arm As Lh Motor Grader,,PT. Cipta Kridatama,Site BMB,ASY,M5153ASY,Install Sleeve at ID Bore Top,,0.5,,,,,1.00009E+12,,,,3,,,,,,,,,
435273,1000091121,350,SDFP-49,,Arm As Lh Motor Grader,,PT. Cipta Kridatama,Site BMB,HB,M5153CLT,Striping ID Bore Bottom,,4,,,,,1.00009E+12,,,,3,,,,,,,,,
516234,1000122472,20,SHCG-444,110-8476,Rod Ripper Tilt Cylinder RH,980H,PT. Madhani Talatah Nusantara,Site WEST PIT,HCP1,M5153CP1,Dechrome process OD ,,2,,,,,1.00012E+11,0,,,4,,,,,,,,,
516235,1000122472,30,SHCG-444,110-8476,Rod Ripper Tilt Cylinder RH,980H,PT. Madhani Talatah Nusantara,Site WEST PIT,HB,M5153CLT,Striping ID Eye,,1,,,,,1.00012E+11,0,,,4,,,,,,,,,
516236,1000122472,40,SHCG-444,110-8476,Rod Ripper Tilt Cylinder RH,980H,PT. Madhani Talatah Nusantara,Site WEST PIT,WM1,M5153WM1,Welding ID Eye,,3,,,,,1.00012E+11,0,,,4,,,,,,,,,
516237,1000122472,50,SHCG-444,110-8476,Rod Ripper Tilt Cylinder RH,980H,PT. Madhani Talatah Nusantara,Site WEST PIT,WM3,M5153WM3,Remove Crack,,1,,,,,1.00012E+11,0,,,4,,,,,,,,,
516238,1000122472,60,SHCG-444,110-8476,Rod Ripper Tilt Cylinder RH,980H,PT. Madhani Talatah Nusantara,Site WEST PIT,WM3,M5153WM3,Welding Crack,,4,,,,,1.00012E+11,0,,,4,,,,,,,,,
435272,1000091121,340,SDFP-49,,Arm As Lh Motor Grader,,PT. Cipta Kridatama,Site BMB,HB,M5153CLT,Striping ID Bore Top,,4,,,,,1.00009E+12,,,,3,,,,,,,,,
435269,1000091121,310,SDFP-49,,Arm As Lh Motor Grader,,PT. Cipta Kridatama,Site BMB,PPC,,Order material Sleeve,,0,,,,,1.00009E+12,,,,3,,,,,,,,,
435270,1000091121,320,SDFP-49,,Arm As Lh Motor Grader,,PT. Cipta Kridatama,Site BMB,BSW,M5153BSW,Cut material Sleeve,,2,,,,,1.00009E+12,,,,3,,,,,,,,,
435254,1000091121,110,SDFP-49,,Arm As Lh Motor Grader,,PT. Cipta Kridatama,Site BMB,WM3,M5153WM3,Weld ID Bore Center,,2,,,,,1.00009E+12,,,,3,,,,,,,,,
516240,1000122472,80,SHCG-444,110-8476,Rod Ripper Tilt Cylinder RH,980H,PT. Madhani Talatah Nusantara,Site WEST PIT,MGN1,M5153COR,Skim OD ex repair weld dent and crack,,4,,,,,1.00012E+11,0,,,4,,,,,,,,,
516241,1000122472,90,SHCG-444,110-8476,Rod Ripper Tilt Cylinder RH,980H,PT. Madhani Talatah Nusantara,Site WEST PIT,HB,M5153CLT,Machining ID eye,,4,,,,,1.00012E+11,0,,,4,,,,,,,,,
516242,1000122472,100,SHCG-444,110-8476,Rod Ripper Tilt Cylinder RH,980H,PT. Madhani Talatah Nusantara,Site WEST PIT,POL1,M5153PL1,Pre polish OD rod prior to chrome,,4,,,,,1.00012E+12,0,,,4,,,,,,,,,
516244,1000122472,120,SHCG-444,110-8476,Rod Ripper Tilt Cylinder RH,980H,PT. Madhani Talatah Nusantara,Site WEST PIT,POL2,M5153PL2,Final Polish OD rod,,4,,,,,1.00012E+12,0,,,4,,,,,,,,,
516245,1000122472,130,SHCG-444,110-8476,Rod Ripper Tilt Cylinder RH,980H,PT. Madhani Talatah Nusantara,Site WEST PIT,HDR,M5153HDR,Handressing,,2,,,,,1.00012E+12,0,,,4,,,,,,,,,
516246,1000122472,140,SHCG-444,110-8476,Rod Ripper Tilt Cylinder RH,980H,PT. Madhani Talatah Nusantara,Site WEST PIT,QC2,M5153QC2,Final Inspection,,1,,,,,1.00012E+12,0,,,4,,,,,,,,,
516239,1000122472,70,SHCG-444,110-8476,Rod Ripper Tilt Cylinder RH,980H,PT. Madhani Talatah Nusantara,Site WEST PIT,WM2,M5153WM2,Tig Welding OD,,1,,,FINISH,12/27/2025,1.00012E+11,0,,,4,,,,,,,,,
516243,1000122472,110,SHCG-444,110-8476,Rod Ripper Tilt Cylinder RH,980H,PT. Madhani Talatah Nusantara,Site WEST PIT,HCP2,M5153CP2,Hardchrome OD Rod,,4,,,FINISH,12/29/2025,1.00012E+12,0,,,4,,,,,,,,,
435260,1000091121,170,SDFP-49,,Arm As Lh Motor Grader,,PT. Cipta Kridatama,Site BMB,HB,M5153CLT,Machining Face and ID Bore Top,,8,,,,,1.00009E+12,,,,3,,,,,,,,,
435259,1000091121,160,SDFP-49,,Arm As Lh Motor Grader,,PT. Cipta Kridatama,Site BMB,WM3,M5153WM3,Weld Face Pin Bore,,2,,,,,1.00009E+12,,,,3,,,,,,,,,
516247,1000122412,20,SHCG-391-I,,Head Hoist Cylinder,777,PT. Cipta Kridatama,BMB,HDR,M5153HDR,Handressing,,1,,,,,1.00012E+11,0,,,1,,,,,,,,,
516248,1000122412,30,SHCG-391-I,,Head Hoist Cylinder,777,PT. Cipta Kridatama,BMB,QC2,M5153QC2,Post inspect,,1,,,,,1.00012E+11,0,,,1,,,,,,,,,
435261,1000091121,180,SDFP-49,,Arm As Lh Motor Grader,,PT. Cipta Kridatama,Site BMB,HB,M5153CLT,Machining Face and ID Bore Center,,8,,,,,1.00009E+12,,,,3,,,,,,,,,
435258,1000091121,150,SDFP-49,,Arm As Lh Motor Grader,,PT. Cipta Kridatama,Site BMB,WM3,M5153WM3,Weld ID Pin Bore,,2,,,,,1.00009E+12,,,,3,,,,,,,,,
435262,1000091121,190,SDFP-49,,Arm As Lh Motor Grader,,PT. Cipta Kridatama,Site BMB,HB,M5153CLT,Machining Face and ID Bore Bottom,,8,,,,,1.00009E+12,,,,3,,,,,,,,,
435253,1000091121,100,SDFP-49,,Arm As Lh Motor Grader,,PT. Cipta Kridatama,Site BMB,WM3,M5153WM3,Weld Face Bore Top,,2,,,,,1.00009E+12,,,,3,,,,,,,,,
435252,1000091121,90,SDFP-49,,Arm As Lh Motor Grader,,PT. Cipta Kridatama,Site BMB,WM3,M5153WM3,Weld ID Bore Top,,4,,,,,1.00009E+11,,,,3,,,,,,,,,
435268,1000091121,250,SDFP-49,,Arm As Lh Motor Grader,,PT. Cipta Kridatama,Site BMB,QC2,M5153QC2,Final Inspection,,1,,,,,1.00009E+12,,,,3,,,,,,,,,
435267,1000091121,240,SDFP-49,,Arm As Lh Motor Grader,,PT. Cipta Kridatama,Site BMB,HDR,M5153HDR,Deburr excess after machining,,4,,,,,1.00009E+12,,,,3,,,,,,,,,
435245,1000091121,20,SDFP-49,,Arm As Lh Motor Grader,,PT. Cipta Kridatama,Site BMB,WM3,M5153WM3,Remove Crack,,4,,,,,1.00009E+11,,,,3,,,,,,,,,
435266,1000091121,230,SDFP-49,,Arm As Lh Motor Grader,,PT. Cipta Kridatama,Site BMB,HDR,M5153HDR,Retap thread holes,,1,,,,,1.00009E+12,,,,3,,,,,,,,,
435251,1000091121,80,SDFP-49,,Arm As Lh Motor Grader,,PT. Cipta Kridatama,Site BMB,HB,M5153CLT,Striping ID Pin Bore,,4,,,,,1.00009E+11,,,,3,,,,,,,,,
435257,1000091121,140,SDFP-49,,Arm As Lh Motor Grader,,PT. Cipta Kridatama,Site BMB,WM3,M5153WM3,Weld Face Bore Bottom,,2,,,,,1.00009E+12,,,,3,,,,,,,,,
435250,1000091121,70,SDFP-49,,Arm As Lh Motor Grader,,PT. Cipta Kridatama,Site BMB,HB,M5153CLT,Striping ID Bore Bottom,,4,,,,,1.00009E+11,,,,3,,,,,,,,,
435263,1000091121,200,SDFP-49,,Arm As Lh Motor Grader,,PT. Cipta Kridatama,Site BMB,HB,M5153CLT,Sloting ID Bore Center,,4,,,,,1.00009E+12,,,,3,,,,,,,,,
435244,1000091121,10,SDFP-49,,Arm As Lh Motor Grader,,PT. Cipta Kridatama,Site BMB,DIS,M5153DIS,Remove plug,,1,,,,,1.00009E+11,,,,3,,,,,,,,,
435275,1000091121,370,SDFP-49,,Arm As Lh Motor Grader,,PT. Cipta Kridatama,Site BMB,ASY,M5153ASY,Install Sleeve at ID Bore Bottom,,0.5,,,,,1.00009E+12,,,,3,,,,,,,,,
435255,1000091121,120,SDFP-49,,Arm As Lh Motor Grader,,PT. Cipta Kridatama,Site BMB,WM3,M5153WM3,Weld Face Bore Center,,2,,,,,1.00009E+12,,,,3,,,,,,,,,
435265,1000091121,220,SDFP-49,,Arm As Lh Motor Grader,,PT. Cipta Kridatama,Site BMB,HDR,M5153HDR,Drill grease holes,,1,,,,,1.00009E+12,,,,3,,,,,,,,,
435249,1000091121,60,SDFP-49,,Arm As Lh Motor Grader,,PT. Cipta Kridatama,Site BMB,HB,M5153CLT,Striping ID Bore Center,,2,,,,,1.00009E+11,,,,3,,,,,,,,,
435248,1000091121,50,SDFP-49,,Arm As Lh Motor Grader,,PT. Cipta Kridatama,Site BMB,HB,M5153CLT,Striping ID Bore Top,,4,,,,,1.00009E+11,,,,3,,,,,,,,,
435246,1000091121,30,SDFP-49,,Arm As Lh Motor Grader,,PT. Cipta Kridatama,Site BMB,WM3,M5153WM3,Weld Crack Area,,12,,,,,1.00009E+11,,,,3,,,,,,,,,
435256,1000091121,130,SDFP-49,,Arm As Lh Motor Grader,,PT. Cipta Kridatama,Site BMB,WM3,M5153WM3,Weld ID Bore Bottom,,4,,,,,1.00009E+12,,,,3,,,,,,,,,
435290,1000091122,150,SDFP-49,,Housing Spindle Rh Motor Grader,,PT. Cipta Kridatama,Site BMB,HB,M5153CLT,Machining Face and ID Bore Top,,12,,,,,1.00009E+12,,,,4,,,,,,,,,
435296,1000091122,210,SDFP-49,,Housing Spindle Rh Motor Grader,,PT. Cipta Kridatama,Site BMB,MTS,M5153MTS,Wire Arc bearing seat 1,,4,,,,,1.00009E+12,,,,4,,,,,,,,,
435301,1000091122,260,SDFP-49,,Housing Spindle Rh Motor Grader,,PT. Cipta Kridatama,Site BMB,HDR,M5153HDR,Retap thread holes,,2,,,,,1.00009E+12,,,,4,,,,,,,,,
435287,1000091122,120,SDFP-49,,Housing Spindle Rh Motor Grader,,PT. Cipta Kridatama,Site BMB,WM3,M5153WM3,Weld Face Bore Top,,4,,,,,1.00009E+12,,,,4,,,,,,,,,
435286,1000091122,110,SDFP-49,,Housing Spindle Rh Motor Grader,,PT. Cipta Kridatama,Site BMB,WM3,M5153WM3,Weld ID Bore Top,,4,,,,,1.00009E+12,,,,4,,,,,,,,,
435285,1000091122,100,SDFP-49,,Housing Spindle Rh Motor Grader,,PT. Cipta Kridatama,Site BMB,HB,M5153CLT,Striping ID Bore Bottom (2),,8,,,,,1.00009E+12,,,,4,,,,,,,,,
435284,1000091122,90,SDFP-49,,Housing Spindle Rh Motor Grader,,PT. Cipta Kridatama,Site BMB,HB,M5153CLT,Striping ID Bore Top (1),,8,,,,,1.00009E+11,,,,4,,,,,,,,,
435283,1000091122,80,SDFP-49,,Housing Spindle Rh Motor Grader,,PT. Cipta Kridatama,Site BMB,QC2,M5153QC2,Check ID bore 3 & 4 using Go No Go,,1,,,,,1.00009E+11,,,,4,,,,,,,,,
435282,1000091122,70,SDFP-49,,Housing Spindle Rh Motor Grader,,PT. Cipta Kridatama,Site BMB,HB,M5153CLT,Skim the Face surface of bore 3 & 4,,4,,,,,1.00009E+11,,,,4,,,,,,,,,
435281,1000091122,60,SDFP-49,,Housing Spindle Rh Motor Grader,,PT. Cipta Kridatama,Site BMB,HB,M5153CLT,Install & Weld joint the sleeve,,2,,,,,1.00009E+11,,,,4,,,,,,,,,
435280,1000091122,50,SDFP-49,,Housing Spindle Rh Motor Grader,,PT. Cipta Kridatama,Site BMB,QC2,M5153QC2,Inspection,,1,,,,,1.00009E+11,,,,4,,,,,,,,,
435279,1000091122,40,SDFP-49,,Housing Spindle Rh Motor Grader,,PT. Cipta Kridatama,Site BMB,HB,M5153CLT,Machine the bore 3 & 4 prior to sleeve,,8,,,,,1.00009E+11,,,,4,,,,,,,,,
435297,1000091122,220,SDFP-49,,Housing Spindle Rh Motor Grader,,PT. Cipta Kridatama,Site BMB,MTS,M5153MTS,Wire Arc bearing seat 2 ,,4,,,,,1.00009E+12,,,,4,,,,,,,,,
516249,1000122413,20,SHCG-391-I,,2nd Stage As Hoist Cylinder,777,PT. Cipta Kridatama,BMB,HCP1,M5153CP1,Dechrome OD 2nd stage,,4,,,,,1.00012E+11,0,,,2,,,,,,,,,
516250,1000122413,30,SHCG-391-I,,2nd Stage As Hoist Cylinder,777,PT. Cipta Kridatama,BMB,WM2,M5153WM2,Tig weld dent area,,2,,,,,1.00012E+11,0,,,2,,,,,,,,,
435298,1000091122,230,SDFP-49,,Housing Spindle Rh Motor Grader,,PT. Cipta Kridatama,Site BMB,MGN1,M5153COR,Machining the bearing seat 1,,6,,,,,1.00009E+12,,,,4,,,,,,,,,
435299,1000091122,240,SDFP-49,,Housing Spindle Rh Motor Grader,,PT. Cipta Kridatama,Site BMB,MGN1,M5153COR,Machining the bearing seat 2,,6,,,,,1.00009E+12,,,,4,,,,,,,,,
435300,1000091122,250,SDFP-49,,Housing Spindle Rh Motor Grader,,PT. Cipta Kridatama,Site BMB,QC2,M5153QC2,Check TIR After Machine,,2,,,,,1.00009E+12,,,,4,,,,,,,,,
435293,1000091122,180,SDFP-49,,Housing Spindle Rh Motor Grader,,PT. Cipta Kridatama,Site BMB,MGN1,M5153COR,Strip bearing seat 1 ,,2,,,,,1.00009E+12,,,,4,,,,,,,,,
435294,1000091122,190,SDFP-49,,Housing Spindle Rh Motor Grader,,PT. Cipta Kridatama,Site BMB,MGN1,M5153COR,Strip bearing seat 2,,2,,,,,1.00009E+12,,,,4,,,,,,,,,
516251,1000122413,40,SHCG-391-I,,2nd Stage As Hoist Cylinder,777,PT. Cipta Kridatama,BMB,MGN1,M5153COR,Skim ex tigweld,,2,,,,,1.00012E+11,0,,,2,,,,,,,,,
516252,1000122413,50,SHCG-391-I,,2nd Stage As Hoist Cylinder,777,PT. Cipta Kridatama,BMB,POL1,M5153PL1,Pre polish OD rod prior to chrome,,4,,,,,1.00012E+11,0,,,2,,,,,,,,,
516253,1000122413,60,SHCG-391-I,,2nd Stage As Hoist Cylinder,777,PT. Cipta Kridatama,BMB,HCP2,M5153CP2,Hardchrome OD Of Rod,,4,,,,,1.00012E+11,0,,,2,,,,,,,,,
516254,1000122413,70,SHCG-391-I,,2nd Stage As Hoist Cylinder,777,PT. Cipta Kridatama,BMB,POL2,M5153PL2,Final Polish OD rod,,4,,,,,1.00012E+11,0,,,2,,,,,,,,,
516255,1000122413,80,SHCG-391-I,,2nd Stage As Hoist Cylinder,777,PT. Cipta Kridatama,BMB,HM,M5153HM1,Honing ID,,4,,,,,1.00012E+11,0,,,2,,,,,,,,,
516256,1000122413,90,SHCG-391-I,,2nd Stage As Hoist Cylinder,777,PT. Cipta Kridatama,BMB,HDR,M5153HDR,Handressing,,2,,,,,1.00012E+11,0,,,2,,,,,,,,,
516257,1000122413,100,SHCG-391-I,,2nd Stage As Hoist Cylinder,777,PT. Cipta Kridatama,BMB,QC2,M5153QC2,Post Inspection,,1,,,,,1.00012E+12,0,,,2,,,,,,,,,
435302,1000091122,270,SDFP-49,,Housing Spindle Rh Motor Grader,,PT. Cipta Kridatama,Site BMB,HDR,M5153HDR,Deburr excess after machining,,4,,,,,1.00009E+12,,,,4,,,,,,,,,
435278,1000091122,30,SDFP-49,,Housing Spindle Rh Motor Grader,,PT. Cipta Kridatama,Site BMB,WM3,M5153WM3,Welding Worn out on face ,,4,,,,,1.00009E+11,,,,4,,,,,,,,,
435289,1000091122,140,SDFP-49,,Housing Spindle Rh Motor Grader,,PT. Cipta Kridatama,Site BMB,WM3,M5153WM3,Weld Face Bore Bottom,,4,,,,,1.00009E+12,,,,4,,,,,,,,,
435288,1000091122,130,SDFP-49,,Housing Spindle Rh Motor Grader,,PT. Cipta Kridatama,Site BMB,WM3,M5153WM3,Weld ID Bore Bottom,,4,,,,,1.00009E+12,,,,4,,,,,,,,,
435277,1000091122,20,SDFP-49,,Housing Spindle Rh Motor Grader,,PT. Cipta Kridatama,Site BMB,SYG,M5153COR,Manufacture sleeve,,8,,,,,1.00009E+11,,,,4,,,,,,,,,
435303,1000091122,280,SDFP-49,,Housing Spindle Rh Motor Grader,,PT. Cipta Kridatama,Site BMB,QC2,M5153QC2,Final Inspection,,1,,,,,1.00009E+12,,,,4,,,,,,,,,
435292,1000091122,170,SDFP-49,,Housing Spindle Rh Motor Grader,,PT. Cipta Kridatama,Site BMB,WM3,M5153WM3,Weld dent. worn out area,,4,,,,,1.00009E+12,,,,4,,,,,,,,,
435291,1000091122,160,SDFP-49,,Housing Spindle Rh Motor Grader,,PT. Cipta Kridatama,Site BMB,HB,M5153CLT,Machining Face and ID Bore Bottom,,12,,,,,1.00009E+12,,,,4,,,,,,,,,
435295,1000091122,200,SDFP-49,,Housing Spindle Rh Motor Grader,,PT. Cipta Kridatama,Site BMB,BLS,M5153BLS,Blasting before Spray,,1,,,,,1.00009E+12,,,,4,,,,,,,,,
435314,1000091123,110,SDFP-49,,Housing Spindle Lh Motor Grader,,PT. Cipta Kridatama,Site BMB,WM3,M5153WM3,Weld ID Bore Top,,4,,,,,1.00009E+12,,,,5,,,,,,,,,
435312,1000091123,90,SDFP-49,,Housing Spindle Lh Motor Grader,,PT. Cipta Kridatama,Site BMB,HB,M5153CLT,Striping ID Bore Top (1),,8,,,,,1.00009E+11,,,,5,,,,,,,,,
516258,1000122414,20,SHCG-391-I,,Head 2nd Stage Hoist Cylinder,777,PT. Cipta Kridatama,BMB,HDR,M5153HDR,Handressing,,1,,,,,1.00012E+11,0,,,3,,,,,,,,,
516259,1000122414,30,SHCG-391-I,,Head 2nd Stage Hoist Cylinder,777,PT. Cipta Kridatama,BMB,QC2,M5153QC2,Post inspect,,1,,,,,1.00012E+11,0,,,3,,,,,,,,,
435326,1000091123,230,SDFP-49,,Housing Spindle Lh Motor Grader,,PT. Cipta Kridatama,Site BMB,MGN1,M5153COR,Machining the bearing seat 1,,6,,,,,1.00009E+12,,,,5,,,,,,,,,
435325,1000091123,220,SDFP-49,,Housing Spindle Lh Motor Grader,,PT. Cipta Kridatama,Site BMB,MTS,M5153MTS,Wire Arc bearing seat 2 ,,4,,,,,1.00009E+12,,,,5,,,,,,,,,
435313,1000091123,100,SDFP-49,,Housing Spindle Lh Motor Grader,,PT. Cipta Kridatama,Site BMB,HB,M5153CLT,Striping ID Bore Bottom (2),,8,,,,,1.00009E+12,,,,5,,,,,,,,,
435321,1000091123,180,SDFP-49,,Housing Spindle Lh Motor Grader,,PT. Cipta Kridatama,Site BMB,MGN1,M5153COR,Strip bearing seat 1 ,,2,,,,,1.00009E+12,,,,5,,,,,,,,,
435305,1000091123,20,SDFP-49,,Housing Spindle Lh Motor Grader,,PT. Cipta Kridatama,Site BMB,SYG,M5153COR,Manufacture sleeve,,8,,,,,1.00009E+11,,,,5,,,,,,,,,
435317,1000091123,140,SDFP-49,,Housing Spindle Lh Motor Grader,,PT. Cipta Kridatama,Site BMB,WM3,M5153WM3,Weld Face Bore Bottom,,4,,,,,1.00009E+12,,,,5,,,,,,,,,
435306,1000091123,30,SDFP-49,,Housing Spindle Lh Motor Grader,,PT. Cipta Kridatama,Site BMB,WM3,M5153WM3,Welding Worn out on face ,,4,,,,,1.00009E+11,,,,5,,,,,,,,,
435307,1000091123,40,SDFP-49,,Housing Spindle Lh Motor Grader,,PT. Cipta Kridatama,Site BMB,HB,M5153CLT,Machine the bore 3 & 4 prior to sleeve,,8,,,,,1.00009E+11,,,,5,,,,,,,,,
435316,1000091123,130,SDFP-49,,Housing Spindle Lh Motor Grader,,PT. Cipta Kridatama,Site BMB,WM3,M5153WM3,Weld ID Bore Bottom,,4,,,,,1.00009E+12,,,,5,,,,,,,,,
435331,1000091123,280,SDFP-49,,Housing Spindle Lh Motor Grader,,PT. Cipta Kridatama,Site BMB,QC2,M5153QC2,Final Inspection,,1,,,,,1.00009E+12,,,,5,,,,,,,,,
435330,1000091123,270,SDFP-49,,Housing Spindle Lh Motor Grader,,PT. Cipta Kridatama,Site BMB,HDR,M5153HDR,Deburr excess after machining,,4,,,,,1.00009E+12,,,,5,,,,,,,,,
435329,1000091123,260,SDFP-49,,Housing Spindle Lh Motor Grader,,PT. Cipta Kridatama,Site BMB,HDR,M5153HDR,Retap thread holes,,2,,,,,1.00009E+12,,,,5,,,,,,,,,
435328,1000091123,250,SDFP-49,,Housing Spindle Lh Motor Grader,,PT. Cipta Kridatama,Site BMB,QC2,M5153QC2,Check TIR After Machine,,2,,,,,1.00009E+12,,,,5,,,,,,,,,
435308,1000091123,50,SDFP-49,,Housing Spindle Lh Motor Grader,,PT. Cipta Kridatama,Site BMB,QC2,M5153QC2,Inspection,,1,,,,,1.00009E+11,,,,5,,,,,,,,,
435315,1000091123,120,SDFP-49,,Housing Spindle Lh Motor Grader,,PT. Cipta Kridatama,Site BMB,WM3,M5153WM3,Weld Face Bore Top,,4,,,,,1.00009E+12,,,,5,,,,,,,,,
435318,1000091123,150,SDFP-49,,Housing Spindle Lh Motor Grader,,PT. Cipta Kridatama,Site BMB,HB,M5153CLT,Machining Face and ID Bore Top,,12,,,,,1.00009E+12,,,,5,,,,,,,,,
435319,1000091123,160,SDFP-49,,Housing Spindle Lh Motor Grader,,PT. Cipta Kridatama,Site BMB,HB,M5153CLT,Machining Face and ID Bore Bottom,,12,,,,,1.00009E+12,,,,5,,,,,,,,,
435320,1000091123,170,SDFP-49,,Housing Spindle Lh Motor Grader,,PT. Cipta Kridatama,Site BMB,WM3,M5153WM3,Weld dent. worn out area,,4,,,,,1.00009E+12,,,,5,,,,,,,,,
435322,1000091123,190,SDFP-49,,Housing Spindle Lh Motor Grader,,PT. Cipta Kridatama,Site BMB,MGN1,M5153COR,Strip bearing seat 2,,2,,,,,1.00009E+12,,,,5,,,,,,,,,
435324,1000091123,210,SDFP-49,,Housing Spindle Lh Motor Grader,,PT. Cipta Kridatama,Site BMB,MTS,M5153MTS,Wire Arc bearing seat 1,,4,,,,,1.00009E+12,,,,5,,,,,,,,,
516260,1000122415,20,SHCG-391-I,,Piston As Hoist Cylinder,777,PT. Cipta Kridatama,BMB,WM2,M5153WM2,Tig weld worn out,,4,,,,,1.00012E+11,0,,,4,,,,,,,,,
516261,1000122415,30,SHCG-391-I,,Piston As Hoist Cylinder,777,PT. Cipta Kridatama,BMB,SYG,M5153COR,Skim ex weld,,2,,,,,1.00012E+11,0,,,4,,,,,,,,,
516262,1000122415,40,SHCG-391-I,,Piston As Hoist Cylinder,777,PT. Cipta Kridatama,BMB,HDR,M5153HDR,Handressing,,1,,,,,1.00012E+11,0,,,4,,,,,,,,,
516263,1000122415,50,SHCG-391-I,,Piston As Hoist Cylinder,777,PT. Cipta Kridatama,BMB,QC2,M5153QC2,Post Inspection,,1,,,,,1.00012E+11,0,,,4,,,,,,,,,
435323,1000091123,200,SDFP-49,,Housing Spindle Lh Motor Grader,,PT. Cipta Kridatama,Site BMB,BLS,M5153BLS,Blasting before Spray,,1,,,,,1.00009E+12,,,,5,,,,,,,,,
516264,1000122416,20,SHCG-391-I,,Housing As Hoist Cylinder,777,PT. Cipta Kridatama,BMB,HM,M5153HM1,Honing ID Housing,,4,,,,,1.00012E+11,0,,,5,,,,,,,,,
516265,1000122416,30,SHCG-391-I,,Housing As Hoist Cylinder,777,PT. Cipta Kridatama,BMB,HDR,M5153HDR,Handressing,,1,,,,,1.00012E+11,0,,,5,,,,,,,,,
516266,1000122416,40,SHCG-391-I,,Housing As Hoist Cylinder,777,PT. Cipta Kridatama,BMB,QC2,M5153QC2,Post Inspection,,1,,,,,1.00012E+11,0,,,5,,,,,,,,,
435327,1000091123,240,SDFP-49,,Housing Spindle Lh Motor Grader,,PT. Cipta Kridatama,Site BMB,MGN1,M5153COR,Machining the bearing seat 2,,6,,,,,1.00009E+12,,,,5,,,,,,,,,
435309,1000091123,60,SDFP-49,,Housing Spindle Lh Motor Grader,,PT. Cipta Kridatama,Site BMB,HB,M5153CLT,Install & Weld joint the sleeve,,2,,,,,1.00009E+11,,,,5,,,,,,,,,
435310,1000091123,70,SDFP-49,,Housing Spindle Lh Motor Grader,,PT. Cipta Kridatama,Site BMB,HB,M5153CLT,Skim the Face surface of bore 3 & 4,,4,,,,,1.00009E+11,,,,5,,,,,,,,,
435311,1000091123,80,SDFP-49,,Housing Spindle Lh Motor Grader,,PT. Cipta Kridatama,Site BMB,QC2,M5153QC2,Check ID bore 3 & 4 using Go No Go,,1,,,,,1.00009E+11,,,,5,,,,,,,,,
435333,1000091124,20,SDFP-49,,Spindle Rh Motor Grader,, PT. Cipta Kridatama,Site BMB,VTL,M5153VTL,Strip bearing seat 1 ,,1,,,,,1.00009E+11,,,,6,,,,,,,,,
435334,1000091124,30,SDFP-49,,Spindle Rh Motor Grader,, PT. Cipta Kridatama,Site BMB,VTL,M5153VTL,Strip bearing seat 2,,1,,,,,1.00009E+11,,,,6,,,,,,,,,
435335,1000091124,40,SDFP-49,,Spindle Rh Motor Grader,, PT. Cipta Kridatama,Site BMB,BLS,M5153BLS,Blasting before Spray,,1,,,,,1.00009E+11,,,,6,,,,,,,,,
435336,1000091124,50,SDFP-49,,Spindle Rh Motor Grader,, PT. Cipta Kridatama,Site BMB,MTS,M5153MTS,Wire Arc bearing seat 1,,3,,,,,1.00009E+11,,,,6,,,,,,,,,
435337,1000091124,60,SDFP-49,,Spindle Rh Motor Grader,, PT. Cipta Kridatama,Site BMB,MTS,M5153MTS,Wire Arc bearing seat 2 ,,3,,,,,1.00009E+11,,,,6,,,,,,,,,
435338,1000091124,70,SDFP-49,,Spindle Rh Motor Grader,, PT. Cipta Kridatama,Site BMB,VTL,M5153VTL,Machining the bearing seat 1,,3,,,,,1.00009E+11,,,,6,,,,,,,,,
435339,1000091124,80,SDFP-49,,Spindle Rh Motor Grader,, PT. Cipta Kridatama,Site BMB,VTL,M5153VTL,Machining the bearing seat 2,,3,,,,,1.00009E+11,,,,6,,,,,,,,,
435340,1000091124,90,SDFP-49,,Spindle Rh Motor Grader,, PT. Cipta Kridatama,Site BMB,QC2,M5153QC2,Check TIR After Machine,,1,,,,,1.00009E+11,,,,6,,,,,,,,,
435341,1000091124,100,SDFP-49,,Spindle Rh Motor Grader,, PT. Cipta Kridatama,Site BMB,HDR,M5153HDR,Retap thread holes,,1,,,,,1.00009E+12,,,,6,,,,,,,,,
435342,1000091124,110,SDFP-49,,Spindle Rh Motor Grader,, PT. Cipta Kridatama,Site BMB,HDR,M5153HDR,Deburr excess after machining,,2,,,,,1.00009E+12,,,,6,,,,,,,,,
435343,1000091124,120,SDFP-49,,Spindle Rh Motor Grader,, PT. Cipta Kridatama,Site BMB,QC2,M5153QC2,Final Inspection,,1,,,,,1.00009E+12,,,,6,,,,,,,,,
435349,1000091125,60,SDFP-49,,Spindle Lh Motor Grader,, PT. Cipta Kridatama,Site BMB,MTS,M5153MTS,Wire Arc bearing seat 2 ,,3,,,,,1.00009E+11,,,,7,,,,,,,,,
435352,1000091125,90,SDFP-49,,Spindle Lh Motor Grader,, PT. Cipta Kridatama,Site BMB,QC2,M5153QC2,Check TIR After Machine,,1,,,,,1.00009E+11,,,,7,,,,,,,,,
435353,1000091125,100,SDFP-49,,Spindle Lh Motor Grader,, PT. Cipta Kridatama,Site BMB,HDR,M5153HDR,Retap thread holes,,1,,,,,1.00009E+12,,,,7,,,,,,,,,
435354,1000091125,110,SDFP-49,,Spindle Lh Motor Grader,, PT. Cipta Kridatama,Site BMB,HDR,M5153HDR,Deburr excess after machining,,2,,,,,1.00009E+12,,,,7,,,,,,,,,
435355,1000091125,120,SDFP-49,,Spindle Lh Motor Grader,, PT. Cipta Kridatama,Site BMB,QC2,M5153QC2,Final Inspection,,1,,,,,1.00009E+12,,,,7,,,,,,,,,
435344,1000091125,10,SDFP-49,,Spindle Lh Motor Grader,, PT. Cipta Kridatama,Site BMB,WM2,M5153WM2,Weld dent. worn out area,,2,,,,,1.00009E+11,,,,7,,,,,,,,,
435345,1000091125,20,SDFP-49,,Spindle Lh Motor Grader,, PT. Cipta Kridatama,Site BMB,VTL,M5153VTL,Strip bearing seat 1 ,,1,,,,,1.00009E+11,,,,7,,,,,,,,,
435346,1000091125,30,SDFP-49,,Spindle Lh Motor Grader,, PT. Cipta Kridatama,Site BMB,VTL,M5153VTL,Strip bearing seat 2,,1,,,,,1.00009E+11,,,,7,,,,,,,,,
435347,1000091125,40,SDFP-49,,Spindle Lh Motor Grader,, PT. Cipta Kridatama,Site BMB,BLS,M5153BLS,Blasting before Spray,,1,,,,,1.00009E+11,,,,7,,,,,,,,,
435348,1000091125,50,SDFP-49,,Spindle Lh Motor Grader,, PT. Cipta Kridatama,Site BMB,MTS,M5153MTS,Wire Arc bearing seat 1,,3,,,,,1.00009E+11,,,,7,,,,,,,,,
435350,1000091125,70,SDFP-49,,Spindle Lh Motor Grader,, PT. Cipta Kridatama,Site BMB,VTL,M5153VTL,Machining the bearing seat 1,,3,,,,,1.00009E+11,,,,7,,,,,,,,,
435351,1000091125,80,SDFP-49,,Spindle Lh Motor Grader,, PT. Cipta Kridatama,Site BMB,VTL,M5153VTL,Machining the bearing seat 2,,3,,,,,1.00009E+11,,,,7,,,,,,,,,
436282,1000091652,200,SDFP-50,,Housing Spindle Motor Grader,, PT. Trakindo Utama,Site Batulicin,MTS,M5153MTS,Wire Arc bearing seat 2 ,,4,,,,,1.00009E+12,,,,1,,,,,,,,,
436283,1000091652,210,SDFP-50,,Housing Spindle Motor Grader,, PT. Trakindo Utama,Site Batulicin,MGN1,M5153COR,Machining the bearing seat 1,,6,,,,,1.00009E+12,,,,1,,,,,,,,,
436281,1000091652,190,SDFP-50,,Housing Spindle Motor Grader,, PT. Trakindo Utama,Site Batulicin,MTS,M5153MTS,Wire Arc bearing seat 1,,4,,,,,1.00009E+12,,,,1,,,,,,,,,
436280,1000091652,180,SDFP-50,,Housing Spindle Motor Grader,, PT. Trakindo Utama,Site Batulicin,BLS,M5153BLS,Blasting before Spray,,1,,,,,1.00009E+12,,,,1,,,,,,,,,
436278,1000091652,160,SDFP-50,,Housing Spindle Motor Grader,, PT. Trakindo Utama,Site Batulicin,MGN1,M5153COR,Strip bearing seat 1 ,,2,,,,,1.00009E+12,,,,1,,,,,,,,,
436277,1000091652,155,SDFP-50,,Housing Spindle Motor Grader,, PT. Trakindo Utama,Site Batulicin,MGN1,M5153COR,Skim Ex  Weld dent. worn out area,,4,,,,,1.00009E+12,,,,1,,,,,,,,,
436276,1000091652,150,SDFP-50,,Housing Spindle Motor Grader,, PT. Trakindo Utama,Site Batulicin,WM3,M5153WM3,Weld dent. worn out area,,1,,,,,1.00009E+12,,,,1,,,,,,,,,
436275,1000091652,140,SDFP-50,,Housing Spindle Motor Grader,, PT. Trakindo Utama,Site Batulicin,QC2,M5153QC2,Check ID bore 3 & 4 using Go No Go,,1,,,,,1.00009E+12,,,,1,,,,,,,,,
436274,1000091652,130,SDFP-50,,Housing Spindle Motor Grader,, PT. Trakindo Utama,Site Batulicin,HB,M5153CLT,Skim the Face surface of bore 3 & 4,,4,,,,,1.00009E+12,,,,1,,,,,,,,,
436273,1000091652,120,SDFP-50,,Housing Spindle Motor Grader,, PT. Trakindo Utama,Site Batulicin,HB,M5153CLT,Install & Weld joint the sleeve,,2,,,,,1.00009E+12,,,,1,,,,,,,,,
436272,1000091652,110,SDFP-50,,Housing Spindle Motor Grader,, PT. Trakindo Utama,Site Batulicin,QC2,M5153QC2,Inspection,,1,,,,,1.00009E+12,,,,1,,,,,,,,,
436271,1000091652,100,SDFP-50,,Housing Spindle Motor Grader,, PT. Trakindo Utama,Site Batulicin,HB,M5153CLT,Machine the bore 3 & 4 prior to sleeve,,8,,,,,1.00009E+12,,,,1,,,,,,,,,
436270,1000091652,90,SDFP-50,,Housing Spindle Motor Grader,, PT. Trakindo Utama,Site Batulicin,WM3,M5153WM3,Welding Worn out on face ,,4,,,,,1.00009E+11,,,,1,,,,,,,,,
436269,1000091652,80,SDFP-50,,Housing Spindle Motor Grader,, PT. Trakindo Utama,Site Batulicin,SYG,M5153COR,Manufacture ID Taper sleeve,,8,,,,,1.00009E+11,,,,1,,,,,,,,,
436267,1000091652,60,SDFP-50,,Housing Spindle Motor Grader,, PT. Trakindo Utama,Site Batulicin,HB,M5153CLT,Skim the Face surface of bore 1 & 2,,4,,,,,1.00009E+11,,,,1,,,,,,,,,
436266,1000091652,50,SDFP-50,,Housing Spindle Motor Grader,, PT. Trakindo Utama,Site Batulicin,HB,M5153CLT,Install & Weld joint the sleeve,,2,,,,,1.00009E+11,,,,1,,,,,,,,,
436265,1000091652,40,SDFP-50,,Housing Spindle Motor Grader,, PT. Trakindo Utama,Site Batulicin,QC2,M5153QC2,Inspection,,1,,,,,1.00009E+11,,,,1,,,,,,,,,
436264,1000091652,30,SDFP-50,,Housing Spindle Motor Grader,, PT. Trakindo Utama,Site Batulicin,HB,M5153CLT,Machine the bore 1 & 2 prior to sleeve,,12,,,,,1.00009E+11,,,,1,,,,,,,,,
436263,1000091652,20,SDFP-50,,Housing Spindle Motor Grader,, PT. Trakindo Utama,Site Batulicin,SYG,M5153COR,Manufacture face groove sleeve,,12,,,,,1.00009E+11,,,,1,,,,,,,,,
436744,1000092070,90,SDFP-51,561-22-73115,Rear Axle Housing,,PT. United Tractors,Site Satui,HB,M5153CLT,Strip Threads holes at flange differential contact,,8,,,,,1.00009E+11,,,,1,,,,,,,,,
436745,1000092070,100,SDFP-51,561-22-73115,Rear Axle Housing,,PT. United Tractors,Site Satui,HB,M5153CLT,Strip ID Differential contact,,3,,,,,1.00009E+12,,,,1,,,,,,,,,
436746,1000092070,110,SDFP-51,561-22-73115,Rear Axle Housing,,PT. United Tractors,Site Satui,HB,M5153CLT,Strip ID Upper Radius Rod Bores,,4,,,,,1.00009E+12,,,,1,,,,,,,,,
436747,1000092070,120,SDFP-51,561-22-73115,Rear Axle Housing,,PT. United Tractors,Site Satui,HB,M5153CLT,Strip ID Lower Radius Rod Bores,,4,,,,,1.00009E+12,,,,1,,,,,,,,,
436748,1000092070,130,SDFP-51,561-22-73115,Rear Axle Housing,,PT. United Tractors,Site Satui,HB,M5153CLT,Strip ID Suspension Bores,,4,,,,,1.00009E+12,,,,1,,,,,,,,,
436749,1000092070,135,SDFP-51,561-22-73115,Rear Axle Housing,,PT. United Tractors,Site Satui,WM3,M5153WM3,Remove All Indication crack,,20,,,,,1.00009E+12,,,,1,,,,,,,,,
436750,1000092070,140,SDFP-51,561-22-73115,Rear Axle Housing,,PT. United Tractors,Site Satui,WM3,M5153WM3,Weld crack area,,50,,,,,1.00009E+12,,,,1,,,,,,,,,
436751,1000092070,145,SDFP-51,561-22-73115,Rear Axle Housing,,PT. United Tractors,Site Satui,QC2,M5153QC2,Check crack by NDT & deflection after repair crack,,1,,,,,1.00009E+12,,,,1,,,,,,,,,
436754,1000092070,170,SDFP-51,561-22-73115,Rear Axle Housing,,PT. United Tractors,Site Satui,WM3,M5153WM3,Cut Plug Material,,1,,,,,1.00009E+12,,,,1,,,,,,,,,
436784,1000092070,450,SDFP-51,561-22-73115,Rear Axle Housing,,PT. United Tractors,Site Satui,HDR,M5153HDR,Retap All Threads Holes,,2,,,,,1.00009E+12,,,,1,,,,,,,,,
516267,1000122417,20,SHCG-391-I,,Rod As Hoist Cylinder,777,PT. Cipta Kridatama,BMB,POL2,M5153PL2,Final polish OD rod,,4,,,,,1.00012E+11,0,,,6,,,,,,,,,
436783,1000092070,440,SDFP-51,561-22-73115,Rear Axle Housing,,PT. United Tractors,Site Satui,HDR,M5153HDR,Handressing at ex weld worn out,,8,,,,,1.00009E+12,,,,1,,,,,,,,,
516268,1000122417,30,SHCG-391-I,,Rod As Hoist Cylinder,777,PT. Cipta Kridatama,BMB,MGN1,M5153COR,Light skim end face prior to remove excesive chrome,,2,,,,,1.00012E+11,0,,,6,,,,,,,,,
516269,1000122417,40,SHCG-391-I,,Rod As Hoist Cylinder,777,PT. Cipta Kridatama,BMB,HDR,M5153HDR,Handressing,,2,,,,,1.00012E+11,0,,,6,,,,,,,,,
516270,1000122417,50,SHCG-391-I,,Rod As Hoist Cylinder,777,PT. Cipta Kridatama,BMB,QC2,M5153QC2,Post Inspection,,1,,,,,1.00012E+11,0,,,6,,,,,,,,,
436782,1000092070,430,SDFP-51,561-22-73115,Rear Axle Housing,,PT. United Tractors,Site Satui,HB,M5153CLT,Machine ID Suspension Bores,,4,,,,,1.00009E+12,,,,1,,,,,,,,,
436758,1000092070,200,SDFP-51,561-22-73115,Rear Axle Housing,,PT. United Tractors,Site Satui,WM3,M5153WM3,Seting weld joint,,2,,,,,1.00009E+12,,,,1,,,,,,,,,
436759,1000092070,205,SDFP-51,561-22-73115,Rear Axle Housing,,PT. United Tractors,Site Satui,WM3,M5153WM3,Weld joint Plug Insert,,4,,,,,1.00009E+12,,,,1,,,,,,,,,
436785,1000092070,460,SDFP-51,561-22-73115,Rear Axle Housing,,PT. United Tractors,Site Satui,QC2,M5153QC2,Final Inspection,,1,,,,,1.00009E+12,,,,1,,,,,,,,,
436761,1000092070,220,SDFP-51,561-22-73115,Rear Axle Housing,,PT. United Tractors,Site Satui,WM3,M5153WM3,Weld Flange face RH,,4,,,,,1.00009E+12,,,,1,,,,,,,,,
436762,1000092070,230,SDFP-51,561-22-73115,Rear Axle Housing,,PT. United Tractors,Site Satui,WM3,M5153WM3,Weld Flange face LH,,4,,,,,1.00009E+12,,,,1,,,,,,,,,
436763,1000092070,240,SDFP-51,561-22-73115,Rear Axle Housing,,PT. United Tractors,Site Satui,WM3,M5153WM3,Weld Flange face differential contact,,4,,,,,1.00009E+12,,,,1,,,,,,,,,
436740,1000092070,50,SDFP-51,561-22-73115,Rear Axle Housing,,PT. United Tractors,Site Satui,HB,M5153CLT,Strip Flange face LH,,2,,,,,1.00009E+11,,,,1,,,,,,,,,
436741,1000092070,60,SDFP-51,561-22-73115,Rear Axle Housing,,PT. United Tractors,Site Satui,HB,M5153CLT,Strip Flange face differential contact,,2,,,,,1.00009E+11,,,,1,,,,,,,,,
436739,1000092070,40,SDFP-51,561-22-73115,Rear Axle Housing,,PT. United Tractors,Site Satui,HB,M5153CLT,Strip Flange face RH,,2,,,,,1.00009E+11,,,,1,,,,,,,,,
436738,1000092070,10,SDFP-51,561-22-73115,Rear Axle Housing,,PT. United Tractors,Site Satui,WM3,M5153WM3,Remove Stuck Pin Rod Lateral,,4,,,,,1.00009E+11,,,,1,,,,,,,,,
436755,1000092070,180,SDFP-51,561-22-73115,Rear Axle Housing,,PT. United Tractors,Site Satui,WM3,M5153WM3,Cut Profile stifener plate,,24,,,,,1.00009E+12,,,,1,,,,,,,,,
436756,1000092070,190,SDFP-51,561-22-73115,Rear Axle Housing,,PT. United Tractors,Site Satui,WM3,M5153WM3,Machining  Plug Insert,,4,,,,,1.00009E+12,,,,1,,,,,,,,,
436757,1000092070,195,SDFP-51,561-22-73115,Rear Axle Housing,,PT. United Tractors,Site Satui,WM3,M5153WM3,Drill damage Plug holes,,4,,,,,1.00009E+12,,,,1,,,,,,,,,
436766,1000092070,270,SDFP-51,561-22-73115,Rear Axle Housing,,PT. United Tractors,Site Satui,WM3,M5153WM3,Flood weld Striped threads holes at flange differential contact,,8,,,,,1.00009E+12,,,,1,,,,,,,,,
436767,1000092070,280,SDFP-51,561-22-73115,Rear Axle Housing,,PT. United Tractors,Site Satui,WM3,M5153WM3,Weld ID Differential contact,,6,,,,,1.00009E+12,,,,1,,,,,,,,,
436768,1000092070,290,SDFP-51,561-22-73115,Rear Axle Housing,,PT. United Tractors,Site Satui,WM3,M5153WM3,Weld All worn out at outer body / Inner Body,,8,,,,,1.00009E+12,,,,1,,,,,,,,,
436760,1000092070,210,SDFP-51,561-22-73115,Rear Axle Housing,,PT. United Tractors,Site Satui,WM3,M5153WM3,Weld joint  Stifener Plate,,100,,,,,1.00009E+12,,,,1,,,,,,,,,
436769,1000092070,300,SDFP-51,561-22-73115,Rear Axle Housing,,PT. United Tractors,Site Satui,WM3,M5153WM3,Weld ID Upper Radius Rod Bores,,4,,,,,1.00009E+12,,,,1,,,,,,,,,
436770,1000092070,310,SDFP-51,561-22-73115,Rear Axle Housing,,PT. United Tractors,Site Satui,WM3,M5153WM3,Weld ID Lower Radius Rod Bores,,4,,,,,1.00009E+12,,,,1,,,,,,,,,
436771,1000092070,320,SDFP-51,561-22-73115,Rear Axle Housing,,PT. United Tractors,Site Satui,WM3,M5153WM3,Weld ID Suspension Bores,,4,,,,,1.00009E+12,,,,1,,,,,,,,,
436772,1000092070,330,SDFP-51,561-22-73115,Rear Axle Housing,,PT. United Tractors,Site Satui,WM2,M5153WM2,TIG weld all dents,,4,,,,,1.00009E+12,,,,1,,,,,,,,,
436773,1000092070,340,SDFP-51,561-22-73115,Rear Axle Housing,,PT. United Tractors,Site Satui,HB,M5153CLT,Machine Flange face RH,,4,,,,,1.00009E+12,,,,1,,,,,,,,,
436774,1000092070,350,SDFP-51,561-22-73115,Rear Axle Housing,,PT. United Tractors,Site Satui,HB,M5153CLT,Machine Flange face LH,,4,,,,,1.00009E+12,,,,1,,,,,,,,,
436775,1000092070,360,SDFP-51,561-22-73115,Rear Axle Housing,,PT. United Tractors,Site Satui,HB,M5153CLT,Machine Flange face differential contact,,4,,,,,1.00009E+12,,,,1,,,,,,,,,
436776,1000092070,370,SDFP-51,561-22-73115,Rear Axle Housing,,PT. United Tractors,Site Satui,HB,M5153CLT,Machine bolt holes at flange RH,,16,,,,,1.00009E+12,,,,1,,,,,,,,,
436777,1000092070,380,SDFP-51,561-22-73115,Rear Axle Housing,,PT. United Tractors,Site Satui,HB,M5153CLT,Machine bolt holes at flange LH,,16,,,,,1.00009E+12,,,,1,,,,,,,,,
436778,1000092070,390,SDFP-51,561-22-73115,Rear Axle Housing,,PT. United Tractors,Site Satui,HB,M5153CLT,Machine threads holes at flange differential contact,,12,,,,,1.00009E+12,,,,1,,,,,,,,,
436779,1000092070,400,SDFP-51,561-22-73115,Rear Axle Housing,,PT. United Tractors,Site Satui,HB,M5153CLT,Machine ID Differential contact,,4,,,,,1.00009E+12,,,,1,,,,,,,,,
436780,1000092070,410,SDFP-51,561-22-73115,Rear Axle Housing,,PT. United Tractors,Site Satui,HB,M5153CLT,Machine ID Upper Radius Rod Bores,,4,,,,,1.00009E+12,,,,1,,,,,,,,,
436781,1000092070,420,SDFP-51,561-22-73115,Rear Axle Housing,,PT. United Tractors,Site Satui,HB,M5153CLT,Machine ID Lower Radius Rod Bores,,4,,,,,1.00009E+12,,,,1,,,,,,,,,
436742,1000092070,70,SDFP-51,561-22-73115,Rear Axle Housing,,PT. United Tractors,Site Satui,HB,M5153CLT,Strip bolt holes at flange RH,,10,,,,,1.00009E+11,,,,1,,,,,,,,,
436743,1000092070,80,SDFP-51,561-22-73115,Rear Axle Housing,,PT. United Tractors,Site Satui,HB,M5153CLT,Strip bolt holes at flange LH,,10,,,,,1.00009E+11,,,,1,,,,,,,,,
436806,1000092071,214,SDFP-52,561-22-73115,Rear Axle Housing,,PT. Putra Perkasa Abadi,Site BIB,QC2,M5153QC2,Check crack by NDT & deflection after repair crack,,1,,,,,1.00009E+12,,,,1,,,,,,,,,
436805,1000092071,213,SDFP-52,561-22-73115,Rear Axle Housing,,PT. Putra Perkasa Abadi,Site BIB,WM3,M5153WM3,Seting weld joint,,2,,,,,1.00009E+12,,,,1,,,,,,,,,
436804,1000092071,212,SDFP-52,561-22-73115,Rear Axle Housing,,PT. Putra Perkasa Abadi,Site BIB,WM3,M5153WM3,Cut Profile stifener plate,,24,,,,,1.00009E+12,,,,1,,,,,,,,,
436803,1000092071,211,SDFP-52,561-22-73115,Rear Axle Housing,,PT. Putra Perkasa Abadi,Site BIB,PPC,,Order stifener plate SS400 T50,,0,,,,,1.00009E+12,,,,1,,,,,,,,,
436802,1000092071,210,SDFP-52,561-22-73115,Rear Axle Housing,,PT. Putra Perkasa Abadi,Site BIB,WM3,M5153WM3,Weld joint  Stifener Plate,,100,,,,,1.00009E+12,,,,1,,,,,,,,,
436800,1000092071,195,SDFP-52,561-22-73115,Rear Axle Housing,,PT. Putra Perkasa Abadi,Site BIB,WM3,M5153WM3,Drill damage Plug holes,,4,,,,,1.00009E+12,,,,1,,,,,,,,,
436799,1000092071,190,SDFP-52,561-22-73115,Rear Axle Housing,,PT. Putra Perkasa Abadi,Site BIB,WM3,M5153WM3,Machining  Plug Insert,,4,,,,,1.00009E+12,,,,1,,,,,,,,,
436798,1000092071,180,SDFP-52,561-22-73115,Rear Axle Housing,,PT. Putra Perkasa Abadi,Site BIB,WM3,M5153WM3,Weld crack area,,50,,,,,1.00009E+12,,,,1,,,,,,,,,
436797,1000092071,140,SDFP-52,561-22-73115,Rear Axle Housing,,PT. Putra Perkasa Abadi,Site BIB,WM3,M5153WM3,Remove All Indication crack,,20,,,,,1.00009E+12,,,,1,,,,,,,,,
436801,1000092071,205,SDFP-52,561-22-73115,Rear Axle Housing,,PT. Putra Perkasa Abadi,Site BIB,WM3,M5153WM3,Weld joint Plug Insert,,4,,,,,1.00009E+12,,,,1,,,,,,,,,
436786,1000092071,10,SDFP-52,561-22-73115,Rear Axle Housing,,PT. Putra Perkasa Abadi,Site BIB,HDR,M5153HDR,Remove all broken Pin Dowel,,1,,,,,1.00009E+11,,,,1,,,,,,,,,
436787,1000092071,40,SDFP-52,561-22-73115,Rear Axle Housing,,PT. Putra Perkasa Abadi,Site BIB,HB,M5153CLT,Strip Flange face RH,,2,,,,,1.00009E+11,,,,1,,,,,,,,,
436788,1000092071,50,SDFP-52,561-22-73115,Rear Axle Housing,,PT. Putra Perkasa Abadi,Site BIB,HB,M5153CLT,Strip Flange face LH,,2,,,,,1.00009E+11,,,,1,,,,,,,,,
436789,1000092071,60,SDFP-52,561-22-73115,Rear Axle Housing,,PT. Putra Perkasa Abadi,Site BIB,HB,M5153CLT,Strip Flange face differential contact,,2,,,,,1.00009E+11,,,,1,,,,,,,,,
436790,1000092071,70,SDFP-52,561-22-73115,Rear Axle Housing,,PT. Putra Perkasa Abadi,Site BIB,HB,M5153CLT,Strip bolt holes at flange RH,,10,,,,,1.00009E+11,,,,1,,,,,,,,,
436791,1000092071,80,SDFP-52,561-22-73115,Rear Axle Housing,,PT. Putra Perkasa Abadi,Site BIB,HB,M5153CLT,Strip bolt holes at flange LH,,10,,,,,1.00009E+11,,,,1,,,,,,,,,
436792,1000092071,90,SDFP-52,561-22-73115,Rear Axle Housing,,PT. Putra Perkasa Abadi,Site BIB,HB,M5153CLT,Strip Threads holes at flange differential contact,,8,,,,,1.00009E+11,,,,1,,,,,,,,,
436793,1000092071,100,SDFP-52,561-22-73115,Rear Axle Housing,,PT. Putra Perkasa Abadi,Site BIB,HB,M5153CLT,Strip ID Differential contact,,3,,,,,1.00009E+12,,,,1,,,,,,,,,
436794,1000092071,110,SDFP-52,561-22-73115,Rear Axle Housing,,PT. Putra Perkasa Abadi,Site BIB,HB,M5153CLT,Strip ID Upper Radius Rod Bores,,4,,,,,1.00009E+12,,,,1,,,,,,,,,
436795,1000092071,120,SDFP-52,561-22-73115,Rear Axle Housing,,PT. Putra Perkasa Abadi,Site BIB,HB,M5153CLT,Strip ID Lower Radius Rod Bores,,4,,,,,1.00009E+12,,,,1,,,,,,,,,
436822,1000092071,370,SDFP-52,561-22-73115,Rear Axle Housing,,PT. Putra Perkasa Abadi,Site BIB,HB,M5153CLT,Machine bolt holes at flange RH,,16,,,,,1.00009E+12,,,,1,,,,,,,,,
436796,1000092071,130,SDFP-52,561-22-73115,Rear Axle Housing,,PT. Putra Perkasa Abadi,Site BIB,HB,M5153CLT,Strip ID Suspension Bores,,4,,,,,1.00009E+12,,,,1,,,,,,,,,
436831,1000092071,460,SDFP-52,561-22-73115,Rear Axle Housing,,PT. Putra Perkasa Abadi,Site BIB,QC2,M5153QC2,Final Inspection,,1,,,,,1.00009E+12,,,,1,,,,,,,,,
516271,1000122431,9,SWRP-697,9P-3468,Carrier Planetary,D9R,PT. Cipta Kridatama,Site BIB ,PPC,,Order Material,,0,,,,,10001224319,0,,,1,,,,,,,,,
516272,1000122431,10,SWRP-697,9P-3468,Carrier Planetary,D9R,PT. Cipta Kridatama,Site BIB ,PRM2,,Cut Material,,3,,,,,1.00012E+11,0,,,1,,,,,,,,,
516273,1000122431,15,SWRP-697,9P-3468,Carrier Planetary,D9R,PT. Cipta Kridatama,Site BIB ,SYG,,Manufacture sleeve insert in bores,,12,,,,,1.00012E+11,0,,,1,,,,,,,,,
516274,1000122431,20,SWRP-697,9P-3468,Carrier Planetary,D9R,PT. Cipta Kridatama,Site BIB ,HB,,Strip ID Pin bores,,9,,,,,1.00012E+11,0,,,1,,,,,,,,,
516275,1000122431,30,SWRP-697,9P-3468,Carrier Planetary,D9R,PT. Cipta Kridatama,Site BIB ,HB,,Strip worn out Thrust face ,,9,,,,,1.00012E+11,0,,,1,,,,,,,,,
516276,1000122431,40,SWRP-697,9P-3468,Carrier Planetary,D9R,PT. Cipta Kridatama,Site BIB ,ASY,,Install sleeve pin bores,,3,,,,,1.00012E+11,0,,,1,,,,,,,,,
516277,1000122431,45,SWRP-697,9P-3468,Carrier Planetary,D9R,PT. Cipta Kridatama,Site BIB ,PPC,,Order keysert thread 5/8-11 P/N 9S-3626,,1,,,,,1.00012E+11,0,,,1,,,,,,,,,
516278,1000122431,46,SWRP-697,9P-3468,Carrier Planetary,D9R,PT. Cipta Kridatama,Site BIB ,RD,,Drill Ø21mm ,,1,,,,,1.00012E+11,0,,,1,,,,,,,,,
516279,1000122431,47,SWRP-697,9P-3468,Carrier Planetary,D9R,PT. Cipta Kridatama,Site BIB ,HDR,,"Tap 7/8""-14",,0.5,,,,,1.00012E+11,0,,,1,,,,,,,,,
516280,1000122431,48,SWRP-697,9P-3468,Carrier Planetary,D9R,PT. Cipta Kridatama,Site BIB ,HDR,,Install keysert thread 5/8-11 P/N 9S-3626,,0.5,,,,,1.00012E+11,0,,,1,,,,,,,,,
516281,1000122431,50,SWRP-697,9P-3468,Carrier Planetary,D9R,PT. Cipta Kridatama,Site BIB ,WM3,,Remove Crack and excessive material,,0,,,,,1.00012E+11,0,,,1,,,,,,,,,
516282,1000122431,58,SWRP-697,9P-3468,Carrier Planetary,D9R,PT. Cipta Kridatama,Site BIB ,WM2,,Weld Crack area ,,26,,,,,1.00012E+11,0,,,1,,,,,,,,,
516283,1000122431,59,SWRP-697,9P-3468,Carrier Planetary,D9R,PT. Cipta Kridatama,Site BIB ,WM2,,Weld worn out area,,4,,,,,1.00012E+11,0,,,1,,,,,,,,,
516284,1000122431,60,SWRP-697,9P-3468,Carrier Planetary,D9R,PT. Cipta Kridatama,Site BIB ,WM2,,Weld Joint Sleeve ,,6,,,,,1.00012E+11,0,,,1,,,,,,,,,
516285,1000122431,70,SWRP-697,9P-3468,Carrier Planetary,D9R,PT. Cipta Kridatama,Site BIB ,QC2,,Check crack,,1,,,,,1.00012E+11,0,,,1,,,,,,,,,
516286,1000122431,80,SWRP-697,9P-3468,Carrier Planetary,D9R,PT. Cipta Kridatama,Site BIB ,HB,,Machining ID Bores,,12,,,,,1.00012E+11,0,,,1,,,,,,,,,
516287,1000122431,90,SWRP-697,9P-3468,Carrier Planetary,D9R,PT. Cipta Kridatama,Site BIB ,HB,,Machining thrust face width,,12,,,,,1.00012E+11,0,,,1,,,,,,,,,
516288,1000122431,100,SWRP-697,9P-3468,Carrier Planetary,D9R,PT. Cipta Kridatama,Site BIB ,HDR,,Handressing,,1,,,,,1.00012E+12,0,,,1,,,,,,,,,
516289,1000122431,110,SWRP-697,9P-3468,Carrier Planetary,D9R,PT. Cipta Kridatama,Site BIB ,QC2,,Inspection,,1,,,,,1.00012E+12,0,,,1,,,,,,,,,
436830,1000092071,450,SDFP-52,561-22-73115,Rear Axle Housing,,PT. Putra Perkasa Abadi,Site BIB,HDR,M5153HDR,Retap All Threads Holes,,2,,,,,1.00009E+12,,,,1,,,,,,,,,
516291,1000122507,30,SFRM-792,1193-1-01,Fabricate Guard Travel Motor LH 6030,CAT3060,Cipta Kridatama PT.,BMB,PRM1,M5153PRM1,Bending Material,,10,,,,,1.00012E+11,0,,,1,,,,,,,,,
436829,1000092071,440,SDFP-52,561-22-73115,Rear Axle Housing,,PT. Putra Perkasa Abadi,Site BIB,HDR,M5153HDR,Handressing at ex weld worn out,,8,,,,,1.00009E+12,,,,1,,,,,,,,,
436828,1000092071,430,SDFP-52,561-22-73115,Rear Axle Housing,,PT. Putra Perkasa Abadi,Site BIB,HB,M5153CLT,Machine ID Suspension Bores,,4,,,,,1.00009E+12,,,,1,,,,,,,,,
436827,1000092071,420,SDFP-52,561-22-73115,Rear Axle Housing,,PT. Putra Perkasa Abadi,Site BIB,HB,M5153CLT,Machine ID Lower Radius Rod Bores,,4,,,,,1.00009E+12,,,,1,,,,,,,,,
436826,1000092071,410,SDFP-52,561-22-73115,Rear Axle Housing,,PT. Putra Perkasa Abadi,Site BIB,HB,M5153CLT,Machine ID Upper Radius Rod Bores,,4,,,,,1.00009E+12,,,,1,,,,,,,,,
436825,1000092071,400,SDFP-52,561-22-73115,Rear Axle Housing,,PT. Putra Perkasa Abadi,Site BIB,HB,M5153CLT,Machine ID Differential contact,,4,,,,,1.00009E+12,,,,1,,,,,,,,,
436824,1000092071,390,SDFP-52,561-22-73115,Rear Axle Housing,,PT. Putra Perkasa Abadi,Site BIB,HB,M5153CLT,Machine threads holes at flange differential contact,,12,,,,,1.00009E+12,,,,1,,,,,,,,,
436823,1000092071,380,SDFP-52,561-22-73115,Rear Axle Housing,,PT. Putra Perkasa Abadi,Site BIB,HB,M5153CLT,Machine bolt holes at flange LH,,16,,,,,1.00009E+12,,,,1,,,,,,,,,
436820,1000092071,350,SDFP-52,561-22-73115,Rear Axle Housing,,PT. Putra Perkasa Abadi,Site BIB,HB,M5153CLT,Machine Flange face LH,,4,,,,,1.00009E+12,,,,1,,,,,,,,,
436819,1000092071,340,SDFP-52,561-22-73115,Rear Axle Housing,,PT. Putra Perkasa Abadi,Site BIB,HB,M5153CLT,Machine Flange face RH,,4,,,,,1.00009E+12,,,,1,,,,,,,,,
436818,1000092071,330,SDFP-52,561-22-73115,Rear Axle Housing,,PT. Putra Perkasa Abadi,Site BIB,WM2,M5153WM2,TIG weld all dents,,4,,,,,1.00009E+12,,,,1,,,,,,,,,
436817,1000092071,320,SDFP-52,561-22-73115,Rear Axle Housing,,PT. Putra Perkasa Abadi,Site BIB,WM3,M5153WM3,Weld ID Suspension Bores,,4,,,,,1.00009E+12,,,,1,,,,,,,,,
436821,1000092071,360,SDFP-52,561-22-73115,Rear Axle Housing,,PT. Putra Perkasa Abadi,Site BIB,HB,M5153CLT,Machine Flange face differential contact,,4,,,,,1.00009E+12,,,,1,,,,,,,,,
436816,1000092071,310,SDFP-52,561-22-73115,Rear Axle Housing,,PT. Putra Perkasa Abadi,Site BIB,WM3,M5153WM3,Weld ID Lower Radius Rod Bores,,4,,,,,1.00009E+12,,,,1,,,,,,,,,
436815,1000092071,300,SDFP-52,561-22-73115,Rear Axle Housing,,PT. Putra Perkasa Abadi,Site BIB,WM3,M5153WM3,Weld ID Upper Radius Rod Bores,,4,,,,,1.00009E+12,,,,1,,,,,,,,,
436814,1000092071,290,SDFP-52,561-22-73115,Rear Axle Housing,,PT. Putra Perkasa Abadi,Site BIB,WM3,M5153WM3,Weld All worn out at outer body / Inner Body,,8,,,,,1.00009E+12,,,,1,,,,,,,,,
436813,1000092071,280,SDFP-52,561-22-73115,Rear Axle Housing,,PT. Putra Perkasa Abadi,Site BIB,WM3,M5153WM3,Weld ID Differential contact,,6,,,,,1.00009E+12,,,,1,,,,,,,,,
436812,1000092071,270,SDFP-52,561-22-73115,Rear Axle Housing,,PT. Putra Perkasa Abadi,Site BIB,WM3,M5153WM3,Flood weld Striped threads holes at flange differential contact,,8,,,,,1.00009E+12,,,,1,,,,,,,,,
436811,1000092071,260,SDFP-52,561-22-73115,Rear Axle Housing,,PT. Putra Perkasa Abadi,Site BIB,WM3,M5153WM3,Flood weld Striped bolt holes at flange LH,,10,,,,,1.00009E+12,,,,1,,,,,,,,,
436810,1000092071,250,SDFP-52,561-22-73115,Rear Axle Housing,,PT. Putra Perkasa Abadi,Site BIB,WM3,M5153WM3,Flood weld Striped  bolt holes at flange RH,,10,,,,,1.00009E+12,,,,1,,,,,,,,,
436809,1000092071,240,SDFP-52,561-22-73115,Rear Axle Housing,,PT. Putra Perkasa Abadi,Site BIB,WM3,M5153WM3,Weld Flange face differential contact,,4,,,,,1.00009E+12,,,,1,,,,,,,,,
436808,1000092071,230,SDFP-52,561-22-73115,Rear Axle Housing,,PT. Putra Perkasa Abadi,Site BIB,WM3,M5153WM3,Weld Flange face LH,,4,,,,,1.00009E+12,,,,1,,,,,,,,,
436807,1000092071,220,SDFP-52,561-22-73115,Rear Axle Housing,,PT. Putra Perkasa Abadi,Site BIB,WM3,M5153WM3,Weld Flange face RH,,4,,,,,1.00009E+12,,,,1,,,,,,,,,
436847,1000092072,212,SDFP-53,561-22-73115,Rear Axle Housing,,PT. Putra Perkasa Abadi,Site BIB,WM3,M5153WM3,Cut Profile stifener plate,,24,,,,,1.00009E+12,,,,1,,,,,,,,,
436845,1000092072,210,SDFP-53,561-22-73115,Rear Axle Housing,,PT. Putra Perkasa Abadi,Site BIB,QC2,M5153QC2,Check crack by NDT & deflection after repair crack,,1,,,,,1.00009E+12,,,,1,,,,,,,,,
436844,1000092072,180,SDFP-53,561-22-73115,Rear Axle Housing,,PT. Putra Perkasa Abadi,Site BIB,WM3,M5153WM3,Weld crack area,,50,,,,,1.00009E+12,,,,1,,,,,,,,,
436843,1000092072,140,SDFP-53,561-22-73115,Rear Axle Housing,,PT. Putra Perkasa Abadi,Site BIB,WM3,M5153WM3,Remove All Indication crack,,20,,,,,1.00009E+12,,,,1,,,,,,,,,
436842,1000092072,130,SDFP-53,561-22-73115,Rear Axle Housing,,PT. Putra Perkasa Abadi,Site BIB,HB,M5153CLT,Strip ID Suspension Bores,,4,,,,,1.00009E+12,,,,1,,,,,,,,,
436841,1000092072,120,SDFP-53,561-22-73115,Rear Axle Housing,,PT. Putra Perkasa Abadi,Site BIB,HB,M5153CLT,Strip ID Lower Radius Rod Bores,,4,,,,,1.00009E+12,,,,1,,,,,,,,,
436840,1000092072,110,SDFP-53,561-22-73115,Rear Axle Housing,,PT. Putra Perkasa Abadi,Site BIB,HB,M5153CLT,Strip ID Upper Radius Rod Bores,,4,,,,,1.00009E+12,,,,1,,,,,,,,,
436873,1000092072,450,SDFP-53,561-22-73115,Rear Axle Housing,,PT. Putra Perkasa Abadi,Site BIB,HDR,M5153HDR,Handress & Retap All Threads Holes,,8,,,,,1.00009E+12,,,,1,,,,,,,,,
436872,1000092072,440,SDFP-53,561-22-73115,Rear Axle Housing,,PT. Putra Perkasa Abadi,Site BIB,HDR,M5153HDR,Handress at ex weld worn out,,2,,,,,1.00009E+12,,,,1,,,,,,,,,
436857,1000092072,290,SDFP-53,561-22-73115,Rear Axle Housing,,PT. Putra Perkasa Abadi,Site BIB,WM3,M5153WM3,Weld All worn out at outer body / Inner Body,,8,,,,,1.00009E+12,,,,1,,,,,,,,,
436856,1000092072,280,SDFP-53,561-22-73115,Rear Axle Housing,,PT. Putra Perkasa Abadi,Site BIB,WM3,M5153WM3,Weld ID Differential contact,,6,,,,,1.00009E+12,,,,1,,,,,,,,,
436855,1000092072,270,SDFP-53,561-22-73115,Rear Axle Housing,,PT. Putra Perkasa Abadi,Site BIB,WM3,M5153WM3,Flood weld Striped threads holes at flange differential contact,,8,,,,,1.00009E+12,,,,1,,,,,,,,,
436854,1000092072,260,SDFP-53,561-22-73115,Rear Axle Housing,,PT. Putra Perkasa Abadi,Site BIB,WM3,M5153WM3,Flood weld Striped bolt holes at flange LH,,10,,,,,1.00009E+12,,,,1,,,,,,,,,
436853,1000092072,250,SDFP-53,561-22-73115,Rear Axle Housing,,PT. Putra Perkasa Abadi,Site BIB,WM3,M5153WM3,Flood weld Striped  bolt holes at flange RH,,10,,,,,1.00009E+12,,,,1,,,,,,,,,
436852,1000092072,240,SDFP-53,561-22-73115,Rear Axle Housing,,PT. Putra Perkasa Abadi,Site BIB,WM3,M5153WM3,Weld Flange face differential contact,,4,,,,,1.00009E+12,,,,1,,,,,,,,,
436851,1000092072,230,SDFP-53,561-22-73115,Rear Axle Housing,,PT. Putra Perkasa Abadi,Site BIB,WM3,M5153WM3,Weld Flange face LH,,4,,,,,1.00009E+12,,,,1,,,,,,,,,
436850,1000092072,220,SDFP-53,561-22-73115,Rear Axle Housing,,PT. Putra Perkasa Abadi,Site BIB,WM3,M5153WM3,Weld Flange face RH,,4,,,,,1.00009E+12,,,,1,,,,,,,,,
436849,1000092072,215,SDFP-53,561-22-73115,Rear Axle Housing,,PT. Putra Perkasa Abadi,Site BIB,WM3,M5153WM3,Weld joint Plug Insert,,4,,,,,1.00009E+12,,,,1,,,,,,,,,
436848,1000092072,213,SDFP-53,561-22-73115,Rear Axle Housing,,PT. Putra Perkasa Abadi,Site BIB,WM3,M5153WM3,Seting weld joint,,2,,,,,1.00009E+12,,,,1,,,,,,,,,
436832,1000092072,10,SDFP-53,561-22-73115,Rear Axle Housing,,PT. Putra Perkasa Abadi,Site BIB,HDR,M5153HDR,Remove all broken Pin Dowel,,1,,,,,1.00009E+11,,,,1,,,,,,,,,
436833,1000092072,40,SDFP-53,561-22-73115,Rear Axle Housing,,PT. Putra Perkasa Abadi,Site BIB,HB,M5153CLT,Strip Flange face RH,,2,,,,,1.00009E+11,,,,1,,,,,,,,,
436834,1000092072,50,SDFP-53,561-22-73115,Rear Axle Housing,,PT. Putra Perkasa Abadi,Site BIB,HB,M5153CLT,Strip Flange face LH,,2,,,,,1.00009E+11,,,,1,,,,,,,,,
436835,1000092072,60,SDFP-53,561-22-73115,Rear Axle Housing,,PT. Putra Perkasa Abadi,Site BIB,HB,M5153CLT,Strip Flange face differential contact,,2,,,,,1.00009E+11,,,,1,,,,,,,,,
436836,1000092072,70,SDFP-53,561-22-73115,Rear Axle Housing,,PT. Putra Perkasa Abadi,Site BIB,HB,M5153CLT,Strip bolt holes at flange RH,,10,,,,,1.00009E+11,,,,1,,,,,,,,,
436837,1000092072,80,SDFP-53,561-22-73115,Rear Axle Housing,,PT. Putra Perkasa Abadi,Site BIB,HB,M5153CLT,Strip bolt holes at flange LH,,10,,,,,1.00009E+11,,,,1,,,,,,,,,
436838,1000092072,90,SDFP-53,561-22-73115,Rear Axle Housing,,PT. Putra Perkasa Abadi,Site BIB,HB,M5153CLT,Strip Threads holes at flange differential contact,,8,,,,,1.00009E+11,,,,1,,,,,,,,,
436839,1000092072,100,SDFP-53,561-22-73115,Rear Axle Housing,,PT. Putra Perkasa Abadi,Site BIB,HB,M5153CLT,Strip ID Differential contact,,3,,,,,1.00009E+12,,,,1,,,,,,,,,
439094,1000092804,100,SDFP-55,15408664 Y77348,Rear Axle Housing,,PT. Hilconjaya Sakti,Site Kotabaru,HB,M5153CLT,Strip bolt holes at flange LH,,7,,,,,1.00009E+12,,,,1,,,,,,,,,
439093,1000092804,90,SDFP-55,15408664 Y77348,Rear Axle Housing,,PT. Hilconjaya Sakti,Site Kotabaru,HB,M5153CLT,Strip bolt holes at flange RH,,7,,,,,1.00009E+11,,,,1,,,,,,,,,
516292,1000122507,40,SFRM-792,1193-1-01,Fabricate Guard Travel Motor LH 6030,CAT3060,Cipta Kridatama PT.,BMB,SYG,M5153COR,Machining Plate,,5,,,,,1.00012E+11,0,,,1,,,,,,,,,
516293,1000122507,50,SFRM-792,1193-1-01,Fabricate Guard Travel Motor LH 6030,CAT3060,Cipta Kridatama PT.,BMB,HB,M5153CLT,Bor Material Stifner & Segment Component,,6,,,,,1.00012E+11,0,,,1,,,,,,,,,
516295,1000122507,70,SFRM-792,1193-1-01,Fabricate Guard Travel Motor LH 6030,CAT3060,Cipta Kridatama PT.,BMB,WF3,M5153WF3,Setting & Welding Segment Compression Spring Wire,,20,,,,,1.00012E+11,0,,,1,,,,,,,,,
516296,1000122507,80,SFRM-792,1193-1-01,Fabricate Guard Travel Motor LH 6030,CAT3060,Cipta Kridatama PT.,BMB,ASY,M5153ASY,Assembly Segment Material,,40,,,,,1.00012E+11,0,,,1,,,,,,,,,
516297,1000122507,90,SFRM-792,1193-1-01,Fabricate Guard Travel Motor LH 6030,CAT3060,Cipta Kridatama PT.,BMB,HDR,M5153HDR,Finishing & Handressing,,5,,,,,1.00012E+11,0,,,1,,,,,,,,,
516298,1000122507,100,SFRM-792,1193-1-01,Fabricate Guard Travel Motor LH 6030,CAT3060,Cipta Kridatama PT.,BMB,QC2,M5153QC2,Inspection,,2,,,,,1.00012E+12,0,,,1,,,,,,,,,
516299,1000122507,110,SFRM-792,1193-1-01,Fabricate Guard Travel Motor LH 6030,CAT3060,Cipta Kridatama PT.,BMB,PP,M5153PAC,Painting,,6,,,,,1.00012E+12,0,,,1,,,,,,,,,
516294,1000122507,60,SFRM-792,1193-1-01,Fabricate Guard Travel Motor LH 6030,CAT3060,Cipta Kridatama PT.,BMB,WF3,M5153WF3,Setting & Welding Stifner Contact guard Motor,,20,,,FINISH,1/3/2026,1.00012E+11,0,,,1,,,,,,,,,
439092,1000092804,80,SDFP-55,15408664 Y77348,Rear Axle Housing,,PT. Hilconjaya Sakti,Site Kotabaru,HB,M5153CLT,Strip face differential contact,,8,,,,,1.00009E+11,,,,1,,,,,,,,,
439091,1000092804,70,SDFP-55,15408664 Y77348,Rear Axle Housing,,PT. Hilconjaya Sakti,Site Kotabaru,HB,M5153CLT,Strip Flange face LH,,4,,,,,1.00009E+11,,,,1,,,,,,,,,
439090,1000092804,60,SDFP-55,15408664 Y77348,Rear Axle Housing,,PT. Hilconjaya Sakti,Site Kotabaru,HB,M5153CLT,Strip Flange face RH,,4,,,,,1.00009E+11,,,,1,,,,,,,,,
439089,1000092804,50,SDFP-55,15408664 Y77348,Rear Axle Housing,,PT. Hilconjaya Sakti,Site Kotabaru,ASY,M5153ASY,Install Sleeves,,3,,,,,1.00009E+11,,,,1,,,,,,,,,
516308,1000122508,100,SFRM-793,1193-1-01,Fabricate Guard Travel Motor RH 6030,CAT3060,Cipta Kridatama PT.,BMB,QC2,M5153QC2,Inspection,,2,,,,,1.00012E+12,0,,,1,,,,,,,,,
516309,1000122508,110,SFRM-793,1193-1-01,Fabricate Guard Travel Motor RH 6030,CAT3060,Cipta Kridatama PT.,BMB,PP,M5153PAC,Painting,,6,,,,,1.00012E+12,0,,,1,,,,,,,,,
516300,1000122508,20,SFRM-793,1193-1-01,Fabricate Guard Travel Motor RH 6030,CAT3060,Cipta Kridatama PT.,BMB,PRM2,M5153PRM2,Cutting & Profile Material,,20,,,FINISH,12/25/2025,1.00012E+11,0,,,1,,,,,,,,,
516301,1000122508,30,SFRM-793,1193-1-01,Fabricate Guard Travel Motor RH 6030,CAT3060,Cipta Kridatama PT.,BMB,PRM1,M5153PRM1,Bending Material,,10,,,,,1.00012E+11,0,,,1,,,,,,,,,
516302,1000122508,40,SFRM-793,1193-1-01,Fabricate Guard Travel Motor RH 6030,CAT3060,Cipta Kridatama PT.,BMB,SYG,M5153COR,Machining Plate,,5,,,,,1.00012E+11,0,,,1,,,,,,,,,
516303,1000122508,50,SFRM-793,1193-1-01,Fabricate Guard Travel Motor RH 6030,CAT3060,Cipta Kridatama PT.,BMB,HB,M5153CLT,Bor Material Stifner & Segment Component,,6,,,,,1.00012E+11,0,,,1,,,,,,,,,
516304,1000122508,60,SFRM-793,1193-1-01,Fabricate Guard Travel Motor RH 6030,CAT3060,Cipta Kridatama PT.,BMB,WF3,M5153WF3,Setting & Welding Stifner Contact guard Motor,,20,,,,,1.00012E+11,0,,,1,,,,,,,,,
516305,1000122508,70,SFRM-793,1193-1-01,Fabricate Guard Travel Motor RH 6030,CAT3060,Cipta Kridatama PT.,BMB,WF3,M5153WF3,Setting & Welding Segment Compression Spring Wire,,20,,,,,1.00012E+11,0,,,1,,,,,,,,,
516306,1000122508,80,SFRM-793,1193-1-01,Fabricate Guard Travel Motor RH 6030,CAT3060,Cipta Kridatama PT.,BMB,ASY,M5153ASY,Assembly Segment Material,,40,,,,,1.00012E+11,0,,,1,,,,,,,,,
516307,1000122508,90,SFRM-793,1193-1-01,Fabricate Guard Travel Motor RH 6030,CAT3060,Cipta Kridatama PT.,BMB,HDR,M5153HDR,Finishing & Handressing,,5,,,FINISH,12/22/2025,1.00012E+11,0,,,1,,,,,,,,,
439088,1000092804,40,SDFP-55,15408664 Y77348,Rear Axle Housing,,PT. Hilconjaya Sakti,Site Kotabaru,SYG,M5153COR,Manufacture Sleeves,,45,,,,,1.00009E+11,,,,1,,,,,,,,,
439087,1000092804,30,SDFP-55,15408664 Y77348,Rear Axle Housing,,PT. Hilconjaya Sakti,Site Kotabaru,WM3,M5153WM3,Cut Material Sleeves,,9,,,,,1.00009E+11,,,,1,,,,,,,,,
516310,320008590,1601,SFRM-777,,Rework Fabricate Bucket Id Number (Big Digger) ,Bucket,Thriveni Indo Mini PT.,Satui,PPC,,Order Material Plate,,0,,,,,3.20009E+12,0,,,2,,,,,,,,,
516311,320008590,1602,SFRM-777,,Rework Fabricate Bucket Id Number (Big Digger) ,Bucket,Thriveni Indo Mini PT.,Satui,PRM2,M5153PRM2,Cutting & Profil Materials,,1,,,,,3.20009E+12,0,,,2,,,,,,,,,
516312,320008590,1603,SFRM-777,,Rework Fabricate Bucket Id Number (Big Digger) ,Bucket,Thriveni Indo Mini PT.,Satui,HDR,M5153HDR,Handressing,,0.5,,,,,3.20009E+12,0,,,2,,,,,,,,,
456712,1000098370,110,SFRM-388,1-1467,Repair Bucket,,PT. Cipta Kridatama,Site TIA,WF3,M5153WF3,Install Heel Shrouds,,24,,,,,1.0001E+12,,,,1,,,,,,,,,
509623,320008382,1605,SHCG-349,,Rod As Stick Arm Cylinder,6015,Cipta Kridatama PT.,BMB,MGN1,,Machining Rod Profil Prior to Joint,,4,,,FINISH,12/19/2025,3.20008E+12,0,,,5,,,,,,,,,
514343,1000120897,150,SHSG-307,223-4396,Housing As Front Suspension,773,Cipta Kridatama PT.,BIB,HB,,Machining  ID Lip Seal,,6,,,FINISH,12/20/2025,1.00012E+12,,,,6,,,,,,,,,
439085,1000092804,10,SDFP-55,15408664 Y77348,Rear Axle Housing,,PT. Hilconjaya Sakti,Site Kotabaru,DIS,M5153DIS,Remove Sleeve Eye Bores,,6,,,,,1.00009E+11,,,,1,,,,,,,,,
439116,1000092804,310,SDFP-55,15408664 Y77348,Rear Axle Housing,,PT. Hilconjaya Sakti,Site Kotabaru,WM2,M5153WM2,TIG weld all dents,,4,,,,,1.00009E+12,,,,1,,,,,,,,,
496447,1000115081,160,SHSG-246,102-6340,Head As Front Suspension,,PT. Cipta Kridatama,Site BMB,SYG,M5153COR,Skim ex TIG weld area,,2,,,FINISH,12/20/2025,1.00012E+12,,,,5,,,,,,,,,
439117,1000092804,320,SDFP-55,15408664 Y77348,Rear Axle Housing,,PT. Hilconjaya Sakti,Site Kotabaru,HB,M5153CLT,Machine Flange face RH,,8,,,,,1.00009E+12,,,,1,,,,,,,,,
439119,1000092804,340,SDFP-55,15408664 Y77348,Rear Axle Housing,,PT. Hilconjaya Sakti,Site Kotabaru,HB,M5153CLT,Machine Flange face differential contact,,15,,,,,1.00009E+12,,,,1,,,,,,,,,
439120,1000092804,350,SDFP-55,15408664 Y77348,Rear Axle Housing,,PT. Hilconjaya Sakti,Site Kotabaru,HB,M5153CLT,Machine bolt holes at flange RH,,14,,,,,1.00009E+12,,,,1,,,,,,,,,
456805,1000098374,90,SFRM-393,EXKM21036,Repair Bucket,,PT. BUMA,Site SDJ,WF3,M5153WF3,Remove Bowl,,24,,,,,1.0001E+11,,,,1,,,,,,,,,
495235,1000114616,30,SHSG-74-I/ 62-I,8J-9958,Liner As Front Suspension,,PT. Cipta Kridatama,Site BMB,MGN1,M5153COR,Machining OD & ID liner to spec,,15,,,FINISH,12/20/2025,1.00011E+11,,,,1,,,,,,,,,
439121,1000092804,360,SDFP-55,15408664 Y77348,Rear Axle Housing,,PT. Hilconjaya Sakti,Site Kotabaru,HB,M5153CLT,Machine bolt holes at flange LH,,14,,,,,1.00009E+12,,,,1,,,,,,,,,
516313,1000122548,20,STCP-187,,Sleeve Torque Converter,D10T,PT. Cipta Kridatama,BIB,SYG,M5153COR,Strip ID Seal contact 1,,1,,,,,1.00012E+11,0,,,1,,,,,,,,,
516314,1000122548,30,STCP-187,,Sleeve Torque Converter,D10T,PT. Cipta Kridatama,BIB,BLS,M5153BLS,Blasting,,1,,,,,1.00012E+11,0,,,1,,,,,,,,,
516315,1000122548,40,STCP-187,,Sleeve Torque Converter,D10T,PT. Cipta Kridatama,BIB,MTS,M5153MTS,Metal spray ID Seal contact ,,4,,,,,1.00012E+11,0,,,1,,,,,,,,,
516317,1000122548,60,STCP-187,,Sleeve Torque Converter,D10T,PT. Cipta Kridatama,BIB,SYG,M5153COR,Machining face contact ,,2,,,,,1.00012E+11,0,,,1,,,,,,,,,
516319,1000122548,80,STCP-187,,Sleeve Torque Converter,D10T,PT. Cipta Kridatama,BIB,QC2,M5153QC2,Post Inspection,,1,,,,,1.00012E+11,0,,,1,,,,,,,,,
516316,1000122548,50,STCP-187,,Sleeve Torque Converter,D10T,PT. Cipta Kridatama,BIB,SYG,M5153COR,Machining ID Seal contact ,,3,,,FINISH,12/22/2025,1.00012E+11,0,,,1,,,,,,,,,
516318,1000122548,70,STCP-187,,Sleeve Torque Converter,D10T,PT. Cipta Kridatama,BIB,HDR,M5153HDR,Handressing,,1,,,FINISH,12/23/2025,1.00012E+11,0,,,1,,,,,,,,,
516328,1000122480,100,SFRM-784,8X-8102,A Frame,777,PT. Cipta Kridatama,Site BIB,WM3,M5153WM3,Weld Joint Eye,,80,,,,,1.00012E+12,0,,,1,,,,,,,,,
516329,1000122480,110,SFRM-784,8X-8102,A Frame,777,PT. Cipta Kridatama,Site BIB,WM3,M5153WM3,Weld tail edge eye stiffener,,20,,,,,1.00012E+12,0,,,1,,,,,,,,,
516330,1000122480,120,SFRM-784,8X-8102,A Frame,777,PT. Cipta Kridatama,Site BIB,WM3,M5153WM3,Profile post Eye Welding joint frame,,4,,,,,1.00012E+12,0,,,1,,,,,,,,,
516331,1000122480,130,SFRM-784,8X-8102,A Frame,777,PT. Cipta Kridatama,Site BIB,WM3,M5153WM3,Remove and Weld Crack Area,,4,,,,,1.00012E+12,0,,,1,,,,,,,,,
516332,1000122480,140,SFRM-784,8X-8102,A Frame,777,PT. Cipta Kridatama,Site BIB,WM3,M5153WM3,PWHT Process,,4,,,,,1.00012E+12,0,,,1,,,,,,,,,
516334,1000122480,160,SFRM-784,8X-8102,A Frame,777,PT. Cipta Kridatama,Site BIB,HDR,M5153HDR,Handressing,,8,,,,,1.00012E+12,0,,,1,,,,,,,,,
516335,1000122480,170,SFRM-784,8X-8102,A Frame,777,PT. Cipta Kridatama,Site BIB,QC2,M5153QC2,Inspection,,2,,,,,1.00012E+12,0,,,1,,,,,,,,,
516320,1000122480,20,SFRM-784,8X-8102,A Frame,777,PT. Cipta Kridatama,Site BIB,PPC,,Order / manufacture Eye Yoke,,0,,,,,1.00012E+11,0,,,1,,BIS80 (340 X320X100),,,,,,,
516321,1000122480,30,SFRM-784,8X-8102,A Frame,777,PT. Cipta Kridatama,Site BIB,PRM2,M5153PRM2,Cut Material,,4,,,,,1.00012E+11,0,,,1,,,,,,,,,
516322,1000122480,40,SFRM-784,8X-8102,A Frame,777,PT. Cipta Kridatama,Site BIB,WM3,M5153WM3,Profile radius corner body Eye Yoke,,8,,,,,1.00012E+11,0,,,1,,,,,,,,,
516323,1000122480,50,SFRM-784,8X-8102,A Frame,777,PT. Cipta Kridatama,Site BIB,HB,M5153CLT,Premachining ID Eye Yoke,,10,,,,,1.00012E+11,0,,,1,,,,,,,,,
516325,1000122480,70,SFRM-784,8X-8102,A Frame,777,PT. Cipta Kridatama,Site BIB,WM3,M5153WM3,Cut Broken Eye Yoke,,4,,,,,1.00012E+11,0,,,1,,,,,,,,,
516326,1000122480,80,SFRM-784,8X-8102,A Frame,777,PT. Cipta Kridatama,Site BIB,WM3,M5153WM3,Make bevel for Eye welding joint,,4,,,,,1.00012E+11,0,,,1,,,,,,,,,
516327,1000122480,90,SFRM-784,8X-8102,A Frame,777,PT. Cipta Kridatama,Site BIB,FIT,M5153FIT,Fit and Seting Install Eye,,6,,,,,1.00012E+11,0,,,1,,,,,,,,,
516324,1000122480,60,SFRM-784,8X-8102,A Frame,777,PT. Cipta Kridatama,Site BIB,HB,M5153CLT,Premachining ID Bolt Holes,,12,,,FINISH,12/24/2025,1.00012E+11,0,,,1,,,,,,,,,
516333,1000122480,150,SFRM-784,8X-8102,A Frame,777,PT. Cipta Kridatama,Site BIB,HB,M5153CLT,Final Machining ID Eye,,10,,,FINISH,12/30/2025,1.00012E+12,0,,,1,,,,,,,,,
461025,1000099583,230,SFRM-424,,Pin Bucket Cylinder,,PT. Sanggar Sarana Baja,Site Tanjung,HDR,M5153HDR,Handressing ,,0.5,,,,,1.0001E+12,,,,1,,,,,,,,,
439122,1000092804,370,SDFP-55,15408664 Y77348,Rear Axle Housing,,PT. Hilconjaya Sakti,Site Kotabaru,HB,M5153CLT,Machine threads holes at flange differential contact,,30,,,,,1.00009E+12,,,,1,,,,,,,,,
439123,1000092804,380,SDFP-55,15408664 Y77348,Rear Axle Housing,,PT. Hilconjaya Sakti,Site Kotabaru,HB,M5153CLT,Machine ID Differential contact,,30,,,,,1.00009E+12,,,,1,,,,,,,,,
516336,1000122481,20,SFRM-785,434-7923,A Frame,777,PT. Cipta Kridatama,Site BIB,PPC,,Order / manufacture Eye Yoke,,0,,,,,1.00012E+11,0,,,1,,,,,,,,,
516337,1000122481,30,SFRM-785,434-7923,A Frame,777,PT. Cipta Kridatama,Site BIB,PRM2,M5153PRM2,Cut Material,,4,,,,,1.00012E+11,0,,,1,,,,,,,,,
516338,1000122481,40,SFRM-785,434-7923,A Frame,777,PT. Cipta Kridatama,Site BIB,WM3,M5153WM3,Profile radius corner body Eye Yoke,,8,,,,,1.00012E+11,0,,,1,,,,,,,,,
516339,1000122481,50,SFRM-785,434-7923,A Frame,777,PT. Cipta Kridatama,Site BIB,HB,M5153CLT,Premachining ID Eye Yoke,,10,,,,,1.00012E+11,0,,,1,,,,,,,,,
516340,1000122481,60,SFRM-785,434-7923,A Frame,777,PT. Cipta Kridatama,Site BIB,HB,M5153CLT,Premachining ID Bolt Holes,,12,,,,,1.00012E+11,0,,,1,,,,,,,,,
516341,1000122481,70,SFRM-785,434-7923,A Frame,777,PT. Cipta Kridatama,Site BIB,WM3,M5153WM3,Cut Broken Eye Yoke,,4,,,,,1.00012E+11,0,,,1,,,,,,,,,
516342,1000122481,80,SFRM-785,434-7923,A Frame,777,PT. Cipta Kridatama,Site BIB,WM3,M5153WM3,Make bevel for Eye welding joint,,4,,,,,1.00012E+11,0,,,1,,,,,,,,,
516343,1000122481,90,SFRM-785,434-7923,A Frame,777,PT. Cipta Kridatama,Site BIB,FIT,M5153FIT,Fit and Seting Install Eye,,6,,,,,1.00012E+11,0,,,1,,,,,,,,,
516344,1000122481,100,SFRM-785,434-7923,A Frame,777,PT. Cipta Kridatama,Site BIB,WM3,M5153WM3,Weld Joint Eye,,80,,,,,1.00012E+12,0,,,1,,,,,,,,,
516345,1000122481,110,SFRM-785,434-7923,A Frame,777,PT. Cipta Kridatama,Site BIB,WM3,M5153WM3,Weld tail edge eye stiffener,,20,,,,,1.00012E+12,0,,,1,,,,,,,,,
516346,1000122481,120,SFRM-785,434-7923,A Frame,777,PT. Cipta Kridatama,Site BIB,WM3,M5153WM3,Profile post Eye Welding joint frame,,4,,,,,1.00012E+12,0,,,1,,,,,,,,,
516347,1000122481,130,SFRM-785,434-7923,A Frame,777,PT. Cipta Kridatama,Site BIB,WM3,M5153WM3,Remove and Weld Bad profile Area,,1,,,,,1.00012E+12,0,,,1,,,,,,,,,
516348,1000122481,140,SFRM-785,434-7923,A Frame,777,PT. Cipta Kridatama,Site BIB,WM3,M5153WM3,PWHT Process,,4,,,,,1.00012E+12,0,,,1,,,,,,,,,
516349,1000122481,150,SFRM-785,434-7923,A Frame,777,PT. Cipta Kridatama,Site BIB,HB,M5153CLT,Final Machining ID Eye,,10,,,,,1.00012E+12,0,,,1,,,,,,,,,
516350,1000122481,160,SFRM-785,434-7923,A Frame,777,PT. Cipta Kridatama,Site BIB,HDR,M5153HDR,Handressing,,8,,,,,1.00012E+12,0,,,1,,,,,,,,,
516351,1000122481,170,SFRM-785,434-7923,A Frame,777,PT. Cipta Kridatama,Site BIB,QC2,M5153QC2,Inspection,,2,,,,,1.00012E+12,0,,,1,,,,,,,,,
439124,1000092804,390,SDFP-55,15408664 Y77348,Rear Axle Housing,,PT. Hilconjaya Sakti,Site Kotabaru,HB,M5153CLT,Machine ID Rod Lateral Bore,,12,,,,,1.00009E+12,,,,1,,,,,,,,,
439125,1000092804,400,SDFP-55,15408664 Y77348,Rear Axle Housing,,PT. Hilconjaya Sakti,Site Kotabaru,HB,M5153CLT,Machine ID Suspension Bore RH,,12,,,,,1.00009E+12,,,,1,,,,,,,,,
516352,1000116369,1501,SHCG-372,-,Head Cylinder Side Shift,14M,PT. Cipta Kridatama,Site BIB,PPC,,Order material Sleve,,0,,,,,1.00012E+13,0,,,7,,"SS400, ID=53, OD=97, T=70",,,,,,,
516353,1000116369,1502,SHCG-372,-,Head Cylinder Side Shift,14M,PT. Cipta Kridatama,Site BIB,PRM2,,Cutting Material Sleve,,2,,,,,1.00012E+13,0,,,7,,,,,,,,,
516354,1000116369,1503,SHCG-372,-,Head Cylinder Side Shift,14M,PT. Cipta Kridatama,Site BIB,SYG,,Machining Sleve prior to joint,,2,,,,,1.00012E+13,0,,,7,,,,,,,,,
516355,1000116369,1504,SHCG-372,-,Head Cylinder Side Shift,14M,PT. Cipta Kridatama,Site BIB,SYG,,Striping Head prior to joint,,4,,,,,1.00012E+13,0,,,7,,,,,,,,,
516356,1000116369,1505,SHCG-372,-,Head Cylinder Side Shift,14M,PT. Cipta Kridatama,Site BIB,WM2,,Welding joint Sleve & head,,4,,,,,1.00012E+13,0,,,7,,,,,,,,,
439126,1000092804,410,SDFP-55,15408664 Y77348,Rear Axle Housing,,PT. Hilconjaya Sakti,Site Kotabaru,HB,M5153CLT,Machine ID Suspension Bore  LH,,12,,,,,1.00009E+12,,,,1,,,,,,,,,
439127,1000092804,420,SDFP-55,15408664 Y77348,Rear Axle Housing,,PT. Hilconjaya Sakti,Site Kotabaru,MGN1,M5153COR,Strip OD Bearing seat 1 Spindle RH and LH,,30,,,,,1.00009E+12,,,,1,,,,,,,,,
516357,1000116369,1506,SHCG-372,-,Head Cylinder Side Shift,14M,PT. Cipta Kridatama,Site BIB,SYG,,"Machining ID, OD, Groove",,8,,,,,1.00012E+13,0,,,7,,,,,,,,,
516358,1000122509,20,SFRM-794,5-001489,Fabricate Hungry Board & Ductail,777,PT. Cipta Kridatama,BIB,PPC,,Order Material Plate & Pipe,,0,,,,,1.00012E+11,0,,,1,,,,,,,,,
439128,1000092804,430,SDFP-55,15408664 Y77348,Rear Axle Housing,,PT. Hilconjaya Sakti,Site Kotabaru,MGN1,M5153COR,Strip OD Bearing seat 2 Spindle RH and LH,,50,,,,,1.00009E+12,,,,1,,,,,,,,,
439129,1000092804,440,SDFP-55,15408664 Y77348,Rear Axle Housing,,PT. Hilconjaya Sakti,Site Kotabaru,MTS,M5153MTS,Spray OD Bearing seat 1 Spindle RH and LH,,40,,,,,1.00009E+12,,,,1,,,,,,,,,
439113,1000092804,280,SDFP-55,15408664 Y77348,Rear Axle Housing,,PT. Hilconjaya Sakti,Site Kotabaru,WM3,M5153WM3,Weld ID Suspension Bore LH,,8,,,,,1.00009E+12,,,,1,,,,,,,,,
439112,1000092804,270,SDFP-55,15408664 Y77348,Rear Axle Housing,,PT. Hilconjaya Sakti,Site Kotabaru,WM3,M5153WM3,Weld ID Suspension Bore RH,,8,,,,,1.00009E+12,,,,1,,,,,,,,,
439111,1000092804,260,SDFP-55,15408664 Y77348,Rear Axle Housing,,PT. Hilconjaya Sakti,Site Kotabaru,WM3,M5153WM3,Weld ID Differential contact,,30,,,,,1.00009E+12,,,,1,,,,,,,,,
439110,1000092804,250,SDFP-55,15408664 Y77348,Rear Axle Housing,,PT. Hilconjaya Sakti,Site Kotabaru,WM3,M5153WM3,Weld Flange face differential contact,,24,,,,,1.00009E+12,,,,1,,,,,,,,,
439109,1000092804,240,SDFP-55,15408664 Y77348,Rear Axle Housing,,PT. Hilconjaya Sakti,Site Kotabaru,WM3,M5153WM3,Flood weld Striped threads holes at flange differential contact,,20,,,,,1.00009E+12,,,,1,,,,,,,,,
439108,1000092804,230,SDFP-55,15408664 Y77348,Rear Axle Housing,,PT. Hilconjaya Sakti,Site Kotabaru,WM3,M5153WM3,Flood weld Striped bolt holes at flange LH,,7,,,,,1.00009E+12,,,,1,,,,,,,,,
439107,1000092804,220,SDFP-55,15408664 Y77348,Rear Axle Housing,,PT. Hilconjaya Sakti,Site Kotabaru,WM3,M5153WM3,Flood weld Striped  bolt holes at flange RH,,7,,,,,1.00009E+12,,,,1,,,,,,,,,
439106,1000092804,210,SDFP-55,15408664 Y77348,Rear Axle Housing,,PT. Hilconjaya Sakti,Site Kotabaru,WM3,M5153WM3,Weld Flange face LH,,15,,,,,1.00009E+12,,,,1,,,,,,,,,
439105,1000092804,200,SDFP-55,15408664 Y77348,Rear Axle Housing,,PT. Hilconjaya Sakti,Site Kotabaru,WM3,M5153WM3,Weld Flange face RH,,15,,,,,1.00009E+12,,,,1,,,,,,,,,
439104,1000092804,195,SDFP-55,15408664 Y77348,Rear Axle Housing,,PT. Hilconjaya Sakti,Site Kotabaru,WM3,M5153WM3,Remove Spindle RH and LH,,20,,,,,1.00009E+12,,,,1,,,,,,,,,
439103,1000092804,190,SDFP-55,15408664 Y77348,Rear Axle Housing,,PT. Hilconjaya Sakti,Site Kotabaru,WM3,M5153WM3,Cut Weld joint Spindle RH and LH,,10,,,,,1.00009E+12,,,,1,,,,,,,,,
439102,1000092804,180,SDFP-55,15408664 Y77348,Rear Axle Housing,,PT. Hilconjaya Sakti,Site Kotabaru,QC2,M5153QC2,Check crack by NDT & deflection after repair crack,,2,,,,,1.00009E+12,,,,1,,,,,,,,,
439101,1000092804,170,SDFP-55,15408664 Y77348,Rear Axle Housing,,PT. Hilconjaya Sakti,Site Kotabaru,WM3,M5153WM3,Weld crack area,,8,,,,,1.00009E+12,,,,1,,,,,,,,,
439100,1000092804,160,SDFP-55,15408664 Y77348,Rear Axle Housing,,PT. Hilconjaya Sakti,Site Kotabaru,WM3,M5153WM3,Remove All Indication crack,,4,,,,,1.00009E+12,,,,1,,,,,,,,,
439099,1000092804,150,SDFP-55,15408664 Y77348,Rear Axle Housing,,PT. Hilconjaya Sakti,Site Kotabaru,HB,M5153CLT,Strip ID Suspension Bore LH,,8,,,,,1.00009E+12,,,,1,,,,,,,,,
439098,1000092804,140,SDFP-55,15408664 Y77348,Rear Axle Housing,,PT. Hilconjaya Sakti,Site Kotabaru,HB,M5153CLT,Strip ID Suspension Bore RH,,8,,,,,1.00009E+12,,,,1,,,,,,,,,
439097,1000092804,130,SDFP-55,15408664 Y77348,Rear Axle Housing,,PT. Hilconjaya Sakti,Site Kotabaru,HB,M5153CLT,Strip ID Rod Lateral Bore,,8,,,,,1.00009E+12,,,,1,,,,,,,,,
439096,1000092804,120,SDFP-55,15408664 Y77348,Rear Axle Housing,,PT. Hilconjaya Sakti,Site Kotabaru,HB,M5153CLT,Strip ID Differential contact,,4,,,,,1.00009E+12,,,,1,,,,,,,,,
439095,1000092804,110,SDFP-55,15408664 Y77348,Rear Axle Housing,,PT. Hilconjaya Sakti,Site Kotabaru,HB,M5153CLT,Strip Threads holes at differential contact,,15,,,,,1.00009E+12,,,,1,,,,,,,,,
440595,1000093364,180,SDFP-56,504-4888,Flange Half Differential,,PT. Cipta Kridatama,Site BMB,MGN1,M5153COR,Machining thrust washer face,,2,,,,,1.00009E+12,,,,1,,,,,,,,,
440594,1000093364,170,SDFP-56,504-4888,Flange Half Differential,,PT. Cipta Kridatama,Site BMB,HB,M5153CLT,Machining retainer faces,,6,,,,,1.00009E+12,,,,1,,,,,,,,,
440593,1000093364,160,SDFP-56,504-4888,Flange Half Differential,,PT. Cipta Kridatama,Site BMB,MTS,M5153MTS,Metal spray retainer faces,,6,,,,,1.00009E+12,,,,1,,,,,,,,,
440592,1000093364,150,SDFP-56,504-4888,Flange Half Differential,,PT. Cipta Kridatama,Site BMB,MTS,M5153MTS,Metal spray spyder bores,,6,,,,,1.00009E+12,,,,1,,,,,,,,,
440603,1000093364,260,SDFP-56,504-4888,Flange Half Differential,,PT. Cipta Kridatama,Site BMB,QC2,M5153QC2,Inspection,,0.5,,,,,1.00009E+12,,,,1,,,,,,,,,
440601,1000093364,240,SDFP-56,504-4888,Flange Half Differential,,PT. Cipta Kridatama,Site BMB,HB,M5153CLT,Drill to enlarge bolt holes,,7,,,,,1.00009E+12,,,,1,,,,,,,,,
440602,1000093364,250,SDFP-56,504-4888,Flange Half Differential,,PT. Cipta Kridatama,Site BMB,HDR,M5153HDR,Handressing ,,0.5,,,,,1.00009E+12,,,,1,,,,,,,,,
440591,1000093364,140,SDFP-56,504-4888,Flange Half Differential,,PT. Cipta Kridatama,Site BMB,MTS,M5153MTS,Metal spray thrust washer face,,1.5,,,,,1.00009E+12,,,,1,,,,,,,,,
440587,1000093364,100,SDFP-56,504-4888,Flange Half Differential,,PT. Cipta Kridatama,Site BMB,MGN1,M5153COR,Striping thrust washer face,,0.5,,,,,1.00009E+12,,,,1,,,,,,,,,
440586,1000093364,90,SDFP-56,504-4888,Flange Half Differential,,PT. Cipta Kridatama,Site BMB,MGN1,M5153COR,Striping OD bearing seat,,0.5,,,,,1.00009E+11,,,,1,,,,,,,,,
440585,1000093364,80,SDFP-56,504-4888,Flange Half Differential,,PT. Cipta Kridatama,Site BMB,QC2,M5153QC2,Inspection,,1,,,,,1.00009E+11,,,,1,,,,,,,,,
440584,1000093364,70,SDFP-56,504-4888,Flange Half Differential,,PT. Cipta Kridatama,Site BMB,MGN1,M5153COR,Machining end face contact area,,4,,,,,1.00009E+11,,,,1,,,,,,,,,
440583,1000093364,60,SDFP-56,504-4888,Flange Half Differential,,PT. Cipta Kridatama,Site BMB,WM3,M5153WM3,Weld Crack area,,4,,,,,1.00009E+11,,,,1,,,,,,,,,
440582,1000093364,50,SDFP-56,504-4888,Flange Half Differential,,PT. Cipta Kridatama,Site BMB,WM3,M5153WM3,Weld worn out area,,4,,,,,1.00009E+11,,,,1,,,,,,,,,
440581,1000093364,40,SDFP-56,504-4888,Flange Half Differential,,PT. Cipta Kridatama,Site BMB,WM3,M5153WM3,Remove Crack,,2,,,,,1.00009E+11,,,,1,,,,,,,,,
440579,1000093364,20,SDFP-56,504-4888,Flange Half Differential,,PT. Cipta Kridatama,Site BMB,DIS,M5153DIS,Remove Bearing,,1,,,,,1.00009E+11,,,,1,,,,,,,,,
440600,1000093364,230,SDFP-56,504-4888,Flange Half Differential,,PT. Cipta Kridatama,Site BMB,ASY,M5153ASY,Install new dowels,,1.5,,,,,1.00009E+12,,,,1,,,,,,,,,
440599,1000093364,220,SDFP-56,504-4888,Flange Half Differential,,PT. Cipta Kridatama,Site BMB,HB,M5153CLT,Drill dowel holes,,3,,,,,1.00009E+12,,,,1,,,,,,,,,
440598,1000093364,210,SDFP-56,504-4888,Flange Half Differential,,PT. Cipta Kridatama,Site BMB,HB,M5153CLT,Machining spyder bores,,8,,,,,1.00009E+12,,,,1,,,,,,,,,
516361,1000122509,50,SFRM-794,5-001489,Fabricate Hungry Board & Ductail,777,PT. Cipta Kridatama,BIB,WF3,M5153WF3,Welding Joint Material,,66,,,,,1.00012E+11,0,,,1,,,,,,,,,
516362,1000122509,60,SFRM-794,5-001489,Fabricate Hungry Board & Ductail,777,PT. Cipta Kridatama,BIB,HDR,M5153HDR,Handressing,,8,,,,,1.00012E+11,0,,,1,,,,,,,,,
516363,1000122509,70,SFRM-794,5-001489,Fabricate Hungry Board & Ductail,777,PT. Cipta Kridatama,BIB,QC2,M5153QC2,Final Inspection,,4,,,,,1.00012E+11,0,,,1,,,,,,,,,
516359,1000122509,30,SFRM-794,5-001489,Fabricate Hungry Board & Ductail,777,PT. Cipta Kridatama,BIB,PRM2,M5153PRM2,Cutting & Profil Material Plate,,13,,,FINISH,12/29/2025,1.00012E+11,0,,,1,,,,,,,,,
516360,1000122509,40,SFRM-794,5-001489,Fabricate Hungry Board & Ductail,777,PT. Cipta Kridatama,BIB,FIT,M5153FIT,Setting All Material & Welding,,33,,,FINISH,1/2/2026,1.00012E+11,0,,,1,,,,,,,,,
440589,1000093364,120,SDFP-56,504-4888,Flange Half Differential,,PT. Cipta Kridatama,Site BMB,HB,M5153CLT,Striping retainer faces,,2,,,,,1.00009E+12,,,,1,,,,,,,,,
440588,1000093364,110,SDFP-56,504-4888,Flange Half Differential,,PT. Cipta Kridatama,Site BMB,HB,M5153CLT,Striping spyder bores,,2,,,,,1.00009E+12,,,,1,,,,,,,,,
440590,1000093364,130,SDFP-56,504-4888,Flange Half Differential,,PT. Cipta Kridatama,Site BMB,MTS,M5153MTS,Metal spray OD bearing seat,,1.5,,,,,1.00009E+12,,,,1,,,,,,,,,
440597,1000093364,200,SDFP-56,504-4888,Flange Half Differential,,PT. Cipta Kridatama,Site BMB,MGN1,M5153COR,Machining OD bearing seat,,2,,,,,1.00009E+12,,,,1,,,,,,,,,
440596,1000093364,190,SDFP-56,504-4888,Flange Half Differential,,PT. Cipta Kridatama,Site BMB,ASY,M5153ASY,Assembly flange and plain half differential,,1,,,,,1.00009E+12,,,,1,,,,,,,,,
440611,1000093365,80,SDFP-57,499-3660,Plain Half Differential,,PT. Cipta Kridatama,Site BMB,MGN1,M5153COR,Striping thrust washer face,,0.5,,,,,1.00009E+11,,,,1,,,,,,,,,
440610,1000093365,70,SDFP-57,499-3660,Plain Half Differential,,PT. Cipta Kridatama,Site BMB,MGN1,M5153COR,Striping OD bearing seat,,0.5,,,,,1.00009E+11,,,,1,,,,,,,,,
440614,1000093365,110,SDFP-57,499-3660,Plain Half Differential,,PT. Cipta Kridatama,Site BMB,MTS,M5153MTS,Metal spray OD bearing seat,,1.5,,,,,1.00009E+12,,,,1,,,,,,,,,
440609,1000093365,60,SDFP-57,499-3660,Plain Half Differential,,PT. Cipta Kridatama,Site BMB,MGN1,M5153COR,Machining end face contact area,,4,,,,,1.00009E+11,,,,1,,,,,,,,,
440613,1000093365,100,SDFP-57,499-3660,Plain Half Differential,,PT. Cipta Kridatama,Site BMB,HB,M5153CLT,Striping retainer faces,,2,,,,,1.00009E+12,,,,1,,,,,,,,,
440621,1000093365,180,SDFP-57,499-3660,Plain Half Differential,,PT. Cipta Kridatama,Site BMB,MGN1,M5153COR,Machining OD bearing seat,,1.5,,,,,1.00009E+12,,,,1,,,,,,,,,
440620,1000093365,170,SDFP-57,499-3660,Plain Half Differential,,PT. Cipta Kridatama,Site BMB,ASY,M5153ASY,Assembly flange and plain half differential,,1,,,,,1.00009E+12,,,,1,,,,,,,,,
440619,1000093365,160,SDFP-57,499-3660,Plain Half Differential,,PT. Cipta Kridatama,Site BMB,MGN1,M5153COR,Machining thrust washer face,,1.5,,,,,1.00009E+12,,,,1,,,,,,,,,
440617,1000093365,140,SDFP-57,499-3660,Plain Half Differential,,PT. Cipta Kridatama,Site BMB,MTS,M5153MTS,Metal spray retainer faces,,6,,,,,1.00009E+12,,,,1,,,,,,,,,
440618,1000093365,150,SDFP-57,499-3660,Plain Half Differential,,PT. Cipta Kridatama,Site BMB,HB,M5153CLT,Machining retainer faces,,6,,,,,1.00009E+12,,,,1,,,,,,,,,
440612,1000093365,90,SDFP-57,499-3660,Plain Half Differential,,PT. Cipta Kridatama,Site BMB,HB,M5153CLT,Striping spyder bores,,2,,,,,1.00009E+11,,,,1,,,,,,,,,
440608,1000093365,50,SDFP-57,499-3660,Plain Half Differential,,PT. Cipta Kridatama,Site BMB,WM3,M5153WM3,Weld Crack area,,20,,,,,1.00009E+11,,,,1,,,,,,,,,
440607,1000093365,40,SDFP-57,499-3660,Plain Half Differential,,PT. Cipta Kridatama,Site BMB,WM3,M5153WM3,Weld worn out area,,4,,,,,1.00009E+11,,,,1,,,,,,,,,
440606,1000093365,30,SDFP-57,499-3660,Plain Half Differential,,PT. Cipta Kridatama,Site BMB,WM3,M5153WM3,Remove Crack,,10,,,,,1.00009E+11,,,,1,,,,,,,,,
440604,1000093365,10,SDFP-57,499-3660,Plain Half Differential,,PT. Cipta Kridatama,Site BMB,DIS,M5153DIS,Remove dowel and bearing,,3,,,,,1.00009E+11,,,,1,,,,,,,,,
440616,1000093365,130,SDFP-57,499-3660,Plain Half Differential,,PT. Cipta Kridatama,Site BMB,MTS,M5153MTS,Metal spray spyder bores,,6,,,,,1.00009E+12,,,,1,,,,,,,,,
440615,1000093365,120,SDFP-57,499-3660,Plain Half Differential,,PT. Cipta Kridatama,Site BMB,MTS,M5153MTS,Metal spray thrust washer face,,1.5,,,,,1.00009E+12,,,,1,,,,,,,,,
441283,1000093401,70,SDFP-58,5T-9437,Spider Differential,,PT. Cipta Kridatama,Site BMB,HCP2,M5153CP2,Hardchrome OD Of Rod,,4,,,,,1.00009E+11,,,,1,,,,,,,,,
441284,1000093401,80,SDFP-58,5T-9437,Spider Differential,,PT. Cipta Kridatama,Site BMB,POL1,M5153PL2,Polish OD of rod,,10,,,,,1.00009E+11,,,,1,,,,,,,,,
441277,1000093401,10,SDFP-58,5T-9437,Spider Differential,,PT. Cipta Kridatama,Site BMB,HCP1,M5153CP1,Strip OD rod (Dechrome),,2,,,,,1.00009E+11,,,,1,,,,,,,,,
441278,1000093401,20,SDFP-58,5T-9437,Spider Differential,,PT. Cipta Kridatama,Site BMB,QC2,M5153QC2,Check Crack,,0.5,,,,,1.00009E+11,,,,1,,,,,,,,,
441279,1000093401,30,SDFP-58,5T-9437,Spider Differential,,PT. Cipta Kridatama,Site BMB,WM2,M5153WM2,Tig Weld Dent/Worn Out,,8,,,,,1.00009E+11,,,,1,,,,,,,,,
441280,1000093401,40,SDFP-58,5T-9437,Spider Differential,,PT. Cipta Kridatama,Site BMB,MGN1,M5153COR,Machining ex Weld,,10,,,,,1.00009E+11,,,,1,,,,,,,,,
441286,1000093401,100,SDFP-58,5T-9437,Spider Differential,,PT. Cipta Kridatama,Site BMB,QC2,M5153QC2,Post Inspect,,0.5,,,,,1.00009E+12,,,,1,,,,,,,,,
441282,1000093401,60,SDFP-58,5T-9437,Spider Differential,,PT. Cipta Kridatama,Site BMB,HCP2,M5153CP2,Install JIG & masking,,1,,,,,1.00009E+11,,,,1,,,,,,,,,
443789,1000094521,40,SDFP-59,455-7896,Housing Torque Converter,,PT. Cipta Kridatama,Site BIB,HB,M5153CLT,Machining ID holes,,4,,,,,1.00009E+11,,,,1,,,,,,,,,
443786,1000094521,10,SDFP-59,455-7896,Housing Torque Converter,,PT. Cipta Kridatama,Site BIB,HB,M5153CLT,Strip ID Bore,,8,,,,,1.00009E+11,,,,1,,,,,,,,,
443787,1000094521,20,SDFP-59,455-7896,Housing Torque Converter,,PT. Cipta Kridatama,Site BIB,ASY,M5153ASY,Install Sleeve,,2,,,,,1.00009E+11,,,,1,,,,,,,,,
516364,1000122510,20,SFRM-795,5-001489,Fabricate Hungry Board & Ductail,777,PT. Cipta Kridatama,BIB,PPC,,Order Material Plate & Pipe,,0,,,,,1.00012E+11,0,,,1,,,,,,,,,
516365,1000122510,30,SFRM-795,5-001489,Fabricate Hungry Board & Ductail,777,PT. Cipta Kridatama,BIB,PRM2,M5153PRM2,Cutting & Profil Material Plate,,13,,,,,1.00012E+11,0,,,1,,,,,,,,,
516366,1000122510,40,SFRM-795,5-001489,Fabricate Hungry Board & Ductail,777,PT. Cipta Kridatama,BIB,FIT,M5153FIT,Setting All Material & Welding,,33,,,,,1.00012E+11,0,,,1,,,,,,,,,
516367,1000122510,50,SFRM-795,5-001489,Fabricate Hungry Board & Ductail,777,PT. Cipta Kridatama,BIB,WF3,M5153WF3,Welding Joint Material,,66,,,,,1.00012E+11,0,,,1,,,,,,,,,
516368,1000122510,60,SFRM-795,5-001489,Fabricate Hungry Board & Ductail,777,PT. Cipta Kridatama,BIB,HDR,M5153HDR,Handressing,,8,,,,,1.00012E+11,0,,,1,,,,,,,,,
516369,1000122510,70,SFRM-795,5-001489,Fabricate Hungry Board & Ductail,777,PT. Cipta Kridatama,BIB,QC2,M5153QC2,Final Inspection,,4,,,,,1.00012E+11,0,,,1,,,,,,,,,
443785,1000094521,8,SDFP-59,455-7896,Housing Torque Converter,,PT. Cipta Kridatama,Site BIB,SYG,M5153COR,Machining sleeve,,8,,,,,10000945218,,,,1,,,,,,,,,
516370,320008593,1601,SHSP-86-I,271-7478,Rod As Front Suspension,777,Cipta Kridatama PT.,BMB,HCP1,M5153CP1,Dechrome od,,3,,,,,3.20009E+12,0,,,2,,,,,,,,,
516371,320008593,1602,SHSP-86-I,271-7478,Rod As Front Suspension,777,Cipta Kridatama PT.,BMB,WM2,M5153WM2,Tig Weld Dent ,,2,,,,,3.20009E+12,0,,,2,,,,,,,,,
516372,320008593,1603,SHSP-86-I,271-7478,Rod As Front Suspension,777,Cipta Kridatama PT.,BMB,MGN1,M5153COR,Skim od ,,2,,,,,3.20009E+12,0,,,2,,,,,,,,,
516373,320008593,1604,SHSP-86-I,271-7478,Rod As Front Suspension,777,Cipta Kridatama PT.,BMB,MGN1,M5153COR,Striping OD ROD ,,1,,,,,3.20009E+12,0,,,2,,,,,,,,,
516374,320008593,1605,SHSP-86-I,271-7478,Rod As Front Suspension,777,Cipta Kridatama PT.,BMB,WM3,M5153WM3,Build up OD ROD ,,24,,,,,3.20009E+12,0,,,2,,,,,,,,,
516376,320008593,1607,SHSP-86-I,271-7478,Rod As Front Suspension,777,Cipta Kridatama PT.,BMB,QC1,M5153QC1,Inspection,,1,,,,,3.20009E+12,0,,,2,,,,,,,,,
516375,320008593,1606,SHSP-86-I,271-7478,Rod As Front Suspension,777,Cipta Kridatama PT.,BMB,MGN1,M5153COR,Machining ,,3,,,FINISH,1/8/2026,3.20009E+12,0,,,2,,,,,,,,,
443797,1000094521,120,SDFP-59,455-7896,Housing Torque Converter,,PT. Cipta Kridatama,Site BIB,QC2,M5153QC2,Final Inspection,,1,,,,,1.00009E+12,,,,1,,,,,,,,,
502960,1000117521,260,SHCG-64-I,8J-9431,Housing Hoist Cylinder,,PT. Cipta Kridatama,Site BMB,HB,M5153CLT,Machining ID bore eye,,4,,,FINISH,12/22/2025,1.00012E+12,,,,6,,,,,,,,,
443796,1000094521,110,SDFP-59,455-7896,Housing Torque Converter,,PT. Cipta Kridatama,Site BIB,HDR,M5153HDR,Deburr after machining ,,2,,,,,1.00009E+12,,,,1,,,,,,,,,
516377,1000122568,20,SHCG-445,465-6278,Yoke Eye As Stick Cylinder,6030,Cipta Kridatama PT.,BMB,WM3,M5153WM3,Remove Bearing ,,2,,,,,1.00012E+11,0,,,1,,,,,,,,,
516378,1000122568,30,SHCG-445,465-6278,Yoke Eye As Stick Cylinder,6030,Cipta Kridatama PT.,BMB,HB,M5153CLT,Striping ID Eye,,2,,,,,1.00012E+11,0,,,1,,,,,,,,,
516379,1000122568,40,SHCG-445,465-6278,Yoke Eye As Stick Cylinder,6030,Cipta Kridatama PT.,BMB,HB,M5153CLT,Striping ID Thread,,5,,,,,1.00012E+11,0,,,1,,,,,,,,,
516380,1000122568,50,SHCG-445,465-6278,Yoke Eye As Stick Cylinder,6030,Cipta Kridatama PT.,BMB,HB,M5153CLT,Remove Crack,,5,,,,,1.00012E+11,0,,,1,,,,,,,,,
516382,1000122568,70,SHCG-445,465-6278,Yoke Eye As Stick Cylinder,6030,Cipta Kridatama PT.,BMB,WM1,M5153WM1,Build Up ID Eye,,8,,,,,1.00012E+11,0,,,1,,,,,,,,,
516383,1000122568,80,SHCG-445,465-6278,Yoke Eye As Stick Cylinder,6030,Cipta Kridatama PT.,BMB,WM1,M5153WM1,Build Up ID Thread,,5,,,,,1.00012E+11,0,,,1,,,,,,,,,
516384,1000122568,90,SHCG-445,465-6278,Yoke Eye As Stick Cylinder,6030,Cipta Kridatama PT.,BMB,HB,M5153CLT,Machining ID and Face Eye,,20,,,,,1.00012E+11,0,,,1,,,,,,,,,
516385,1000122568,100,SHCG-445,465-6278,Yoke Eye As Stick Cylinder,6030,Cipta Kridatama PT.,BMB,HB,M5153CLT,Machining Face Yoke,,4,,,,,1.00012E+12,0,,,1,,,,,,,,,
516386,1000122568,110,SHCG-445,465-6278,Yoke Eye As Stick Cylinder,6030,Cipta Kridatama PT.,BMB,HB,M5153CLT,Machining ID Thread,,12,,,,,1.00012E+12,0,,,1,,,,,,,,,
516387,1000122568,120,SHCG-445,465-6278,Yoke Eye As Stick Cylinder,6030,Cipta Kridatama PT.,BMB,HDR,M5153HDR,Retap ID Thread,,2,,,,,1.00012E+12,0,,,1,,,,,,,,,
516389,1000122568,140,SHCG-445,465-6278,Yoke Eye As Stick Cylinder,6030,Cipta Kridatama PT.,BMB,QC2,M5153QC2,Final Inspection,,1,,,,,1.00012E+12,0,,,1,,,,,,,,,
516381,1000122568,60,SHCG-445,465-6278,Yoke Eye As Stick Cylinder,6030,Cipta Kridatama PT.,BMB,HB,M5153CLT,Welding Crack,,25,,,FINISH,1/12/2026,1.00012E+11,0,,,1,,,,,,,,,
516388,1000122568,130,SHCG-445,465-6278,Yoke Eye As Stick Cylinder,6030,Cipta Kridatama PT.,BMB,HDR,M5153HDR,Handressing,,2,,,FINISH,1/13/2026,1.00012E+12,0,,,1,,,,,,,,,
443788,1000094521,30,SDFP-59,455-7896,Housing Torque Converter,,PT. Cipta Kridatama,Site BIB,HB,M5153CLT,Machining ID Bore,,8,,,,,1.00009E+11,,,,1,,,,,,,,,
443277,1000094492,170,SDFP-60,504-4888,Flange Half Differential,,PT. Cipta Kridatama,Site BMB,HB,M5153CLT,Machining retainer faces,,6,,,,,1.00009E+12,,,,1,,,,,,,,,
443278,1000094492,180,SDFP-60,504-4888,Flange Half Differential,,PT. Cipta Kridatama,Site BMB,MGN1,M5153COR,Machining thrust washer face,,2,,,,,1.00009E+12,,,,1,,,,,,,,,
443279,1000094492,190,SDFP-60,504-4888,Flange Half Differential,,PT. Cipta Kridatama,Site BMB,ASY,M5153ASY,Assembly flange and plain half differential,,1,,,,,1.00009E+12,,,,1,,,,,,,,,
443280,1000094492,200,SDFP-60,504-4888,Flange Half Differential,,PT. Cipta Kridatama,Site BMB,MGN1,M5153COR,Machining OD bearing seat,,2,,,,,1.00009E+12,,,,1,,,,,,,,,
443281,1000094492,210,SDFP-60,504-4888,Flange Half Differential,,PT. Cipta Kridatama,Site BMB,HB,M5153CLT,Machining spyder bores,,8,,,,,1.00009E+12,,,,1,,,,,,,,,
443282,1000094492,220,SDFP-60,504-4888,Flange Half Differential,,PT. Cipta Kridatama,Site BMB,HB,M5153CLT,Drill dowel holes,,3,,,,,1.00009E+12,,,,1,,,,,,,,,
443284,1000094492,240,SDFP-60,504-4888,Flange Half Differential,,PT. Cipta Kridatama,Site BMB,HB,M5153CLT,Drill to enlarge bolt holes,,7,,,,,1.00009E+12,,,,1,,,,,,,,,
443285,1000094492,250,SDFP-60,504-4888,Flange Half Differential,,PT. Cipta Kridatama,Site BMB,HDR,M5153HDR,Handressing ,,0.5,,,,,1.00009E+12,,,,1,,,,,,,,,
443292,1000094493,60,SDFP-61,499-3660,Plain Half Differential,,PT. Cipta Kridatama,Site BMB,MGN1,M5153COR,Machining end face contact area,,4,,,,,1.00009E+11,,,,1,,,,,,,,,
443293,1000094493,70,SDFP-61,499-3660,Plain Half Differential,,PT. Cipta Kridatama,Site BMB,MGN1,M5153COR,Striping OD bearing seat,,0.5,,,,,1.00009E+11,,,,1,,,,,,,,,
443294,1000094493,80,SDFP-61,499-3660,Plain Half Differential,,PT. Cipta Kridatama,Site BMB,MGN1,M5153COR,Striping thrust washer face,,0.5,,,,,1.00009E+11,,,,1,,,,,,,,,
443295,1000094493,90,SDFP-61,499-3660,Plain Half Differential,,PT. Cipta Kridatama,Site BMB,HB,M5153CLT,Striping spyder bores,,2,,,,,1.00009E+11,,,,1,,,,,,,,,
448875,1000095765,120,SDFP-65,455-7896,Housing Torque Converter,,PT. Cipta Kridatama,Site BIB,QC2,M5153QC2,Final Inspection,,1,,,,,1.0001E+12,,,,1,,,,,,,,,
448866,1000095765,30,SDFP-65,455-7896,Housing Torque Converter,,PT. Cipta Kridatama,Site BIB,HB,M5153CLT,Machining ID Bore,,8,,,,,1.0001E+11,,,,1,,,,,,,,,
448867,1000095765,40,SDFP-65,455-7896,Housing Torque Converter,,PT. Cipta Kridatama,Site BIB,HB,M5153CLT,Machining ID holes,,4,,,,,1.0001E+11,,,,1,,,,,,,,,
448868,1000095765,50,SDFP-65,455-7896,Housing Torque Converter,,PT. Cipta Kridatama,Site BIB,HB,M5153CLT,Strip surface wear of cover seat area (A),,1,,,,,1.0001E+11,,,,1,,,,,,,,,
448869,1000095765,60,SDFP-65,455-7896,Housing Torque Converter,,PT. Cipta Kridatama,Site BIB,HB,M5153CLT,Strip surface wear of cover seat area (B),,1,,,,,1.0001E+11,,,,1,,,,,,,,,
448871,1000095765,80,SDFP-65,455-7896,Housing Torque Converter,,PT. Cipta Kridatama,Site BIB,MTS,M5153MTS,Metal Spray surface of cover seat area (B),,0.05,,,,,1.0001E+11,,,,1,,,,,,,,,
448870,1000095765,70,SDFP-65,455-7896,Housing Torque Converter,,PT. Cipta Kridatama,Site BIB,MTS,M5153MTS,Metal Spray surface of cover seat area (A),,0.05,,,,,1.0001E+11,,,,1,,,,,,,,,
448873,1000095765,100,SDFP-65,455-7896,Housing Torque Converter,,PT. Cipta Kridatama,Site BIB,HB,M5153CLT,Machine ex spray at surface of cover seat area (B),,0.05,,,,,1.0001E+12,,,,1,,,,,,,,,
448872,1000095765,90,SDFP-65,455-7896,Housing Torque Converter,,PT. Cipta Kridatama,Site BIB,HB,M5153CLT,Machine ex spray at surface of cover seat area (A),,0.05,,,,,1.0001E+11,,,,1,,,,,,,,,
448874,1000095765,110,SDFP-65,455-7896,Housing Torque Converter,,PT. Cipta Kridatama,Site BIB,HDR,M5153HDR,Deburr after machining ,,2,,,,,1.0001E+12,,,,1,,,,,,,,,
450719,1000096524,220,SDFP-67,23C-22-51512,Housing Differential,,PT. Putra Perkasa Abadi,Site BIB,HB,M5153CLT,Drill dowel holes,,3,,,,,1.0001E+12,,,,1,,,,,,,,,
450715,1000096524,180,SDFP-67,23C-22-51512,Housing Differential,,PT. Putra Perkasa Abadi,Site BIB,MGN1,M5153COR,Machining Bore B,,2,,,,,1.0001E+12,,,,1,,,,,,,,,
450716,1000096524,190,SDFP-67,23C-22-51512,Housing Differential,,PT. Putra Perkasa Abadi,Site BIB,ASY,M5153ASY,Machining Bore C,,2,,,,,1.0001E+12,,,,1,,,,,,,,,
450723,1000096524,260,SDFP-67,23C-22-51512,Housing Differential,,PT. Putra Perkasa Abadi,Site BIB,QC2,M5153QC2,Inspection,,0.5,,,,,1.0001E+12,,,,1,,,,,,,,,
450720,1000096524,230,SDFP-67,23C-22-51512,Housing Differential,,PT. Putra Perkasa Abadi,Site BIB,ASY,M5153ASY,Install new dowels,,1.5,,,,,1.0001E+12,,,,1,,,,,,,,,
450721,1000096524,240,SDFP-67,23C-22-51512,Housing Differential,,PT. Putra Perkasa Abadi,Site BIB,HB,M5153CLT,Drill to enlarge bolt holes,,7,,,,,1.0001E+12,,,,1,,,,,,,,,
450722,1000096524,250,SDFP-67,23C-22-51512,Housing Differential,,PT. Putra Perkasa Abadi,Site BIB,HDR,M5153HDR,Handressing ,,0.5,,,,,1.0001E+12,,,,1,,,,,,,,,
450711,1000096524,140,SDFP-67,23C-22-51512,Housing Differential,,PT. Putra Perkasa Abadi,Site BIB,MTS,M5153MTS,Metal spray Bore B,,3,,,,,1.0001E+12,,,,1,,,,,,,,,
450710,1000096524,130,SDFP-67,23C-22-51512,Housing Differential,,PT. Putra Perkasa Abadi,Site BIB,MTS,M5153MTS,Metal spray Bore A,,3,,,,,1.0001E+12,,,,1,,,,,,,,,
516391,320008594,1602,SUCG-284,,Rod As Track Adjuster,395,Cipta Kridatama PT.,BIB,SYG,M5153COR,Machining Ex Tig Weld,,2,,,,,3.20009E+12,0,,,3,,,,,,,,,
516390,320008594,1601,SUCG-284,,Rod As Track Adjuster,395,Cipta Kridatama PT.,BIB,WM2,M5153WM2,Tig Weld Porosity,,1,,,FINISH,12/24/2025,3.20009E+12,0,,,3,,,,,,,,,
450708,1000096524,110,SDFP-67,23C-22-51512,Housing Differential,,PT. Putra Perkasa Abadi,Site BIB,HB,M5153CLT,Striping Bore C,,2,,,,,1.0001E+12,,,,1,,,,,,,,,
450707,1000096524,100,SDFP-67,23C-22-51512,Housing Differential,,PT. Putra Perkasa Abadi,Site BIB,MGN1,M5153COR,Striping Bore B,,0.5,,,,,1.0001E+12,,,,1,,,,,,,,,
450706,1000096524,90,SDFP-67,23C-22-51512,Housing Differential,,PT. Putra Perkasa Abadi,Site BIB,MGN1,M5153COR,Striping Bore A,,0.5,,,,,1.0001E+11,,,,1,,,,,,,,,
450714,1000096524,170,SDFP-67,23C-22-51512,Housing Differential,,PT. Putra Perkasa Abadi,Site BIB,HB,M5153CLT,Machining Bore A,,2,,,,,1.0001E+12,,,,1,,,,,,,,,
450712,1000096524,150,SDFP-67,23C-22-51512,Housing Differential,,PT. Putra Perkasa Abadi,Site BIB,MTS,M5153MTS,Metal spray Bore C,,3,,,,,1.0001E+12,,,,1,,,,,,,,,
451333,1000096608,60,SDFP-68,,Cage Differential,,PT. Putra Perkasa Abadi,Site BIB,MTS,M5153MTS,Metal spray ID bearing seat,,4,,,,,1.0001E+11,,,,1,,,,,,,,,
451332,1000096608,50,SDFP-68,,Cage Differential,,PT. Putra Perkasa Abadi,Site BIB,MTS,M5153MTS,Metal spray OD bearing seat,,4,,,,,1.0001E+11,,,,1,,,,,,,,,
451331,1000096608,40,SDFP-68,,Cage Differential,,PT. Putra Perkasa Abadi,Site BIB,SYG,M5153COR,Striping ID bearing seat,,1.5,,,,,1.0001E+11,,,,1,,,,,,,,,
451330,1000096608,30,SDFP-68,,Cage Differential,,PT. Putra Perkasa Abadi,Site BIB,SYG,M5153COR,Striping OD bearing seat,,1.5,,,,,1.0001E+11,,,,1,,,,,,,,,
451328,1000096608,10,SDFP-68,,Cage Differential,,PT. Putra Perkasa Abadi,Site BIB,WM3,M5153WM3,Weld worn out area,,1,,,,,1.0001E+11,,,,1,,,,,,,,,
451334,1000096608,70,SDFP-68,,Cage Differential,,PT. Putra Perkasa Abadi,Site BIB,SYG,M5153COR,Machining OD bearing seat,,2,,,,,1.0001E+11,,,,1,,,,,,,,,
450786,1000096526,450,SDFP-69,,Flange Half Differential,,PT. Cipta Kridatama,Site BIB,HB,M5153CLT,Machining spyder bores,,8,,,,,1.0001E+12,,,,1,,,,,,,,,
450787,1000096526,460,SDFP-69,,Flange Half Differential,,PT. Cipta Kridatama,Site BIB,HB,M5153CLT,Drill dowel holes,,1,,,,,1.0001E+12,,,,1,,,,,,,,,
450788,1000096526,470,SDFP-69,,Flange Half Differential,,PT. Cipta Kridatama,Site BIB,ASY,M5153ASY,Install new dowels,,1.5,,,,,1.0001E+12,,,,1,,,,,,,,,
450789,1000096526,480,SDFP-69,,Flange Half Differential,,PT. Cipta Kridatama,Site BIB,RD,M5153RD1,Setting component to machine,,1,,,,,1.0001E+12,,,,1,,,,,,,,,
516392,320008596,1601,SHSG-246,102-6340,Head As Front Suspension ,777,PT. Cipta Kridatama,Site BMB,SYG,M5153COR,Remove Crack,,2,,,,,3.20009E+12,0,,,7,,,,,,,,,
516393,320008596,1602,SHSG-246,102-6340,Head As Front Suspension ,777,PT. Cipta Kridatama,Site BMB,WM3,M5153WM3,Welding Crack,,3,,,,,3.20009E+12,0,,,7,,,,,,,,,
516394,320008596,1603,SHSG-246,102-6340,Head As Front Suspension ,777,PT. Cipta Kridatama,Site BMB,SYG,M5153COR,Machining Ex Repair Crack ,,2,,,,,3.20009E+12,0,,,7,,,,,,,,,
516395,320008596,1604,SHSG-246,102-6340,Head As Front Suspension ,777,PT. Cipta Kridatama,Site BMB,QC2,M5153QC2,Check Crack,,1,,,,,3.20009E+12,0,,,7,,,,,,,,,
450757,1000096526,160,SDFP-69,,Flange Half Differential,,PT. Cipta Kridatama,Site BIB,QC2,M5153QC2,Check crack,,0.5,,,,,1.0001E+12,,,,1,,,,,,,,,
500976,1000116777,120,SUCG-217,,Housing Track Adjuster,,PT. Cipta Kridatama,Site BIB,HM,M5153HM1,Hone ID housing,,8,,,FINISH,12/23/2025,1.00012E+12,,,,7,,,,,,,,,
450756,1000096526,150,SDFP-69,,Flange Half Differential,,PT. Cipta Kridatama,Site BIB,HB,M5153CLT,Striping retainer faces,,2,,,,,1.0001E+12,,,,1,,,,,,,,,
450755,1000096526,140,SDFP-69,,Flange Half Differential,,PT. Cipta Kridatama,Site BIB,HB,M5153CLT,Striping spyder bores,,2,,,,,1.0001E+12,,,,1,,,,,,,,,
450754,1000096526,130,SDFP-69,,Flange Half Differential,,PT. Cipta Kridatama,Site BIB,HB,M5153CLT,Seting before striping,,1.5,,,,,1.0001E+12,,,,1,,,,,,,,,
450753,1000096526,120,SDFP-69,,Flange Half Differential,,PT. Cipta Kridatama,Site BIB,MGN1,M5153COR,Striping thrust washer face,,0.5,,,,,1.0001E+12,,,,1,,,,,,,,,
450790,1000096526,490,SDFP-69,,Flange Half Differential,,PT. Cipta Kridatama,Site BIB,RD,M5153RD1,Drill to enlarge bolt holes,,7,,,,,1.0001E+12,,,,1,,,,,,,,,
450791,1000096526,500,SDFP-69,,Flange Half Differential,,PT. Cipta Kridatama,Site BIB,HDR,M5153HDR,Handressing ,,0.5,,,,,1.0001E+12,,,,1,,,,,,,,,
511037,1000120178,10,SDFP-122,,Flange Half Differential,773,PT. Trakindo Utama,Site Adaro,PPC,,Replace dowel supply by customer,,0,,,,,1.00012E+11,,,,1,,,,,,,,,
511055,1000120178,190,SDFP-122,,Flange Half Differential,773,PT. Trakindo Utama,Site Adaro,QC2,,Inspection,,1,,,,,1.00012E+12,,,,1,,,,,,,,,
513426,1000120936,60,SWRP-732,8X-9576,Wheel Hub Rear,773E,PT. Cipta Kridatama,Site BIB,WM2,,Weld dent and worn out  ID area,,5,,,FINISH,12/23/2025,1.00012E+11,,,,1,,,,,,,,,
511056,1000120178,200,SDFP-122,,Flange Half Differential,773,PT. Trakindo Utama,Site Adaro,MGN1,,Grinding Face Contact,,4,,,,,1.00012E+12,,,,1,,,,,,,,,
511041,1000120178,50,SDFP-122,,Flange Half Differential,773,PT. Trakindo Utama,Site Adaro,QC2,,Inspection,,1,,,,,1.00012E+11,,,,1,,,,,,,,,
511042,1000120178,60,SDFP-122,,Flange Half Differential,773,PT. Trakindo Utama,Site Adaro,MGN1,,Striping OD bearing seat,,1,,,,,1.00012E+11,,,,1,,,,,,,,,
511043,1000120178,70,SDFP-122,,Flange Half Differential,773,PT. Trakindo Utama,Site Adaro,MGN1,,Striping thrust washer face,,1,,,,,1.00012E+11,,,,1,,,,,,,,,
511044,1000120178,80,SDFP-122,,Flange Half Differential,773,PT. Trakindo Utama,Site Adaro,QC2,,Check crack,,1,,,,,1.00012E+11,,,,1,,,,,,,,,
511045,1000120178,90,SDFP-122,,Flange Half Differential,773,PT. Trakindo Utama,Site Adaro,BLS,,Blasting,,1,,,,,1.00012E+11,,,,1,,,,,,,,,
511046,1000120178,100,SDFP-122,,Flange Half Differential,773,PT. Trakindo Utama,Site Adaro,MTS,,Metal spray OD bearing seat,,3,,,,,1.00012E+12,,,,1,,,,,,,,,
511047,1000120178,110,SDFP-122,,Flange Half Differential,773,PT. Trakindo Utama,Site Adaro,BLS,,Blasting,,1,,,,,1.00012E+12,,,,1,,,,,,,,,
511048,1000120178,120,SDFP-122,,Flange Half Differential,773,PT. Trakindo Utama,Site Adaro,MTS,,Metal spray thrust washer face,,3,,,,,1.00012E+12,,,,1,,,,,,,,,
511054,1000120178,180,SDFP-122,,Flange Half Differential,773,PT. Trakindo Utama,Site Adaro,HDR,,Handressing ,,1,,,,,1.00012E+12,,,,1,,,,,,,,,
511053,1000120178,170,SDFP-122,,Flange Half Differential,773,PT. Trakindo Utama,Site Adaro,ASY,,Install new dowels,,2,,,,,1.00012E+12,,,,1,,,,,,,,,
511052,1000120178,160,SDFP-122,,Flange Half Differential,773,PT. Trakindo Utama,Site Adaro,HB,,Drill dowel holes,,4,,,,,1.00012E+12,,,,1,,,,,,,,,
511051,1000120178,150,SDFP-122,,Flange Half Differential,773,PT. Trakindo Utama,Site Adaro,HB,,Machining spyder bores,,12,,,,,1.00012E+12,,,,1,,,,,,,,,
511050,1000120178,140,SDFP-122,,Flange Half Differential,773,PT. Trakindo Utama,Site Adaro,MGN1,,Machining OD bearing seat,,3,,,,,1.00012E+12,,,,1,,,,,,,,,
511049,1000120178,130,SDFP-122,,Flange Half Differential,773,PT. Trakindo Utama,Site Adaro,MGN1,,Machining thrust washer face,,3,,,,,1.00012E+12,,,,1,,,,,,,,,
511040,1000120178,40,SDFP-122,,Flange Half Differential,773,PT. Trakindo Utama,Site Adaro,MGN1,,Machining end face contact area,,2,,,,,1.00012E+11,,,,1,,,,,,,,,
511039,1000120178,30,SDFP-122,,Flange Half Differential,773,PT. Trakindo Utama,Site Adaro,WM2,,Weld worn out area,,6,,,,,1.00012E+11,,,,1,,,,,,,,,
511038,1000120178,20,SDFP-122,,Flange Half Differential,773,PT. Trakindo Utama,Site Adaro,WM2,,Remove dowel ,,2,,,,,1.00012E+11,,,,1,,,,,,,,,
450742,1000096526,15,SDFP-69,,Flange Half Differential,,PT. Cipta Kridatama,Site BIB,DIS,M5153DIS,Remove bearing,,1,,,,,1.0001E+11,,,,1,,,,,,,,,
450792,1000096526,510,SDFP-69,,Flange Half Differential,,PT. Cipta Kridatama,Site BIB,QC2,M5153QC2,Inspection,,0.5,,,,,1.0001E+12,,,,1,,,,,,,,,
450763,1000096526,220,SDFP-69,,Flange Half Differential,,PT. Cipta Kridatama,Site BIB,BLS,M5153BLS,Cleaning / burning / pre heat,,0.3,,,,,1.0001E+12,,,,1,,,,,,,,,
450764,1000096526,230,SDFP-69,,Flange Half Differential,,PT. Cipta Kridatama,Site BIB,HDR,M5153HDR,Masking,,0.5,,,,,1.0001E+12,,,,1,,,,,,,,,
450765,1000096526,240,SDFP-69,,Flange Half Differential,,PT. Cipta Kridatama,Site BIB,BLS,M5153BLS,Blasting,,0.3,,,,,1.0001E+12,,,,1,,,,,,,,,
450766,1000096526,250,SDFP-69,,Flange Half Differential,,PT. Cipta Kridatama,Site BIB,MTS,M5153MTS,Seting before spray,,0.3,,,,,1.0001E+12,,,,1,,,,,,,,,
450767,1000096526,260,SDFP-69,,Flange Half Differential,,PT. Cipta Kridatama,Site BIB,MTS,M5153MTS,Metal spray thrust washer face,,1.5,,,,,1.0001E+12,,,,1,,,,,,,,,
450768,1000096526,270,SDFP-69,,Flange Half Differential,,PT. Cipta Kridatama,Site BIB,BLS,M5153BLS,Cleaning / burning / pre heat,,0.3,,,,,1.0001E+12,,,,1,,,,,,,,,
450769,1000096526,280,SDFP-69,,Flange Half Differential,,PT. Cipta Kridatama,Site BIB,HDR,M5153HDR,Masking,,0.5,,,,,1.0001E+12,,,,1,,,,,,,,,
450741,1000096526,10,SDFP-69,,Flange Half Differential,,PT. Cipta Kridatama,Site BIB,WM2,M5153WM2,Remove dowel,,0.5,,,,,1.0001E+11,,,,1,,,,,,,,,
450779,1000096526,380,SDFP-69,,Flange Half Differential,,PT. Cipta Kridatama,Site BIB,HB,M5153CLT,Machining retainer faces,,6,,,,,1.0001E+12,,,,1,,,,,,,,,
516396,320008601,1601,SHCP-331,465-6278,Yoke Eye As Stick Cylinder,6030,Cipta Kridatama PT.,BIB,WM3,M5153WM3,Remove Crack,,1,,,,,3.20009E+12,0,,,2,,,,,,,,,
516397,320008601,1602,SHCP-331,465-6278,Yoke Eye As Stick Cylinder,6030,Cipta Kridatama PT.,BIB,WM2,M5153WM2,Welding ex remove crack,,3,,,FINISH,12/24/2025,3.20009E+12,0,,,2,,,,,,,,,
450780,1000096526,390,SDFP-69,,Flange Half Differential,,PT. Cipta Kridatama,Site BIB,MGN1,M5153COR,Seting before machining,,0.5,,,,,1.0001E+12,,,,1,,,,,,,,,
450781,1000096526,400,SDFP-69,,Flange Half Differential,,PT. Cipta Kridatama,Site BIB,MGN1,M5153COR,Machining thrust washer face,,1.5,,,,,1.0001E+12,,,,1,,,,,,,,,
450782,1000096526,410,SDFP-69,,Flange Half Differential,,PT. Cipta Kridatama,Site BIB,ASY,M5153ASY,Assembly flange and plain half differential,,1,,,,,1.0001E+12,,,,1,,,,,,,,,
450770,1000096526,290,SDFP-69,,Flange Half Differential,,PT. Cipta Kridatama,Site BIB,BLS,M5153BLS,Blasting,,0.3,,,,,1.0001E+12,,,,1,,,,,,,,,
450771,1000096526,300,SDFP-69,,Flange Half Differential,,PT. Cipta Kridatama,Site BIB,MTS,M5153MTS,Seting before spray,,0.25,,,,,1.0001E+12,,,,1,,,,,,,,,
450772,1000096526,310,SDFP-69,,Flange Half Differential,,PT. Cipta Kridatama,Site BIB,MTS,M5153MTS,Metal spray spyder bores,,6,,,,,1.0001E+12,,,,1,,,,,,,,,
450773,1000096526,320,SDFP-69,,Flange Half Differential,,PT. Cipta Kridatama,Site BIB,BLS,M5153BLS,Cleaning / burning / pre heat,,0.25,,,,,1.0001E+12,,,,1,,,,,,,,,
450774,1000096526,330,SDFP-69,,Flange Half Differential,,PT. Cipta Kridatama,Site BIB,HDR,M5153HDR,Masking,,0.5,,,,,1.0001E+12,,,,1,,,,,,,,,
450775,1000096526,340,SDFP-69,,Flange Half Differential,,PT. Cipta Kridatama,Site BIB,BLS,M5153BLS,Blasting,,0.25,,,,,1.0001E+12,,,,1,,,,,,,,,
450776,1000096526,350,SDFP-69,,Flange Half Differential,,PT. Cipta Kridatama,Site BIB,MTS,M5153MTS,Seting before spray,,0.25,,,,,1.0001E+12,,,,1,,,,,,,,,
450777,1000096526,360,SDFP-69,,Flange Half Differential,,PT. Cipta Kridatama,Site BIB,MTS,M5153MTS,Metal spray retainer faces,,6,,,,,1.0001E+12,,,,1,,,,,,,,,
450778,1000096526,370,SDFP-69,,Flange Half Differential,,PT. Cipta Kridatama,Site BIB,HB,M5153CLT,Seting before machining,,1,,,,,1.0001E+12,,,,1,,,,,,,,,
516398,1000,1501,SHCG-438,,Housing As Bucket Cylinder,6015,PT. Cipta Kridatama,Site BMB,WM3,M5153WM3,Remove Crack Snubber,,1,,,,,10001501,0,,,5,,,,,,,,,
516399,1000,1502,SHCG-438,,Housing As Bucket Cylinder,6015,PT. Cipta Kridatama,Site BMB,WM3,M5153WM3,Welding Crack Snubber,,1,,,,,10001502,0,,,5,,,,,,,,,
516400,1000,1503,SHCG-438,,Housing As Bucket Cylinder,6015,PT. Cipta Kridatama,Site BMB,WM3,M5153WM3,Remove Weld excess,,1,,,,,10001503,0,,,5,,,,,,,,,
450783,1000096526,420,SDFP-69,,Flange Half Differential,,PT. Cipta Kridatama,Site BIB,MGN1,M5153COR,Seting before machining,,0.5,,,,,1.0001E+12,,,,1,,,,,,,,,
450744,1000096526,30,SDFP-69,,Flange Half Differential,,PT. Cipta Kridatama,Site BIB,WM2,M5153WM2,Cleaning ,,0.5,,,,,1.0001E+11,,,,1,,,,,,,,,
450745,1000096526,40,SDFP-69,,Flange Half Differential,,PT. Cipta Kridatama,Site BIB,WM2,M5153WM2,Pre heat,,0.5,,,,,1.0001E+11,,,,1,,,,,,,,,
450746,1000096526,50,SDFP-69,,Flange Half Differential,,PT. Cipta Kridatama,Site BIB,WM2,M5153WM2,Weld worn out area,,1,,,,,1.0001E+11,,,,1,,,,,,,,,
450747,1000096526,60,SDFP-69,,Flange Half Differential,,PT. Cipta Kridatama,Site BIB,WM2,M5153WM2,Pinning / Grinding,,0.5,,,,,1.0001E+11,,,,1,,,,,,,,,
450748,1000096526,70,SDFP-69,,Flange Half Differential,,PT. Cipta Kridatama,Site BIB,MGN1,M5153COR,Machining end face contact area,,2,,,,,1.0001E+11,,,,1,,,,,,,,,
450749,1000096526,80,SDFP-69,,Flange Half Differential,,PT. Cipta Kridatama,Site BIB,QC2,M5153QC2,Inspection,,1,,,,,1.0001E+11,,,,1,,,,,,,,,
450750,1000096526,90,SDFP-69,,Flange Half Differential,,PT. Cipta Kridatama,Site BIB,MGN1,M5153COR,Seting before striping,,0.5,,,,,1.0001E+11,,,,1,,,,,,,,,
450751,1000096526,100,SDFP-69,,Flange Half Differential,,PT. Cipta Kridatama,Site BIB,MGN1,M5153COR,Striping OD bearing seat,,0.5,,,,,1.0001E+12,,,,1,,,,,,,,,
450758,1000096526,170,SDFP-69,,Flange Half Differential,,PT. Cipta Kridatama,Site BIB,BLS,M5153BLS,Cleaning / burning / pre heat,,0.3,,,,,1.0001E+12,,,,1,,,,,,,,,
450759,1000096526,180,SDFP-69,,Flange Half Differential,,PT. Cipta Kridatama,Site BIB,HDR,M5153HDR,Masking,,0.5,,,,,1.0001E+12,,,,1,,,,,,,,,
450760,1000096526,190,SDFP-69,,Flange Half Differential,,PT. Cipta Kridatama,Site BIB,BLS,M5153BLS,Blasting,,0.3,,,,,1.0001E+12,,,,1,,,,,,,,,
450761,1000096526,200,SDFP-69,,Flange Half Differential,,PT. Cipta Kridatama,Site BIB,MTS,M5153MTS,Seting before spray,,0.3,,,,,1.0001E+12,,,,1,,,,,,,,,
514622,1000121204,50,SHSG-300,,Liner As Front Suspension,773,Cipta Kridatama PT.,BIB,HM,,Honing ID Liner,,8,,,FINISH,12/24/2025,1.00012E+11,,,,4,,,,,,,,,
450762,1000096526,210,SDFP-69,,Flange Half Differential,,PT. Cipta Kridatama,Site BIB,MTS,M5153MTS,Metal spray OD bearing seat,,1.5,,,,,1.0001E+12,,,,1,,,,,,,,,
450784,1000096526,430,SDFP-69,,Flange Half Differential,,PT. Cipta Kridatama,Site BIB,MGN1,M5153COR,Machining OD bearing seat,,1.5,,,,,1.0001E+12,,,,1,,,,,,,,,
450785,1000096526,440,SDFP-69,,Flange Half Differential,,PT. Cipta Kridatama,Site BIB,HB,M5153CLT,Seting before machining,,2,,,,,1.0001E+12,,,,1,,,,,,,,,
450800,1000096527,70,SDFP-70,,Plain Half Differential,,PT. Cipta Kridatama,Site BIB,QC2,M5153QC2,Inspection,,1,,,,,1.0001E+11,,,,1,,,,,,,,,
450801,1000096527,80,SDFP-70,,Plain Half Differential,,PT. Cipta Kridatama,Site BIB,MGN1,M5153COR,Seting before striping,,0.5,,,,,1.0001E+11,,,,1,,,,,,,,,
450839,1000096527,460,SDFP-70,,Plain Half Differential,,PT. Cipta Kridatama,Site BIB,ASY,M5153ASY,Install new dowels,,1.5,,,,,1.0001E+12,,,,1,,,,,,,,,
450802,1000096527,90,SDFP-70,,Plain Half Differential,,PT. Cipta Kridatama,Site BIB,MGN1,M5153COR,Striping OD bearing seat,,0.5,,,,,1.0001E+11,,,,1,,,,,,,,,
450803,1000096527,100,SDFP-70,,Plain Half Differential,,PT. Cipta Kridatama,Site BIB,MGN1,M5153COR,Seting before striping,,0.5,,,,,1.0001E+12,,,,1,,,,,,,,,
450804,1000096527,110,SDFP-70,,Plain Half Differential,,PT. Cipta Kridatama,Site BIB,MGN1,M5153COR,Striping thrust washer face,,0.5,,,,,1.0001E+12,,,,1,,,,,,,,,
450805,1000096527,120,SDFP-70,,Plain Half Differential,,PT. Cipta Kridatama,Site BIB,HB,M5153CLT,Seting before striping,,1.5,,,,,1.0001E+12,,,,1,,,,,,,,,
450806,1000096527,130,SDFP-70,,Plain Half Differential,,PT. Cipta Kridatama,Site BIB,HB,M5153CLT,Striping spyder bores,,2,,,,,1.0001E+12,,,,1,,,,,,,,,
450840,1000096527,470,SDFP-70,,Plain Half Differential,,PT. Cipta Kridatama,Site BIB,HDR,M5153HDR,Handressing ,,0.5,,,,,1.0001E+12,,,,1,,,,,,,,,
450841,1000096527,480,SDFP-70,,Plain Half Differential,,PT. Cipta Kridatama,Site BIB,QC2,M5153QC2,Inspection,,0.5,,,,,1.0001E+12,,,,1,,,,,,,,,
450820,1000096527,270,SDFP-70,,Plain Half Differential,,PT. Cipta Kridatama,Site BIB,BLS,M5153BLS,Masking,,0.5,,,,,1.0001E+12,,,,1,,,,,,,,,
450819,1000096527,260,SDFP-70,,Plain Half Differential,,PT. Cipta Kridatama,Site BIB,BLS,M5153BLS,Cleaning / burning / pre heat,,0.3,,,,,1.0001E+12,,,,1,,,,,,,,,
450818,1000096527,250,SDFP-70,,Plain Half Differential,,PT. Cipta Kridatama,Site BIB,MTS,M5153MTS,Metal spray thrust washer face,,1.5,,,,,1.0001E+12,,,,1,,,,,,,,,
450817,1000096527,240,SDFP-70,,Plain Half Differential,,PT. Cipta Kridatama,Site BIB,MTS,M5153MTS,Seting before spray,,0.3,,,,,1.0001E+12,,,,1,,,,,,,,,
450838,1000096527,450,SDFP-70,,Plain Half Differential,,PT. Cipta Kridatama,Site BIB,HB,M5153CLT,Drill dowel holes,,3,,,,,1.0001E+12,,,,1,,,,,,,,,
450823,1000096527,300,SDFP-70,,Plain Half Differential,,PT. Cipta Kridatama,Site BIB,MTS,M5153MTS,Metal spray spyder bores,,6,,,,,1.0001E+12,,,,1,,,,,,,,,
450825,1000096527,320,SDFP-70,,Plain Half Differential,,PT. Cipta Kridatama,Site BIB,BLS,M5153BLS,Masking,,0.5,,,,,1.0001E+12,,,,1,,,,,,,,,
450826,1000096527,330,SDFP-70,,Plain Half Differential,,PT. Cipta Kridatama,Site BIB,BLS,M5153BLS,Blasting,,0.25,,,,,1.0001E+12,,,,1,,,,,,,,,
450827,1000096527,340,SDFP-70,,Plain Half Differential,,PT. Cipta Kridatama,Site BIB,MTS,M5153MTS,Seting before spray,,0.25,,,,,1.0001E+12,,,,1,,,,,,,,,
450828,1000096527,350,SDFP-70,,Plain Half Differential,,PT. Cipta Kridatama,Site BIB,MTS,M5153MTS,Metal spray retainer faces,,6,,,,,1.0001E+12,,,,1,,,,,,,,,
450829,1000096527,360,SDFP-70,,Plain Half Differential,,PT. Cipta Kridatama,Site BIB,HB,M5153CLT,Seting before machining,,1,,,,,1.0001E+12,,,,1,,,,,,,,,
514729,1000121435,20,SWRP-632,,Piston Parking Brake,777,"PT. Cipta Kridatama,",Site BIB,MGN1,,Facing the top surface,,2,,,FINISH,12/24/2025,1.00012E+11,,,,1,,,,,,,,,
450830,1000096527,370,SDFP-70,,Plain Half Differential,,PT. Cipta Kridatama,Site BIB,HB,M5153CLT,Machining retainer faces,,6,,,,,1.0001E+12,,,,1,,,,,,,,,
450831,1000096527,380,SDFP-70,,Plain Half Differential,,PT. Cipta Kridatama,Site BIB,MGN1,M5153COR,Seting before machining,,0.5,,,,,1.0001E+12,,,,1,,,,,,,,,
450832,1000096527,390,SDFP-70,,Plain Half Differential,,PT. Cipta Kridatama,Site BIB,MGN1,M5153COR,Machining thrust washer face,,1.5,,,,,1.0001E+12,,,,1,,,,,,,,,
450833,1000096527,400,SDFP-70,,Plain Half Differential,,PT. Cipta Kridatama,Site BIB,ASY,M5153ASY,Assembly flange and plain half differential,,1,,,,,1.0001E+12,,,,1,,,,,,,,,
450822,1000096527,290,SDFP-70,,Plain Half Differential,,PT. Cipta Kridatama,Site BIB,MTS,M5153MTS,Seting before spray,,0.3,,,,,1.0001E+12,,,,1,,,,,,,,,
450821,1000096527,280,SDFP-70,,Plain Half Differential,,PT. Cipta Kridatama,Site BIB,BLS,M5153BLS,Blasting,,0.3,,,,,1.0001E+12,,,,1,,,,,,,,,
450834,1000096527,410,SDFP-70,,Plain Half Differential,,PT. Cipta Kridatama,Site BIB,MGN1,M5153COR,Seting before machining,,0.5,,,,,1.0001E+12,,,,1,,,,,,,,,
450835,1000096527,420,SDFP-70,,Plain Half Differential,,PT. Cipta Kridatama,Site BIB,MGN1,M5153COR,Machining OD bearing seat,,1.5,,,,,1.0001E+12,,,,1,,,,,,,,,
450836,1000096527,430,SDFP-70,,Plain Half Differential,,PT. Cipta Kridatama,Site BIB,HB,M5153CLT,Seting before machining,,2,,,,,1.0001E+12,,,,1,,,,,,,,,
450837,1000096527,440,SDFP-70,,Plain Half Differential,,PT. Cipta Kridatama,Site BIB,HB,M5153CLT,Machining spyder bores,,8,,,,,1.0001E+12,,,,1,,,,,,,,,
450807,1000096527,140,SDFP-70,,Plain Half Differential,,PT. Cipta Kridatama,Site BIB,HB,M5153CLT,Striping retainer faces,,2,,,,,1.0001E+12,,,,1,,,,,,,,,
450808,1000096527,150,SDFP-70,,Plain Half Differential,,PT. Cipta Kridatama,Site BIB,QC2,M5153QC2,Check crack,,0.5,,,,,1.0001E+12,,,,1,,,,,,,,,
450809,1000096527,160,SDFP-70,,Plain Half Differential,,PT. Cipta Kridatama,Site BIB,BLS,M5153BLS,Cleaning / burning / pre heat,,0.3,,,,,1.0001E+12,,,,1,,,,,,,,,
450810,1000096527,170,SDFP-70,,Plain Half Differential,,PT. Cipta Kridatama,Site BIB,BLS,M5153BLS,Masking,,0.5,,,,,1.0001E+12,,,,1,,,,,,,,,
450811,1000096527,180,SDFP-70,,Plain Half Differential,,PT. Cipta Kridatama,Site BIB,BLS,M5153BLS,Blasting,,0.3,,,,,1.0001E+12,,,,1,,,,,,,,,
450812,1000096527,190,SDFP-70,,Plain Half Differential,,PT. Cipta Kridatama,Site BIB,MTS,M5153MTS,Seting before spray,,0.3,,,,,1.0001E+12,,,,1,,,,,,,,,
450813,1000096527,200,SDFP-70,,Plain Half Differential,,PT. Cipta Kridatama,Site BIB,MTS,M5153MTS,Metal spray OD bearing seat,,1.5,,,,,1.0001E+12,,,,1,,,,,,,,,
516401,1000119370,10,SHSG-73-I / SHSG-62-I,8J-8882,Piston As Front Suspension,777G,PT. Cipta Kridatama,Site BMB,WM2,,Tig weld Dent / worn out area,,1,,,,,1.00012E+11,0,,,1,,,,,,,,,
516402,1000119370,20,SHSG-73-I / SHSG-62-I,8J-8882,Piston As Front Suspension,777G,PT. Cipta Kridatama,Site BMB,SYG,,Machining ex tig weld,,1,,,,,1.00012E+11,0,,,1,,,,,,,,,
516403,1000119370,30,SHSG-73-I / SHSG-62-I,8J-8882,Piston As Front Suspension,777G,PT. Cipta Kridatama,Site BMB,SYG,,Strip OD wearing seat,,1,,,,,1.00012E+11,0,,,1,,,,,,,,,
516404,1000119370,40,SHSG-73-I / SHSG-62-I,8J-8882,Piston As Front Suspension,777G,PT. Cipta Kridatama,Site BMB,MTS,,Metal spray OD wearing seat,,2,,,,,1.00012E+11,0,,,1,,,,,,,,,
516405,1000119370,50,SHSG-73-I / SHSG-62-I,8J-8882,Piston As Front Suspension,777G,PT. Cipta Kridatama,Site BMB,SYG,,Machining OD wearing seat,,2.5,,,,,1.00012E+11,0,,,1,,,,,,,,,
516406,1000119370,60,SHSG-73-I / SHSG-62-I,8J-8882,Piston As Front Suspension,777G,PT. Cipta Kridatama,Site BMB,HDR,,Handressing,,1,,,,,1.00012E+11,0,,,1,,,,,,,,,
516407,1000119370,70,SHSG-73-I / SHSG-62-I,8J-8882,Piston As Front Suspension,777G,PT. Cipta Kridatama,Site BMB,QC2,,Post Inspection,,1,,,,,1.00012E+11,0,,,1,,,,,,,,,
450814,1000096527,210,SDFP-70,,Plain Half Differential,,PT. Cipta Kridatama,Site BIB,BLS,M5153BLS,Cleaning / burning / pre heat,,0.3,,,,,1.0001E+12,,,,1,,,,,,,,,
450815,1000096527,220,SDFP-70,,Plain Half Differential,,PT. Cipta Kridatama,Site BIB,BLS,M5153BLS,Masking,,0.5,,,,,1.0001E+12,,,,1,,,,,,,,,
450816,1000096527,230,SDFP-70,,Plain Half Differential,,PT. Cipta Kridatama,Site BIB,BLS,M5153BLS,Blasting,,0.3,,,,,1.0001E+12,,,,1,,,,,,,,,
450824,1000096527,310,SDFP-70,,Plain Half Differential,,PT. Cipta Kridatama,Site BIB,BLS,M5153BLS,Cleaning / burning / pre heat,,0.25,,,,,1.0001E+12,,,,1,,,,,,,,,
508307,1000118929,5,SHSG-73-I,777G,Gland Front Suspension,777G,PT. Cipta Kridatama,Site BMB,PPC,,Order material,,0,,,,,10001189295,0,,,1,,,,,,,,,
508309,1000118929,7,SHSG-73-I,777G,Gland Front Suspension,777G,PT. Cipta Kridatama,Site BMB,SYG,,Machining OD & groove area,,4,,,,,10001189297,0,,,1,,,,,,,,,
508316,1000118929,40,SHSG-73-I,777G,Gland Front Suspension,777G,PT. Cipta Kridatama,Site BMB,QC2,,Post Inspect,,1,,,,,1.00012E+11,0,,,1,,,,,,,,,
450793,1000096527,10,SDFP-70,,Plain Half Differential,,PT. Cipta Kridatama,Site BIB,DIS,M5153DIS,Remove dowel,,3,,,,,1.0001E+11,,,,1,,,,,,,,,
450794,1000096527,15,SDFP-70,,Plain Half Differential,,PT. Cipta Kridatama,Site BIB,DIS,M5153DIS,Remove bearing,,2,,,,,1.0001E+11,,,,1,,,,,,,,,
450796,1000096527,30,SDFP-70,,Plain Half Differential,,PT. Cipta Kridatama,Site BIB,WM2,M5153WM2,Pre heat,,2,,,,,1.0001E+11,,,,1,,,,,,,,,
450797,1000096527,40,SDFP-70,,Plain Half Differential,,PT. Cipta Kridatama,Site BIB,WM2,M5153WM2,Weld worn out area,,6,,,,,1.0001E+11,,,,1,,,,,,,,,
450798,1000096527,50,SDFP-70,,Plain Half Differential,,PT. Cipta Kridatama,Site BIB,WM2,M5153WM2,Pinning / Grinding,,2,,,,,1.0001E+11,,,,1,,,,,,,,,
450799,1000096527,60,SDFP-70,,Plain Half Differential,,PT. Cipta Kridatama,Site BIB,MGN1,M5153COR,Machining end face contact area,,2,,,,,1.0001E+11,,,,1,,,,,,,,,
457818,1000098640,320,SDFP-73,,Axle Housing Differential,,PT. Putra Perkasa Abadi,Site BIB,WM3,M5153WM3,Weld ID Suspension Bores,,4,,,,,1.0001E+12,,,,1,,,,,,,,,
457817,1000098640,310,SDFP-73,,Axle Housing Differential,,PT. Putra Perkasa Abadi,Site BIB,WM3,M5153WM3,Weld ID Lower Radius Rod Bores,,4,,,,,1.0001E+12,,,,1,,,,,,,,,
457832,1000098640,460,SDFP-73,,Axle Housing Differential,,PT. Putra Perkasa Abadi,Site BIB,QC2,M5153QC2,Final Inspection,,2,,,,,1.0001E+12,,,,1,,,,,,,,,
509790,1000119743,40,SWRP-726,,Carrier Planetary,777,Cipta Kridatama PT.,BMB,MGN1,,Manufacture Sleeve,,12,,,,,1.00012E+11,,,,1,,,,,,,,,
508919,1000118989,10,SHCG-407,296-0609,2nd Stage Hoist,777,PT. Cipta Kridatama,Site BMB,DIS,,Install jig for remove head,,1,,,,,1.00012E+11,0,,,5,,,,,,,,,
457816,1000098640,300,SDFP-73,,Axle Housing Differential,,PT. Putra Perkasa Abadi,Site BIB,WM3,M5153WM3,Weld ID Upper Radius Rod Bores,,4,,,,,1.0001E+12,,,,1,,,,,,,,,
457815,1000098640,290,SDFP-73,,Axle Housing Differential,,PT. Putra Perkasa Abadi,Site BIB,WM3,M5153WM3,Weld All worn out at outer body / Inner Body,,8,,,,,1.0001E+12,,,,1,,,,,,,,,
457814,1000098640,280,SDFP-73,,Axle Housing Differential,,PT. Putra Perkasa Abadi,Site BIB,WM3,M5153WM3,Weld ID Differential contact,,6,,,,,1.0001E+12,,,,1,,,,,,,,,
457813,1000098640,270,SDFP-73,,Axle Housing Differential,,PT. Putra Perkasa Abadi,Site BIB,WM3,M5153WM3,Flood weld Striped threads holes at flange differential contact,,8,,,,,1.0001E+12,,,,1,,,,,,,,,
457797,1000098640,140,SDFP-73,,Axle Housing Differential,,PT. Putra Perkasa Abadi,Site BIB,WM3,M5153WM3,Remove All Indication crack,,24,,,,,1.0001E+12,,,,1,,,,,,,,,
508923,1000118989,20,SHCG-407,296-0609,2nd Stage Hoist,777,PT. Cipta Kridatama,Site BMB,MGN1,,Check Run Out / Check with Head,,1,,,,,1.00012E+11,0,,,5,,,,,,,,,
508926,1000118989,50,SHCG-407,296-0609,2nd Stage Hoist,777,PT. Cipta Kridatama,Site BMB,WM3,,Weld Build Up ID thread area,,2,,,,,1.00012E+11,0,,,5,,,,,,,,,
457798,1000098640,180,SDFP-73,,Axle Housing Differential,,PT. Putra Perkasa Abadi,Site BIB,WM3,M5153WM3,Weld crack area,,60,,,,,1.0001E+12,,,,1,,,,,,,,,
457799,1000098640,210,SDFP-73,,Axle Housing Differential,,PT. Putra Perkasa Abadi,Site BIB,QC2,M5153QC2,Check crack by NDT & deflection after repair crack,,4,,,,,1.0001E+12,,,,1,,,,,,,,,
457802,1000098640,214,SDFP-73,,Axle Housing Differential,,PT. Putra Perkasa Abadi,Site BIB,WM3,M5153WM3,Cut Plug Material,,1,,,,,1.0001E+12,,,,1,,,,,,,,,
457803,1000098640,215,SDFP-73,,Axle Housing Differential,,PT. Putra Perkasa Abadi,Site BIB,PRM2,M5153PRM2,Cut Profile stifener plate,,4,,,,,1.0001E+12,,,,1,,,,,,,,,
457804,1000098640,216,SDFP-73,,Axle Housing Differential,,PT. Putra Perkasa Abadi,Site BIB,WM3,M5153WM3,Machining  Plug Insert,,4,,,,,1.0001E+12,,,,1,,,,,,,,,
457805,1000098640,217,SDFP-73,,Axle Housing Differential,,PT. Putra Perkasa Abadi,Site BIB,WM3,M5153WM3,Drill damage Plug holes,,4,,,,,1.0001E+12,,,,1,,,,,,,,,
457796,1000098640,130,SDFP-73,,Axle Housing Differential,,PT. Putra Perkasa Abadi,Site BIB,HB,M5153CLT,Strip ID Suspension Bores,,4,,,,,1.0001E+12,,,,1,,,,,,,,,
457795,1000098640,120,SDFP-73,,Axle Housing Differential,,PT. Putra Perkasa Abadi,Site BIB,HB,M5153CLT,Strip ID Lower Radius Rod Bores,,4,,,,,1.0001E+12,,,,1,,,,,,,,,
457794,1000098640,110,SDFP-73,,Axle Housing Differential,,PT. Putra Perkasa Abadi,Site BIB,HB,M5153CLT,Strip ID Upper Radius Rod Bores,,4,,,,,1.0001E+12,,,,1,,,,,,,,,
457793,1000098640,100,SDFP-73,,Axle Housing Differential,,PT. Putra Perkasa Abadi,Site BIB,HB,M5153CLT,Strip ID Differential contact,,3,,,,,1.0001E+12,,,,1,,,,,,,,,
457792,1000098640,90,SDFP-73,,Axle Housing Differential,,PT. Putra Perkasa Abadi,Site BIB,HB,M5153CLT,Strip Threads holes at flange differential contact,,8,,,,,1.0001E+11,,,,1,,,,,,,,,
457791,1000098640,80,SDFP-73,,Axle Housing Differential,,PT. Putra Perkasa Abadi,Site BIB,HB,M5153CLT,Strip bolt holes at flange LH,,10,,,,,1.0001E+11,,,,1,,,,,,,,,
457786,1000098640,10,SDFP-73,,Axle Housing Differential,,PT. Putra Perkasa Abadi,Site BIB,HDR,M5153HDR,Remove all broken Pin Dowel,,1,,,,,1.0001E+11,,,,1,,,,,,,,,
457787,1000098640,40,SDFP-73,,Axle Housing Differential,,PT. Putra Perkasa Abadi,Site BIB,HB,M5153CLT,Strip Flange face RH,,2,,,,,1.0001E+11,,,,1,,,,,,,,,
508938,1000118989,120,SHCG-407,296-0609,2nd Stage Hoist,777,PT. Cipta Kridatama,Site BMB,POL,,Pre polish OD rod prior to chrome,,2,,,,,1.00012E+12,0,,,5,,,,,,,,,
457788,1000098640,50,SDFP-73,,Axle Housing Differential,,PT. Putra Perkasa Abadi,Site BIB,HB,M5153CLT,Strip Flange face LH,,2,,,,,1.0001E+11,,,,1,,,,,,,,,
457789,1000098640,60,SDFP-73,,Axle Housing Differential,,PT. Putra Perkasa Abadi,Site BIB,HB,M5153CLT,Strip Flange face differential contact,,2,,,,,1.0001E+11,,,,1,,,,,,,,,
457790,1000098640,70,SDFP-73,,Axle Housing Differential,,PT. Putra Perkasa Abadi,Site BIB,HB,M5153CLT,Strip bolt holes at flange RH,,10,,,,,1.0001E+11,,,,1,,,,,,,,,
508954,1000118985,10,SHCG-407,,Piston Hoist,777,PT. Cipta Kridatama,Site BMB,WM2,,Tig weld Dent,,3,,,,,1.00012E+11,0,,,1,,,,,,,,,
508957,1000118985,40,SHCG-407,,Piston Hoist,777,PT. Cipta Kridatama,Site BMB,QC2,,Post Inspection,,0.5,,,,,1.00012E+11,0,,,1,,,,,,,,,
457808,1000098640,220,SDFP-73,,Axle Housing Differential,,PT. Putra Perkasa Abadi,Site BIB,WM3,M5153WM3,Weld joint  Stifener Plate,,12,,,,,1.0001E+12,,,,1,,,,,,,,,
457806,1000098640,218,SDFP-73,,Axle Housing Differential,,PT. Putra Perkasa Abadi,Site BIB,WM3,M5153WM3,Seting weld joint,,8,,,,,1.0001E+12,,,,1,,,,,,,,,
457807,1000098640,219,SDFP-73,,Axle Housing Differential,,PT. Putra Perkasa Abadi,Site BIB,WM3,M5153WM3,Weld joint Plug Insert,,4,,,,,1.0001E+12,,,,1,,,,,,,,,
457469,1000098618,130,SDFP-75,,Flange Half Differential,,PT. Cipta Kridatama,Site BIB,HB,M5153CLT,Striping retainer faces,,4,,,,,1.0001E+12,,,,1,,,,,,,,,
457468,1000098618,120,SDFP-75,,Flange Half Differential,,PT. Cipta Kridatama,Site BIB,HB,M5153CLT,Striping spyder bores,,4,,,,,1.0001E+12,,,,1,,,,,,,,,
457467,1000098618,110,SDFP-75,,Flange Half Differential,,PT. Cipta Kridatama,Site BIB,MGN1,M5153COR,Striping thrust washer face,,1,,,,,1.0001E+12,,,,1,,,,,,,,,
457466,1000098618,100,SDFP-75,,Flange Half Differential,,PT. Cipta Kridatama,Site BIB,MGN1,M5153COR,Striping OD bearing seat,,1,,,,,1.0001E+12,,,,1,,,,,,,,,
457465,1000098618,90,SDFP-75,,Flange Half Differential,,PT. Cipta Kridatama,Site BIB,QC2,M5153QC2,Inspection,,1,,,,,1.0001E+11,,,,1,,,,,,,,,
457464,1000098618,80,SDFP-75,,Flange Half Differential,,PT. Cipta Kridatama,Site BIB,MGN1,M5153COR,Machining end face contact area,,4,,,,,1.0001E+11,,,,1,,,,,,,,,
457463,1000098618,70,SDFP-75,,Flange Half Differential,,PT. Cipta Kridatama,Site BIB,MGN1,M5153COR,Machining ex repiar crack,,10,,,,,1.0001E+11,,,,1,,,,,,,,,
457462,1000098618,60,SDFP-75,,Flange Half Differential,,PT. Cipta Kridatama,Site BIB,WM2,M5153WM2,Weld worn out area,,2,,,,,1.0001E+11,,,,1,,,,,,,,,
457460,1000098618,40,SDFP-75,,Flange Half Differential,,PT. Cipta Kridatama,Site BIB,WM2,M5153WM2,Remove Crack,,4,,,,,1.0001E+11,,,,1,,,,,,,,,
457458,1000098618,20,SDFP-75,,Flange Half Differential,,PT. Cipta Kridatama,Site BIB,DIS,M5153DIS,Remove bearing,,2,,,,,1.0001E+11,,,,1,,,,,,,,,
457457,1000098618,10,SDFP-75,,Flange Half Differential,,PT. Cipta Kridatama,Site BIB,WM2,M5153WM2,Remove dowel,,1,,,,,1.0001E+11,,,,1,,,,,,,,,
457478,1000098618,220,SDFP-75,,Flange Half Differential,,PT. Cipta Kridatama,Site BIB,MTS,M5153MTS,Metal spray retainer faces,,8,,,,,1.0001E+12,,,,1,,,,,,,,,
457474,1000098618,180,SDFP-75,,Flange Half Differential,,PT. Cipta Kridatama,Site BIB,MTS,M5153MTS,Metal spray thrust washer face,,3,,,,,1.0001E+12,,,,1,,,,,,,,,
457475,1000098618,190,SDFP-75,,Flange Half Differential,,PT. Cipta Kridatama,Site BIB,BLS,M5153BLS,Blasting,,1,,,,,1.0001E+12,,,,1,,,,,,,,,
457477,1000098618,210,SDFP-75,,Flange Half Differential,,PT. Cipta Kridatama,Site BIB,BLS,M5153BLS,Blasting,,1,,,,,1.0001E+12,,,,1,,,,,,,,,
457461,1000098618,50,SDFP-75,,Flange Half Differential,,PT. Cipta Kridatama,Site BIB,WM2,M5153WM2,Weld crack area,,16,,,,,1.0001E+11,,,,1,,,,,,,,,
457493,1000098618,1505,SDFP-75,,Flange Half Differential,,PT. Cipta Kridatama.,Site BIB,QC2,M5153QC2,Inspection,,1,,,,,1.0001E+13,,,,1,,,,,,,,,
457492,1000098618,1504,SDFP-75,,Flange Half Differential,,PT. Cipta Kridatama.,Site BIB,HB,M5153CLT,Machining retainer face,,12,,,,,1.0001E+13,,,,1,,,,,,,,,
457491,1000098618,1503,SDFP-75,,Flange Half Differential,,PT. Cipta Kridatama.,Site BIB,MGN1,M5153COR,Machining ex repair crack,,8,,,,,1.0001E+13,,,,1,,,,,,,,,
457490,1000098618,1502,SDFP-75,,Flange Half Differential,,PT. Cipta Kridatama.,Site BIB,WM3,M5153WM3,Welding crack area,,32,,,,,1.0001E+13,,,,1,,,,,,,,,
457489,1000098618,1501,SDFP-75,,Flange Half Differential,,PT. Cipta Kridatama.,Site BIB,WM3,M5153WM3,Remove crack area,,8,,,,,1.0001E+13,,,,1,,,,,,,,,
457488,1000098618,320,SDFP-75,,Flange Half Differential,,PT. Cipta Kridatama,Site BIB,QC2,M5153QC2,Inspection,,1,,,,,1.0001E+12,,,,1,,,,,,,,,
457487,1000098618,310,SDFP-75,,Flange Half Differential,,PT. Cipta Kridatama,Site BIB,HDR,M5153HDR,Handressing ,,1,,,,,1.0001E+12,,,,1,,,,,,,,,
457486,1000098618,300,SDFP-75,,Flange Half Differential,,PT. Cipta Kridatama,Site BIB,RD,M5153RD1,Drill to enlarge bolt holes,,8,,,,,1.0001E+12,,,,1,,,,,,,,,
457485,1000098618,290,SDFP-75,,Flange Half Differential,,PT. Cipta Kridatama,Site BIB,ASY,M5153ASY,Install new dowels,,3,,,,,1.0001E+12,,,,1,,,,,,,,,
508951,1000118986,50,SHCG-407,,Head Hoist,777,PT. Cipta Kridatama,Site BMB,MGN1,,Machining ID Head,,4,,,,,1.00012E+11,0,,,2,,,,,,,,,
457484,1000098618,280,SDFP-75,,Flange Half Differential,,PT. Cipta Kridatama,Site BIB,HB,M5153CLT,Drill dowel holes,,2,,,,,1.0001E+12,,,,1,,,,,,,,,
457483,1000098618,270,SDFP-75,,Flange Half Differential,,PT. Cipta Kridatama,Site BIB,HB,M5153CLT,Machining spyder bores,,10,,,,,1.0001E+12,,,,1,,,,,,,,,
457482,1000098618,260,SDFP-75,,Flange Half Differential,,PT. Cipta Kridatama,Site BIB,MGN1,M5153COR,Machining OD bearing seat,,3,,,,,1.0001E+12,,,,1,,,,,,,,,
457481,1000098618,250,SDFP-75,,Flange Half Differential,,PT. Cipta Kridatama,Site BIB,ASY,M5153ASY,Assembly flange and plain half differential,,2,,,,,1.0001E+12,,,,1,,,,,,,,,
457480,1000098618,240,SDFP-75,,Flange Half Differential,,PT. Cipta Kridatama,Site BIB,MGN1,M5153COR,Machining thrust washer face,,3,,,,,1.0001E+12,,,,1,,,,,,,,,
457479,1000098618,230,SDFP-75,,Flange Half Differential,,PT. Cipta Kridatama,Site BIB,HB,M5153CLT,Machining retainer faces,,8,,,,,1.0001E+12,,,,1,,,,,,,,,
457476,1000098618,200,SDFP-75,,Flange Half Differential,,PT. Cipta Kridatama,Site BIB,MTS,M5153MTS,Metal spray spyder bores,,8,,,,,1.0001E+12,,,,1,,,,,,,,,
457473,1000098618,170,SDFP-75,,Flange Half Differential,,PT. Cipta Kridatama,Site BIB,BLS,M5153BLS,Blasting,,1,,,,,1.0001E+12,,,,1,,,,,,,,,
457472,1000098618,160,SDFP-75,,Flange Half Differential,,PT. Cipta Kridatama,Site BIB,MTS,M5153MTS,Metal spray OD bearing seat,,3,,,,,1.0001E+12,,,,1,,,,,,,,,
457471,1000098618,150,SDFP-75,,Flange Half Differential,,PT. Cipta Kridatama,Site BIB,BLS,M5153BLS,Blasting,,1,,,,,1.0001E+12,,,,1,,,,,,,,,
457470,1000098618,140,SDFP-75,,Flange Half Differential,,PT. Cipta Kridatama,Site BIB,QC2,M5153QC2,Check crack,,1,,,,,1.0001E+12,,,,1,,,,,,,,,
457494,1000098619,10,SDFP-76,,Plain Half Differential,,PT. Cipta Kridatama,Site BIB,DIS,M5153DIS,Remove dowel,,3,,,,,1.0001E+11,,,,1,,,,,,,,,
457520,1000098619,270,SDFP-76,,Plain Half Differential,,PT. Cipta Kridatama,Site BIB,HDR,M5153HDR,Handressing ,,1,,,,,1.0001E+12,,,,1,,,,,,,,,
457521,1000098619,280,SDFP-76,,Plain Half Differential,,PT. Cipta Kridatama,Site BIB,QC2,M5153QC2,Inspection,,1,,,,,1.0001E+12,,,,1,,,,,,,,,
457495,1000098619,20,SDFP-76,,Plain Half Differential,,PT. Cipta Kridatama,Site BIB,DIS,M5153DIS,Remove bearing,,2,,,,,1.0001E+11,,,,1,,,,,,,,,
457518,1000098619,250,SDFP-76,,Plain Half Differential,,PT. Cipta Kridatama,Site BIB,HB,M5153CLT,Drill dowel holes,,4,,,,,1.0001E+12,,,,1,,,,,,,,,
457519,1000098619,260,SDFP-76,,Plain Half Differential,,PT. Cipta Kridatama,Site BIB,ASY,M5153ASY,Install new dowels,,2,,,,,1.0001E+12,,,,1,,,,,,,,,
460560,1000099372,250,SDFP-77,259-4481,Housing Circle Drive,,PT. Cipta Kridatama,Site BMB,MTS,M5153MTS,Wire arc the seal seat ,,4,,,,,1.0001E+12,,,,1,,,,,,,,,
508859,1000118987,20,SHCG-407,8J-9431,Housing Hoist Cylinder,777D,PT. Cipta Kridatama,Site BMB,DIS,,Remove Bearing,,1,,,,,1.00012E+11,0,,,3,,,,,,,,,
508864,1000118987,60,SHCG-407,8J-9431,Housing Hoist Cylinder,777D,PT. Cipta Kridatama,Site BMB,HDR,,Remove mounting,,1,,,,,1.00012E+11,0,,,3,,Keep save will be re-use,,,,,,,
508865,1000118987,70,SHCG-407,8J-9431,Housing Hoist Cylinder,777D,PT. Cipta Kridatama,Site BMB,BSW,,Cut off tube from eye,,2,,,,,1.00012E+11,0,,,3,,,,,,,,,
508872,1000118987,166,SHCG-407,8J-9431,Housing Hoist Cylinder,777D,PT. Cipta Kridatama,Site BMB,SAW,,Install Setting before weld joint,,2,,,,,1.00012E+12,0,,,3,,,,,,,,,
508875,1000118987,200,SHCG-407,8J-9431,Housing Hoist Cylinder,777D,PT. Cipta Kridatama,Site BMB,MGN1,,Machining ID housing,,4,,,,,1.00012E+12,0,,,3,,,,,,,,,
508878,1000118987,230,SHCG-407,8J-9431,Housing Hoist Cylinder,777D,PT. Cipta Kridatama,Site BMB,SAW,,Weld Joint eye to tube & flange,,4,,,,,1.00012E+12,0,,,3,,Reuse and Salvage Guidliene SEBF8072-22 2013,,,,,,,
508881,1000118987,250,SHCG-407,8J-9431,Housing Hoist Cylinder,777D,PT. Cipta Kridatama,Site BMB,HB,,Machining Face eye,,4,,,FINISH,10/1/2025,1.00012E+12,0,,,3,,IF ID length Oversize reffer to Item 270,,,,,,,
460547,1000099372,120,SDFP-77,259-4481,Housing Circle Drive,,PT. Cipta Kridatama,Site BMB,WM3,M5153WM3,Remove crack,,10,,,,,1.0001E+12,,,,1,,,,,,,,,
460568,1000099372,330,SDFP-77,259-4481,Housing Circle Drive,,PT. Cipta Kridatama,Site BMB,QC2,M5153QC2,Final Inspection,,1,,,,,1.0001E+12,,,,1,,,,,,,,,
460567,1000099372,320,SDFP-77,259-4481,Housing Circle Drive,,PT. Cipta Kridatama,Site BMB,HDR,M5153HDR,Retap thread holes,,1,,,,,1.0001E+12,,,,1,,,,,,,,,
460566,1000099372,310,SDFP-77,259-4481,Housing Circle Drive,,PT. Cipta Kridatama,Site BMB,HDR,M5153HDR,Deburr excess after machining,,1,,,,,1.0001E+12,,,,1,,,,,,,,,
460565,1000099372,300,SDFP-77,259-4481,Housing Circle Drive,,PT. Cipta Kridatama,Site BMB,VTL,M5153VTL,Check Alignment & coordinate thread holes,,4,,,,,1.0001E+12,,,,1,,,,,,,,,
460564,1000099372,290,SDFP-77,259-4481,Housing Circle Drive,,PT. Cipta Kridatama,Site BMB,VTL,M5153VTL,Machining the face worn out,,8,,,,,1.0001E+12,,,,1,,,,,,,,,
460563,1000099372,280,SDFP-77,259-4481,Housing Circle Drive,,PT. Cipta Kridatama,Site BMB,VTL,M5153VTL,Machining the seal seat ,,8,,,,,1.0001E+12,,,,1,,,,,,,,,
460562,1000099372,270,SDFP-77,259-4481,Housing Circle Drive,,PT. Cipta Kridatama,Site BMB,VTL,M5153VTL,Machining bearing seat ,,8,,,,,1.0001E+12,,,,1,,,,,,,,,
460561,1000099372,260,SDFP-77,259-4481,Housing Circle Drive,,PT. Cipta Kridatama,Site BMB,MTS,M5153MTS,Wire arc the face worn out,,4,,,,,1.0001E+12,,,,1,,,,,,,,,
460559,1000099372,240,SDFP-77,259-4481,Housing Circle Drive,,PT. Cipta Kridatama,Site BMB,MTS,M5153MTS,Wire arc the bearing seat ,,4,,,,,1.0001E+12,,,,1,,,,,,,,,
460558,1000099372,230,SDFP-77,259-4481,Housing Circle Drive,,PT. Cipta Kridatama,Site BMB,BLS,M5153BLS,Blasting,,3,,,,,1.0001E+12,,,,1,,,,,,,,,
460557,1000099372,220,SDFP-77,259-4481,Housing Circle Drive,,PT. Cipta Kridatama,Site BMB,VTL,M5153VTL,Strip face worn out,,2,,,,,1.0001E+12,,,,1,,,,,,,,,
460556,1000099372,210,SDFP-77,259-4481,Housing Circle Drive,,PT. Cipta Kridatama,Site BMB,VTL,M5153VTL,Strip the seal seat ,,2,,,,,1.0001E+12,,,,1,,,,,,,,,
460555,1000099372,200,SDFP-77,259-4481,Housing Circle Drive,,PT. Cipta Kridatama,Site BMB,VTL,M5153VTL,Strip the bearing seat ,,2,,,,,1.0001E+12,,,,1,,,,,,,,,
460554,1000099372,190,SDFP-77,259-4481,Housing Circle Drive,,PT. Cipta Kridatama,Site BMB,QC2,M5153QC2,Inspection,,1,,,,,1.0001E+12,,,,1,,,,,,,,,
460553,1000099372,180,SDFP-77,259-4481,Housing Circle Drive,,PT. Cipta Kridatama,Site BMB,HB,M5153CLT,Drill new flange bolt holes,,8,,,,,1.0001E+12,,,,1,,,,,,,,,
460552,1000099372,170,SDFP-77,259-4481,Housing Circle Drive,,PT. Cipta Kridatama,Site BMB,VTL,M5153VTL,Machining the flange face,,4,,,,,1.0001E+12,,,,1,,,,,,,,,
460551,1000099372,160,SDFP-77,259-4481,Housing Circle Drive,,PT. Cipta Kridatama,Site BMB,QC2,M5153QC2,Check crack area,,1,,,,,1.0001E+12,,,,1,,,,,,,,,
460550,1000099372,150,SDFP-77,259-4481,Housing Circle Drive,,PT. Cipta Kridatama,Site BMB,WM3,M5153WM3,Weld Flange faces,,8,,,,,1.0001E+12,,,,1,,,,,,,,,
460549,1000099372,140,SDFP-77,259-4481,Housing Circle Drive,,PT. Cipta Kridatama,Site BMB,WM3,M5153WM3,Repair dent and worn out area,,5,,,,,1.0001E+12,,,,1,,,,,,,,,
460548,1000099372,130,SDFP-77,259-4481,Housing Circle Drive,,PT. Cipta Kridatama,Site BMB,WM3,M5153WM3,Weld cracks ,,20,,,,,1.0001E+12,,,,1,,,,,,,,,
460546,1000099372,110,SDFP-77,259-4481,Housing Circle Drive,,PT. Cipta Kridatama,Site BMB,DIS,M5153DIS,Remove flange bolts,,2,,,,,1.0001E+12,,,,1,,,,,,,,,
460545,1000099372,100,SDFP-77,259-4481,Housing Circle Drive,,PT. Cipta Kridatama,Site BMB,WM2,M5153WM2,Remove all broken bolts,,2,,,,,1.0001E+12,,,,1,,,,,,,,,
460544,1000099372,90,SDFP-77,259-4481,Housing Circle Drive,,PT. Cipta Kridatama,Site BMB,WM2,M5153WM2,Weld join pin insert,,2,,,,,1.0001E+11,,,,1,,,,,,,,,
460543,1000099372,80,SDFP-77,259-4481,Housing Circle Drive,,PT. Cipta Kridatama,Site BMB,WM2,M5153WM2,Weld joint duo cone sleeve,,2,,,,,1.0001E+11,,,,1,,,,,,,,,
460542,1000099372,70,SDFP-77,259-4481,Housing Circle Drive,,PT. Cipta Kridatama,Site BMB,RD,M5153RD1,Drill endlarge thread holes,,2,,,,,1.0001E+11,,,,1,,,,,,,,,
460541,1000099372,60,SDFP-77,259-4481,Housing Circle Drive,,PT. Cipta Kridatama,Site BMB,MGN1,M5153COR,Strip ID Duo cone seal seat prior install sleeve,,2,,,,,1.0001E+11,,,,1,,,,,,,,,
460540,1000099372,50,SDFP-77,259-4481,Housing Circle Drive,,PT. Cipta Kridatama,Site BMB,QC2,M5153QC2,Inspection,,1,,,,,1.0001E+11,,,,1,,,,,,,,,
460539,1000099372,40,SDFP-77,259-4481,Housing Circle Drive,,PT. Cipta Kridatama,Site BMB,SYG,M5153COR,Manufacture duocone sleeve,,4,,,,,1.0001E+11,,,,1,,,,,,,,,
460538,1000099372,30,SDFP-77,259-4481,Housing Circle Drive,,PT. Cipta Kridatama,Site BMB,SYG,M5153COR,Manufacture pin insert,,4,,,,,1.0001E+11,,,,1,,,,,,,,,
460537,1000099372,20,SDFP-77,259-4481,Housing Circle Drive,,PT. Cipta Kridatama,Site BMB,WM3,M5153WM3,Cut material duocone sleeve,,2,,,,,1.0001E+11,,,,1,,,,,,,,,
460536,1000099372,10,SDFP-77,259-4481,Housing Circle Drive,,PT. Cipta Kridatama,Site BMB,BSW,M5153BSW,Cut Material ,,2,,,,,1.0001E+11,,,,1,,,,,,,,,
460535,1000099372,9,SDFP-77,259-4481,Housing Circle Drive,,PT. Cipta Kridatama,Site BMB,PPC,,Order Material ,,0,,,,,10000993729,,,,1,,,,,,,,,
460534,1000099372,8,SDFP-77,259-4481,Housing Circle Drive,,PT. Cipta Kridatama,Site BMB,QC2,M5153QC2,Post Inspection,,1,,,,,10000993728,,,,1,,,,,,,,,
460533,1000099372,7,SDFP-77,259-4481,Housing Circle Drive,,PT. Cipta Kridatama,Site BMB,PP,M5153PAC,Painting and Packing,,2,,,,,10000993727,,,,1,,,,,,,,,
460531,1000099372,5,SDFP-77,259-4481,Housing Circle Drive,,PT. Cipta Kridatama,Site BMB,DIS,M5153DIS,Post Cleaning,,1,,,,,10000993725,,,,1,,,,,,,,,
460530,1000099372,4,SDFP-77,259-4481,Housing Circle Drive,,PT. Cipta Kridatama,Site BMB,QC2,M5153QC2,Pre Inspection,,4,,,,,10000993724,,,,1,,,,,,,,,
508959,1000118988,20,SHCG-407,,Head 2nd stage Hoist,777,PT. Cipta Kridatama,Site BMB,MGN1,,Skim Thread,,1.5,,,,,1.00012E+11,0,,,4,,,,,,,,,
460529,1000099372,3,SDFP-77,259-4481,Housing Circle Drive,,PT. Cipta Kridatama,Site BMB,DIS,M5153DIS,Diss Assembly,,4,,,,,10000993723,,,,1,,,,,,,,,
460528,1000099372,2,SDFP-77,259-4481,Housing Circle Drive,,PT. Cipta Kridatama,Site BMB,DIS,M5153DIS,Pre Cleaning,,1,,,,,10000993722,,,,1,,,,,,,,,
460527,1000099372,1,SDFP-77,259-4481,Housing Circle Drive,,PT. Cipta Kridatama,Site BMB,PPC,,Receive goods unloading,,1,,,,,10000993721,,,,1,,,,,,,,,
456024,1000098223,330,SDFP-78,259-4481,Housing Circle Drive,,PT. Cipta Kridatama,Site BMB,QC2,M5153QC2,Final Inspection,,1,,,,,1.0001E+12,,,,1,,,,,,,,,
466124,1000100825,120,SDFP-79,561-22-73115,Rear Axle Housing,,PT. Putra Perkasa Abadi,Site BIB,HB,M5153CLT,Strip ID Lower Radius Rod Bores,,4,,,,,1.0001E+12,,,,1,,,,,,,,,
466154,1000100825,430,SDFP-79,561-22-73115,Rear Axle Housing,,PT. Putra Perkasa Abadi,Site BIB,HB,M5153CLT,Machine ID Suspension Bores,,4,,,,,1.0001E+12,,,,1,,,,,,,,,
466157,1000100825,460,SDFP-79,561-22-73115,Rear Axle Housing,,PT. Putra Perkasa Abadi,Site BIB,QC2,M5153QC2,Final Inspection,,1,,,,,1.0001E+12,,,,1,,,,,,,,,
466156,1000100825,450,SDFP-79,561-22-73115,Rear Axle Housing,,PT. Putra Perkasa Abadi,Site BIB,HDR,M5153HDR,Retap All Threads Holes,,2,,,,,1.0001E+12,,,,1,,,,,,,,,
466155,1000100825,440,SDFP-79,561-22-73115,Rear Axle Housing,,PT. Putra Perkasa Abadi,Site BIB,HDR,M5153HDR,Handressing at ex weld worn out,,8,,,,,1.0001E+12,,,,1,,,,,,,,,
466153,1000100825,420,SDFP-79,561-22-73115,Rear Axle Housing,,PT. Putra Perkasa Abadi,Site BIB,HB,M5153CLT,Machine ID Lower Radius Rod Bores,,4,,,,,1.0001E+12,,,,1,,,,,,,,,
466152,1000100825,410,SDFP-79,561-22-73115,Rear Axle Housing,,PT. Putra Perkasa Abadi,Site BIB,HB,M5153CLT,Machine ID Upper Radius Rod Bores,,4,,,,,1.0001E+12,,,,1,,,,,,,,,
466151,1000100825,400,SDFP-79,561-22-73115,Rear Axle Housing,,PT. Putra Perkasa Abadi,Site BIB,HB,M5153CLT,Machine ID Differential contact,,4,,,,,1.0001E+12,,,,1,,,,,,,,,
466150,1000100825,390,SDFP-79,561-22-73115,Rear Axle Housing,,PT. Putra Perkasa Abadi,Site BIB,HB,M5153CLT,Machine threads holes at flange differential contact,,12,,,,,1.0001E+12,,,,1,,,,,,,,,
466149,1000100825,380,SDFP-79,561-22-73115,Rear Axle Housing,,PT. Putra Perkasa Abadi,Site BIB,HB,M5153CLT,Machine bolt holes at flange LH,,16,,,,,1.0001E+12,,,,1,,,,,,,,,
466148,1000100825,370,SDFP-79,561-22-73115,Rear Axle Housing,,PT. Putra Perkasa Abadi,Site BIB,HB,M5153CLT,Machine bolt holes at flange RH,,16,,,,,1.0001E+12,,,,1,,,,,,,,,
466147,1000100825,360,SDFP-79,561-22-73115,Rear Axle Housing,,PT. Putra Perkasa Abadi,Site BIB,HB,M5153CLT,Machine Flange face differential contact,,4,,,,,1.0001E+12,,,,1,,,,,,,,,
466111,1000100825,8,SDFP-79,561-22-73115,Rear Axle Housing,,PT. Putra Perkasa Abadi,Site BIB,QC2,M5153QC2,Post Inspection,,1,,,,,10001008258,,,,1,,,,,,,,,
466110,1000100825,7,SDFP-79,561-22-73115,Rear Axle Housing,,PT. Putra Perkasa Abadi,Site BIB,PP,M5153PAC,Painting and Packing,,4,,,,,10001008257,,,,1,,,,,,,,,
466109,1000100825,6,SDFP-79,561-22-73115,Rear Axle Housing,,PT. Putra Perkasa Abadi,Site BIB,ASY,M5153ASY,Assembly,,4,,,,,10001008256,,,,1,,,,,,,,,
466108,1000100825,5,SDFP-79,561-22-73115,Rear Axle Housing,,PT. Putra Perkasa Abadi,Site BIB,DIS,M5153DIS,Post Cleaning,,1,,,,,10001008255,,,,1,,,,,,,,,
466107,1000100825,4,SDFP-79,561-22-73115,Rear Axle Housing,,PT. Putra Perkasa Abadi,Site BIB,QC2,M5153QC2,Pre Inspection,,4,,,,,10001008254,,,,1,,,,,,,,,
466106,1000100825,3,SDFP-79,561-22-73115,Rear Axle Housing,,PT. Putra Perkasa Abadi,Site BIB,DIS,M5153DIS,Diss Assembly,,4,,,,,10001008253,,,,1,,,,,,,,,
466105,1000100825,2,SDFP-79,561-22-73115,Rear Axle Housing,,PT. Putra Perkasa Abadi,Site BIB,DIS,M5153DIS,Pre Cleaning,,1,,,,,10001008252,,,,1,,,,,,,,,
466104,1000100825,1,SDFP-79,561-22-73115,Rear Axle Housing,,PT. Putra Perkasa Abadi,Site BIB,PPC,,Receive goods unloading,,1,,,,,10001008251,,,,1,,,,,,,,,
466146,1000100825,350,SDFP-79,561-22-73115,Rear Axle Housing,,PT. Putra Perkasa Abadi,Site BIB,HB,M5153CLT,Machine Flange face LH,,4,,,,,1.0001E+12,,,,1,,,,,,,,,
466145,1000100825,340,SDFP-79,561-22-73115,Rear Axle Housing,,PT. Putra Perkasa Abadi,Site BIB,HB,M5153CLT,Machine Flange face RH,,4,,,,,1.0001E+12,,,,1,,,,,,,,,
466144,1000100825,330,SDFP-79,561-22-73115,Rear Axle Housing,,PT. Putra Perkasa Abadi,Site BIB,WF3,M5153WF3,TIG weld all dents,,4,,,,,1.0001E+12,,,,1,,,,,,,,,
466143,1000100825,320,SDFP-79,561-22-73115,Rear Axle Housing,,PT. Putra Perkasa Abadi,Site BIB,WF3,M5153WF3,Weld ID Suspension Bores,,4,,,,,1.0001E+12,,,,1,,,,,,,,,
466142,1000100825,310,SDFP-79,561-22-73115,Rear Axle Housing,,PT. Putra Perkasa Abadi,Site BIB,WF3,M5153WF3,Weld ID Lower Radius Rod Bores,,4,,,,,1.0001E+12,,,,1,,,,,,,,,
466141,1000100825,300,SDFP-79,561-22-73115,Rear Axle Housing,,PT. Putra Perkasa Abadi,Site BIB,WF3,M5153WF3,Weld ID Upper Radius Rod Bores,,4,,,,,1.0001E+12,,,,1,,,,,,,,,
466140,1000100825,290,SDFP-79,561-22-73115,Rear Axle Housing,,PT. Putra Perkasa Abadi,Site BIB,WF3,M5153WF3,Weld All worn out at outer body / Inner Body,,8,,,,,1.0001E+12,,,,1,,,,,,,,,
508887,1000118990,10,SHCG-407,777,Rod Hoist Cylinder,777,PT. Cipta Kridatama,Site BMB,HCP,,Strip OD Rod ( Dechrome Process ),,2,,,,,1.00012E+11,0,,,6,,,,,,,,,
508889,1000118990,30,SHCG-407,777,Rod Hoist Cylinder,777,PT. Cipta Kridatama,Site BMB,MGN1,,Strip OD Rod ( Machining Process ),,2,,,,,1.00012E+11,0,,,6,,,,,,,,,
508893,1000118990,70,SHCG-407,777,Rod Hoist Cylinder,777,PT. Cipta Kridatama,Site BMB,HB,,Strip Threads holes at oil port surface,,2,,,,,1.00012E+11,0,,,6,,,,,,,,,
508898,1000118990,120,SHCG-407,777,Rod Hoist Cylinder,777,PT. Cipta Kridatama,Site BMB,WM3,,Weld Build Up 3X holes at eye face area,,1.5,,,,,1.00012E+12,0,,,6,,,,,,,,,
508902,1000118990,160,SHCG-407,777,Rod Hoist Cylinder,777,PT. Cipta Kridatama,Site BMB,WM3,,Weld Flood 4x threads holes at oil port surface,,2,,,,,1.00012E+12,0,,,6,,,,,,,,,
508907,1000118990,210,SHCG-407,777,Rod Hoist Cylinder,777,PT. Cipta Kridatama,Site BMB,HB,,Machining eye face,,1.5,,,,,1.00012E+12,0,,,6,,,,,,,,,
508911,1000118990,250,SHCG-407,777,Rod Hoist Cylinder,777,PT. Cipta Kridatama,Site BMB,POL,,Pre polish OD rod prior to chrome,,3,,,,,1.00012E+12,0,,,6,,,,,,,,,
508915,1000118990,280,SHCG-407,777,Rod Hoist Cylinder,777,PT. Cipta Kridatama,Site BMB,MGN1,,Light skim end face prior to remove excesive chrome,,1,,,,,1.00012E+12,0,,,6,,,,,,,,,
510330,1000120467,130,SDFP-130,504-4888,Flange Half Differential,777,Trakindo Utama PT.,Adaro,MTS,,Metal spray thrust washer face,,3,,,FINISH,10/28/2025,1.00012E+12,,,,1,,,,,,,,,
466139,1000100825,280,SDFP-79,561-22-73115,Rear Axle Housing,,PT. Putra Perkasa Abadi,Site BIB,WF3,M5153WF3,Weld ID Differential contact,,6,,,,,1.0001E+12,,,,1,,,,,,,,,
466138,1000100825,270,SDFP-79,561-22-73115,Rear Axle Housing,,PT. Putra Perkasa Abadi,Site BIB,WF3,M5153WF3,Flood weld Striped threads holes at flange differential contact,,8,,,,,1.0001E+12,,,,1,,,,,,,,,
466137,1000100825,260,SDFP-79,561-22-73115,Rear Axle Housing,,PT. Putra Perkasa Abadi,Site BIB,WF3,M5153WF3,Flood weld Striped bolt holes at flange LH,,10,,,,,1.0001E+12,,,,1,,,,,,,,,
466136,1000100825,250,SDFP-79,561-22-73115,Rear Axle Housing,,PT. Putra Perkasa Abadi,Site BIB,WF3,M5153WF3,Flood weld Striped  bolt holes at flange RH,,10,,,,,1.0001E+12,,,,1,,,,,,,,,
466135,1000100825,240,SDFP-79,561-22-73115,Rear Axle Housing,,PT. Putra Perkasa Abadi,Site BIB,WF3,M5153WF3,Weld Flange face differential contact,,4,,,,,1.0001E+12,,,,1,,,,,,,,,
466134,1000100825,230,SDFP-79,561-22-73115,Rear Axle Housing,,PT. Putra Perkasa Abadi,Site BIB,WF3,M5153WF3,Weld Flange face LH,,4,,,,,1.0001E+12,,,,1,,,,,,,,,
466133,1000100825,220,SDFP-79,561-22-73115,Rear Axle Housing,,PT. Putra Perkasa Abadi,Site BIB,WF3,M5153WF3,Weld Flange face RH,,4,,,,,1.0001E+12,,,,1,,,,,,,,,
466132,1000100825,213,SDFP-79,561-22-73115,Rear Axle Housing,,PT. Putra Perkasa Abadi,Site BIB,WF3,M5153WF3,Seting weld joint,,2,,,,,1.0001E+12,,,,1,,,,,,,,,
466131,1000100825,211,SDFP-79,561-22-73115,Rear Axle Housing,,PT. Putra Perkasa Abadi,Site BIB,MGN1,M5153COR,Machining  Plug Insert,,4,,,,,1.0001E+12,,,,1,,,,,,,,,
466130,1000100825,210,SDFP-79,561-22-73115,Rear Axle Housing,,PT. Putra Perkasa Abadi,Site BIB,QC2,M5153QC2,Check crack by NDT & deflection after repair crack,,1,,,,,1.0001E+12,,,,1,,,,,,,,,
466129,1000100825,205,SDFP-79,561-22-73115,Rear Axle Housing,,PT. Putra Perkasa Abadi,Site BIB,WF3,M5153WF3,Weld joint Plug Insert,,4,,,,,1.0001E+12,,,,1,,,,,,,,,
466128,1000100825,195,SDFP-79,561-22-73115,Rear Axle Housing,,PT. Putra Perkasa Abadi,Site BIB,WF3,M5153WF3,Drill damage Plug holes,,4,,,,,1.0001E+12,,,,1,,,,,,,,,
466127,1000100825,180,SDFP-79,561-22-73115,Rear Axle Housing,,PT. Putra Perkasa Abadi,Site BIB,WF3,M5153WF3,Weld crack area,,50,,,,,1.0001E+12,,,,1,,,,,,,,,
466126,1000100825,140,SDFP-79,561-22-73115,Rear Axle Housing,,PT. Putra Perkasa Abadi,Site BIB,WF3,M5153WF3,Remove All Indication crack,,20,,,,,1.0001E+12,,,,1,,,,,,,,,
466125,1000100825,130,SDFP-79,561-22-73115,Rear Axle Housing,,PT. Putra Perkasa Abadi,Site BIB,HB,M5153CLT,Strip ID Suspension Bores,,4,,,,,1.0001E+12,,,,1,,,,,,,,,
466123,1000100825,110,SDFP-79,561-22-73115,Rear Axle Housing,,PT. Putra Perkasa Abadi,Site BIB,HB,M5153CLT,Strip ID Upper Radius Rod Bores,,4,,,,,1.0001E+12,,,,1,,,,,,,,,
466122,1000100825,100,SDFP-79,561-22-73115,Rear Axle Housing,,PT. Putra Perkasa Abadi,Site BIB,HB,M5153CLT,Strip ID Differential contact,,3,,,,,1.0001E+12,,,,1,,,,,,,,,
466121,1000100825,90,SDFP-79,561-22-73115,Rear Axle Housing,,PT. Putra Perkasa Abadi,Site BIB,HB,M5153CLT,Strip Threads holes at flange differential contact,,8,,,,,1.0001E+11,,,,1,,,,,,,,,
466120,1000100825,80,SDFP-79,561-22-73115,Rear Axle Housing,,PT. Putra Perkasa Abadi,Site BIB,HB,M5153CLT,Strip bolt holes at flange LH,,10,,,,,1.0001E+11,,,,1,,,,,,,,,
466119,1000100825,70,SDFP-79,561-22-73115,Rear Axle Housing,,PT. Putra Perkasa Abadi,Site BIB,HB,M5153CLT,Strip bolt holes at flange RH,,10,,,,,1.0001E+11,,,,1,,,,,,,,,
516408,320008562,1606,SHSP-537,225-3902,Rod as Rear Suspension,773,Cipta Kridatama PT.,BIB,WM1,M5153WM1,Tig Weld Slag/Porosity,,1,,,,,3.20009E+12,0,,,3,,,,,,,,,
516409,320008562,1607,SHSP-537,225-3902,Rod as Rear Suspension,773,Cipta Kridatama PT.,BIB,HB,M5153CLT,Machining Ex Tig Weld,,2,,,,,3.20009E+12,0,,,3,,,,,,,,,
510253,1000120179,70,SDFP-123,,Plain Half Differential,773,PT. Trakindo Utama,Site Adaro,MGN1,,Striping thrust washer face,,1,,,FINISH,10/28/2025,1.00012E+11,,,,1,,,,,,,,,
466118,1000100825,60,SDFP-79,561-22-73115,Rear Axle Housing,,PT. Putra Perkasa Abadi,Site BIB,HB,M5153CLT,Strip Flange face differential contact,,2,,,,,1.0001E+11,,,,1,,,,,,,,,
466117,1000100825,50,SDFP-79,561-22-73115,Rear Axle Housing,,PT. Putra Perkasa Abadi,Site BIB,HB,M5153CLT,Strip Flange face LH,,2,,,,,1.0001E+11,,,,1,,,,,,,,,
466116,1000100825,40,SDFP-79,561-22-73115,Rear Axle Housing,,PT. Putra Perkasa Abadi,Site BIB,HB,M5153CLT,Strip Flange face RH,,2,,,,,1.0001E+11,,,,1,,,,,,,,,
466115,1000100825,15,SDFP-79,561-22-73115,Rear Axle Housing,,PT. Putra Perkasa Abadi,Site BIB,DIS,M5153DIS,Remove all bushing ,,1,,,,,1.0001E+11,,,,1,,,,,,,,,
516410,320008609,1601,SHCG-391-I,,2Nd Stage As Hoist Cylinder,777,Cipta Kridatama PT.,Site BMB,POL1,M5153PL1,Pre polish OD prior to chrome,,4,,,,,3.20009E+12,0,,,7,,,,,,,,,
516411,320008609,1602,SHCG-391-I,,2Nd Stage As Hoist Cylinder,777,Cipta Kridatama PT.,Site BMB,HCP2,M153CP2,Hardchrome OD,,4,,,,,3.20009E+12,0,,,7,,,,,,,,,
516412,320008609,1603,SHCG-391-I,,2Nd Stage As Hoist Cylinder,777,Cipta Kridatama PT.,Site BMB,POL2,M5153PL2,Final Polish OD,,4,,,,,3.20009E+12,0,,,7,,,,,,,,,
466114,1000100825,11,SDFP-79,561-22-73115,Rear Axle Housing,,PT. Putra Perkasa Abadi,Site BIB,WF3,M5153WF3,Cut Profile stifener plate,,24,,,,,1.0001E+11,,,,1,,,,,,,,,
466113,1000100825,10,SDFP-79,561-22-73115,Rear Axle Housing,,PT. Putra Perkasa Abadi,Site BIB,BSW,M5153BSW,Cut Plug Material,,1,,,,,1.0001E+11,,,,1,,,,,,,,,
466181,1000100826,180,SDFP-80,561-22-73115,Rear Axle Housing,,PT. Putra Perkasa Abadi,Site BIB,WF3,M5153WF3,Weld crack area,,50,,,,,1.0001E+12,,,,1,,,,,,,,,
466206,1000100826,410,SDFP-80,561-22-73115,Rear Axle Housing,,PT. Putra Perkasa Abadi,Site BIB,HB,M5153CLT,Machine ID Upper Radius Rod Bores,,4,,,,,1.0001E+12,,,,1,,,,,,,,,
466205,1000100826,400,SDFP-80,561-22-73115,Rear Axle Housing,,PT. Putra Perkasa Abadi,Site BIB,HB,M5153CLT,Machine ID Differential contact,,4,,,,,1.0001E+12,,,,1,,,,,,,,,
466192,1000100826,270,SDFP-80,561-22-73115,Rear Axle Housing,,PT. Putra Perkasa Abadi,Site BIB,WF3,M5153WF3,Flood weld Striped threads holes at flange differential contact,,8,,,,,1.0001E+12,,,,1,,,,,,,,,
466191,1000100826,260,SDFP-80,561-22-73115,Rear Axle Housing,,PT. Putra Perkasa Abadi,Site BIB,WF3,M5153WF3,Flood weld Striped bolt holes at flange LH,,10,,,,,1.0001E+12,,,,1,,,,,,,,,
466190,1000100826,250,SDFP-80,561-22-73115,Rear Axle Housing,,PT. Putra Perkasa Abadi,Site BIB,WF3,M5153WF3,Flood weld Striped  bolt holes at flange RH,,10,,,,,1.0001E+12,,,,1,,,,,,,,,
466162,1000100826,5,SDFP-80,561-22-73115,Rear Axle Housing,,PT. Putra Perkasa Abadi,Site BIB,DIS,M5153DIS,Post Cleaning,,1,,,,,10001008265,,,,1,,,,,,,,,
466161,1000100826,4,SDFP-80,561-22-73115,Rear Axle Housing,,PT. Putra Perkasa Abadi,Site BIB,QC2,M5153QC2,Pre Inspection,,4,,,,,10001008264,,,,1,,,,,,,,,
466175,1000100826,90,SDFP-80,561-22-73115,Rear Axle Housing,,PT. Putra Perkasa Abadi,Site BIB,HB,M5153CLT,Strip Threads holes at flange differential contact,,8,,,,,1.0001E+11,,,,1,,,,,,,,,
466180,1000100826,140,SDFP-80,561-22-73115,Rear Axle Housing,,PT. Putra Perkasa Abadi,Site BIB,WF3,M5153WF3,Remove All Indication crack,,20,,,,,1.0001E+12,,,,1,,,,,,,,,
466182,1000100826,195,SDFP-80,561-22-73115,Rear Axle Housing,,PT. Putra Perkasa Abadi,Site BIB,WF3,M5153WF3,Drill damage Plug holes,,4,,,,,1.0001E+12,,,,1,,,,,,,,,
466174,1000100826,80,SDFP-80,561-22-73115,Rear Axle Housing,,PT. Putra Perkasa Abadi,Site BIB,HB,M5153CLT,Strip bolt holes at flange LH,,10,,,,,1.0001E+11,,,,1,,,,,,,,,
466183,1000100826,205,SDFP-80,561-22-73115,Rear Axle Housing,,PT. Putra Perkasa Abadi,Site BIB,WF3,M5153WF3,Weld joint Plug Insert,,4,,,,,1.0001E+12,,,,1,,,,,,,,,
466173,1000100826,70,SDFP-80,561-22-73115,Rear Axle Housing,,PT. Putra Perkasa Abadi,Site BIB,HB,M5153CLT,Strip bolt holes at flange RH,,10,,,,,1.0001E+11,,,,1,,,,,,,,,
466172,1000100826,60,SDFP-80,561-22-73115,Rear Axle Housing,,PT. Putra Perkasa Abadi,Site BIB,HB,M5153CLT,Strip Flange face differential contact,,2,,,,,1.0001E+11,,,,1,,,,,,,,,
466167,1000100826,10,SDFP-80,561-22-73115,Rear Axle Housing,,PT. Putra Perkasa Abadi,Site BIB,BSW,M5153BSW,Cut Plug Material,,1,,,,,1.0001E+11,,,,1,,,,,,,,,
466185,1000100826,211,SDFP-80,561-22-73115,Rear Axle Housing,,PT. Putra Perkasa Abadi,Site BIB,MGN1,M5153COR,Machining  Plug Insert,,4,,,,,1.0001E+12,,,,1,,,,,,,,,
466186,1000100826,213,SDFP-80,561-22-73115,Rear Axle Housing,,PT. Putra Perkasa Abadi,Site BIB,WF3,M5153WF3,Seting weld joint,,2,,,,,1.0001E+12,,,,1,,,,,,,,,
516413,1000122642,20,STCP-189,,Volute,MF420,PT. Bukit Makmur Mandiri Utama,SDJ,WM3,M5153WM3,Weld worn out and heavy cavitasi area,,50,,,,,1.00012E+11,0,,,1,,,,,,,,,
516414,1000122642,30,STCP-189,,Volute,MF420,PT. Bukit Makmur Mandiri Utama,SDJ,MGN1,M5153COR,Machining surface contact face,,25,,,,,1.00012E+11,0,,,1,,,,,,,,,
516415,1000122642,40,STCP-189,,Volute,MF420,PT. Bukit Makmur Mandiri Utama,SDJ,HDR,M5153HDR,Handressing,,8,,,,,1.00012E+11,0,,,1,,,,,,,,,
516416,1000122642,50,STCP-189,,Volute,MF420,PT. Bukit Makmur Mandiri Utama,SDJ,BLS,M5153BLS,Blasting Face area,,4,,,,,1.00012E+11,0,,,1,,,,,,,,,
516417,1000122642,60,STCP-189,,Volute,MF420,PT. Bukit Makmur Mandiri Utama,SDJ,HDR,M5153HDR,Supermetal Coating,,8,,,,,1.00012E+11,0,,,1,,,,,,,,,
516418,1000122642,70,STCP-189,,Volute,MF420,PT. Bukit Makmur Mandiri Utama,SDJ,HDR,M5153HDR,Ceramic Coating,,4,,,,,1.00012E+11,0,,,1,,,,,,,,,
516419,1000122642,80,STCP-189,,Volute,MF420,PT. Bukit Makmur Mandiri Utama,SDJ,QC2,M5153QC2,Inspection,,1,,,,,1.00012E+11,0,,,1,,,,,,,,,
466187,1000100826,220,SDFP-80,561-22-73115,Rear Axle Housing,,PT. Putra Perkasa Abadi,Site BIB,WF3,M5153WF3,Weld Flange face RH,,4,,,,,1.0001E+12,,,,1,,,,,,,,,
466188,1000100826,230,SDFP-80,561-22-73115,Rear Axle Housing,,PT. Putra Perkasa Abadi,Site BIB,WF3,M5153WF3,Weld Flange face LH,,4,,,,,1.0001E+12,,,,1,,,,,,,,,
466189,1000100826,240,SDFP-80,561-22-73115,Rear Axle Housing,,PT. Putra Perkasa Abadi,Site BIB,WF3,M5153WF3,Weld Flange face differential contact,,4,,,,,1.0001E+12,,,,1,,,,,,,,,
466160,1000100826,3,SDFP-80,561-22-73115,Rear Axle Housing,,PT. Putra Perkasa Abadi,Site BIB,DIS,M5153DIS,Diss Assembly,,4,,,,,10001008263,,,,1,,,,,,,,,
466159,1000100826,2,SDFP-80,561-22-73115,Rear Axle Housing,,PT. Putra Perkasa Abadi,Site BIB,DIS,M5153DIS,Pre Cleaning,,1,,,,,10001008262,,,,1,,,,,,,,,
466158,1000100826,1,SDFP-80,561-22-73115,Rear Axle Housing,,PT. Putra Perkasa Abadi,Site BIB,PPC,,Receive goods unloading,,1,,,,,10001008261,,,,1,,,,,,,,,
466179,1000100826,130,SDFP-80,561-22-73115,Rear Axle Housing,,PT. Putra Perkasa Abadi,Site BIB,HB,M5153CLT,Strip ID Suspension Bores,,4,,,,,1.0001E+12,,,,1,,,,,,,,,
466178,1000100826,120,SDFP-80,561-22-73115,Rear Axle Housing,,PT. Putra Perkasa Abadi,Site BIB,HB,M5153CLT,Strip ID Lower Radius Rod Bores,,4,,,,,1.0001E+12,,,,1,,,,,,,,,
466177,1000100826,110,SDFP-80,561-22-73115,Rear Axle Housing,,PT. Putra Perkasa Abadi,Site BIB,HB,M5153CLT,Strip ID Upper Radius Rod Bores,,4,,,,,1.0001E+12,,,,1,,,,,,,,,
466176,1000100826,100,SDFP-80,561-22-73115,Rear Axle Housing,,PT. Putra Perkasa Abadi,Site BIB,HB,M5153CLT,Strip ID Differential contact,,3,,,,,1.0001E+12,,,,1,,,,,,,,,
466194,1000100826,290,SDFP-80,561-22-73115,Rear Axle Housing,,PT. Putra Perkasa Abadi,Site BIB,WF3,M5153WF3,Weld All worn out at outer body / Inner Body,,8,,,,,1.0001E+12,,,,1,,,,,,,,,
466163,1000100826,6,SDFP-80,561-22-73115,Rear Axle Housing,,PT. Putra Perkasa Abadi,Site BIB,ASY,M5153ASY,Assembly,,4,,,,,10001008266,,,,1,,,,,,,,,
466164,1000100826,7,SDFP-80,561-22-73115,Rear Axle Housing,,PT. Putra Perkasa Abadi,Site BIB,PP,M5153PAC,Painting and Packing,,4,,,,,10001008267,,,,1,,,,,,,,,
466165,1000100826,8,SDFP-80,561-22-73115,Rear Axle Housing,,PT. Putra Perkasa Abadi,Site BIB,QC2,M5153QC2,Post Inspection,,1,,,,,10001008268,,,,1,,,,,,,,,
466171,1000100826,50,SDFP-80,561-22-73115,Rear Axle Housing,,PT. Putra Perkasa Abadi,Site BIB,HB,M5153CLT,Strip Flange face LH,,2,,,,,1.0001E+11,,,,1,,,,,,,,,
466170,1000100826,40,SDFP-80,561-22-73115,Rear Axle Housing,,PT. Putra Perkasa Abadi,Site BIB,HB,M5153CLT,Strip Flange face RH,,2,,,,,1.0001E+11,,,,1,,,,,,,,,
466168,1000100826,11,SDFP-80,561-22-73115,Rear Axle Housing,,PT. Putra Perkasa Abadi,Site BIB,WF3,M5153WF3,Cut Profile stifener plate,,24,,,,,1.0001E+11,,,,1,,,,,,,,,
466169,1000100826,15,SDFP-80,561-22-73115,Rear Axle Housing,,PT. Putra Perkasa Abadi,Site BIB,DIS,M5153DIS,Remove all bushing ,,1,,,,,1.0001E+11,,,,1,,,,,,,,,
466184,1000100826,210,SDFP-80,561-22-73115,Rear Axle Housing,,PT. Putra Perkasa Abadi,Site BIB,QC2,M5153QC2,Check crack by NDT & deflection after repair crack,,1,,,,,1.0001E+12,,,,1,,,,,,,,,
465862,1000100774,50,SDFP-81,504-4888,Flange Half Differential,,PT. Cipta Kridatama,Site BMB,WM3,M5153WM3,Weld worn out area,,4,,,,,1.0001E+11,,,,1,,,,,,,,,
465863,1000100774,60,SDFP-81,504-4888,Flange Half Differential,,PT. Cipta Kridatama,Site BMB,WM3,M5153WM3,Weld Crack area,,4,,,,,1.0001E+11,,,,1,,,,,,,,,
474171,1000104564,10,SFRM-513,,Frame Ripper,,PT. Cipta Kridatama. ,Site BMB,PPC,,Order Bosses,,0,,,,,1.0001E+11,,,,1,,,,,,,,,
513566,1000120875,30,SHCG-425,-,Head Steering Cylinder Gp,777,"PT. Cipta Kridatama,",Site BIB,SYG,,Machining ex tig weld,,2,,,FINISH,12/26/2025,1.00012E+11,,,,4,,,,,,,,,
465864,1000100774,70,SDFP-81,504-4888,Flange Half Differential,,PT. Cipta Kridatama,Site BMB,MGN1,M5153COR,Machining end face contact area,,4,,,,,1.0001E+11,,,,1,,,,,,,,,
465865,1000100774,80,SDFP-81,504-4888,Flange Half Differential,,PT. Cipta Kridatama,Site BMB,QC2,M5153QC2,Inspection,,1,,,,,1.0001E+11,,,,1,,,,,,,,,
465866,1000100774,90,SDFP-81,504-4888,Flange Half Differential,,PT. Cipta Kridatama,Site BMB,MGN1,M5153COR,Striping OD bearing seat,,0.5,,,,,1.0001E+11,,,,1,,,,,,,,,
465867,1000100774,100,SDFP-81,504-4888,Flange Half Differential,,PT. Cipta Kridatama,Site BMB,MGN1,M5153COR,Striping thrust washer face,,0.5,,,,,1.0001E+12,,,,1,,,,,,,,,
465880,1000100774,230,SDFP-81,504-4888,Flange Half Differential,,PT. Cipta Kridatama,Site BMB,ASY,M5153ASY,Install new dowels,,1.5,,,,,1.0001E+12,,,,1,,,,,,,,,
465881,1000100774,240,SDFP-81,504-4888,Flange Half Differential,,PT. Cipta Kridatama,Site BMB,HB,M5153CLT,Drill to enlarge bolt holes,,7,,,,,1.0001E+12,,,,1,,,,,,,,,
465882,1000100774,250,SDFP-81,504-4888,Flange Half Differential,,PT. Cipta Kridatama,Site BMB,HDR,M5153HDR,Handressing ,,0.5,,,,,1.0001E+12,,,,1,,,,,,,,,
465883,1000100774,260,SDFP-81,504-4888,Flange Half Differential,,PT. Cipta Kridatama,Site BMB,QC2,M5153QC2,Inspection,,0.5,,,,,1.0001E+12,,,,1,,,,,,,,,
465875,1000100774,180,SDFP-81,504-4888,Flange Half Differential,,PT. Cipta Kridatama,Site BMB,MGN1,M5153COR,Machining thrust washer face,,2,,,,,1.0001E+12,,,,1,,,,,,,,,
465874,1000100774,170,SDFP-81,504-4888,Flange Half Differential,,PT. Cipta Kridatama,Site BMB,HB,M5153CLT,Machining retainer faces,,6,,,,,1.0001E+12,,,,1,,,,,,,,,
465873,1000100774,160,SDFP-81,504-4888,Flange Half Differential,,PT. Cipta Kridatama,Site BMB,MTS,M5153MTS,Metal spray retainer faces,,6,,,,,1.0001E+12,,,,1,,,,,,,,,
465861,1000100774,40,SDFP-81,504-4888,Flange Half Differential,,PT. Cipta Kridatama,Site BMB,WM3,M5153WM3,Remove Crack,,2,,,,,1.0001E+11,,,,1,,,,,,,,,
465872,1000100774,150,SDFP-81,504-4888,Flange Half Differential,,PT. Cipta Kridatama,Site BMB,MTS,M5153MTS,Metal spray spyder bores,,6,,,,,1.0001E+12,,,,1,,,,,,,,,
465871,1000100774,140,SDFP-81,504-4888,Flange Half Differential,,PT. Cipta Kridatama,Site BMB,MTS,M5153MTS,Metal spray thrust washer face,,1.5,,,,,1.0001E+12,,,,1,,,,,,,,,
465870,1000100774,130,SDFP-81,504-4888,Flange Half Differential,,PT. Cipta Kridatama,Site BMB,MTS,M5153MTS,Metal spray OD bearing seat,,1.5,,,,,1.0001E+12,,,,1,,,,,,,,,
465869,1000100774,120,SDFP-81,504-4888,Flange Half Differential,,PT. Cipta Kridatama,Site BMB,HB,M5153CLT,Striping retainer faces,,2,,,,,1.0001E+12,,,,1,,,,,,,,,
465868,1000100774,110,SDFP-81,504-4888,Flange Half Differential,,PT. Cipta Kridatama,Site BMB,HB,M5153CLT,Striping spyder bores,,2,,,,,1.0001E+12,,,,1,,,,,,,,,
474881,1000104828,120,SDFP-82,561-22-73115,Rear Axle Housing,,PT. Putra Perkasa Abadi,Site BIB,HB,M5153CLT,Strip ID Lower Radius Rod Bores,,4,,,,,1.0001E+12,,,,1,,,,,,,,,
516420,1000121525,20,SHSG-313,223-4396,Housing As Front Suspension,777G,Cipta Kridatama PT.,BIB,PPC,,Order Gusset,,0,,,,,1.00012E+11,0,,,1,,,,,,,,,
516421,1000121525,30,SHSG-313,223-4396,Housing As Front Suspension,777G,Cipta Kridatama PT.,BIB,WM3,M5153WM3,Remove Gusset,,1,,,,,1.00012E+11,0,,,1,,,,,,,,,
516422,1000121525,40,SHSG-313,223-4396,Housing As Front Suspension,777G,Cipta Kridatama PT.,BIB,RD,M5153RD1,Drill Holes Gusset,,1,,,,,1.00012E+11,0,,,1,,,,,,,,,
516423,1000121525,50,SHSG-313,223-4396,Housing As Front Suspension,777G,Cipta Kridatama PT.,BIB,WM3,M5153WM3,Welding Joint Gusset,,2,,,,,1.00012E+11,0,,,1,,,,,,,,,
516424,1000121525,60,SHSG-313,223-4396,Housing As Front Suspension,777G,Cipta Kridatama PT.,BIB,WM3,M5153WM3,Remove Crack at Mounting Flange,,0.5,,,,,1.00012E+11,0,,,1,,,,,,,,,
474885,1000104828,195,SDFP-82,561-22-73115,Rear Axle Housing,,PT. Putra Perkasa Abadi,Site BIB,WM3,M5153WM3,Drill damage Plug holes,,4,,,,,1.0001E+12,,,,1,,,,,,,,,
516425,1000121525,70,SHSG-313,223-4396,Housing As Front Suspension,777G,Cipta Kridatama PT.,BIB,WM3,M5153WM3,Welding Crack At Mounting Flange,,1,,,,,1.00012E+11,0,,,1,,,,,,,,,
516426,1000121525,80,SHSG-313,223-4396,Housing As Front Suspension,777G,Cipta Kridatama PT.,BIB,HB,M5153CLT,Striping ID Lip Seal,,4,,,,,1.00012E+11,0,,,1,,,,,,,,,
516427,1000121525,90,SHSG-313,223-4396,Housing As Front Suspension,777G,Cipta Kridatama PT.,BIB,HB,M5153CLT,Striping ID Wearing Seat,,6,,,,,1.00012E+11,0,,,1,,,,,,,,,
516428,1000121525,100,SHSG-313,223-4396,Housing As Front Suspension,777G,Cipta Kridatama PT.,BIB,HDR,M5153HDR,Remove Scratch at Inner Surface,,2,,,,,1.00012E+12,0,,,1,,,,,,,,,
516429,1000121525,110,SHSG-313,223-4396,Housing As Front Suspension,777G,Cipta Kridatama PT.,BIB,WM1,M5153WM1,Build UP ID Lip Seal,,4,,,,,1.00012E+12,0,,,1,,,,,,,,,
516430,1000121525,120,SHSG-313,223-4396,Housing As Front Suspension,777G,Cipta Kridatama PT.,BIB,WM1,M5153WM1,Build UP ID Wearing Seat & Stopper Face,,10,,,,,1.00012E+12,0,,,1,,,,,,,,,
516431,1000121525,130,SHSG-313,223-4396,Housing As Front Suspension,777G,Cipta Kridatama PT.,BIB,HB,M5153CLT,Machining  ID Lip Seal,,6,,,,,1.00012E+12,0,,,1,,,,,,,,,
516432,1000121525,140,SHSG-313,223-4396,Housing As Front Suspension,777G,Cipta Kridatama PT.,BIB,HB,M5153CLT,Machining ID Wearing Seat,,8,,,,,1.00012E+12,0,,,1,,,,,,,,,
516433,1000121525,150,SHSG-313,223-4396,Housing As Front Suspension,777G,Cipta Kridatama PT.,BIB,HB,M5153CLT,Check Run Out (Center Line),,1,,,,,1.00012E+12,0,,,1,,,,,,,,,
516434,1000121525,160,SHSG-313,223-4396,Housing As Front Suspension,777G,Cipta Kridatama PT.,BIB,HM,M5153HM1,Honing ID Line Bore,,8,,,,,1.00012E+12,0,,,1,,,,,,,,,
516435,1000121525,170,SHSG-313,223-4396,Housing As Front Suspension,777G,Cipta Kridatama PT.,BIB,HDR,M5153HDR,Hand Taps All Thread Holes,,2,,,,,1.00012E+12,0,,,1,,,,,,,,,
516436,1000121525,180,SHSG-313,223-4396,Housing As Front Suspension,777G,Cipta Kridatama PT.,BIB,HDR,M5153HDR,Handressing,,2,,,,,1.00012E+12,0,,,1,,,,,,,,,
516437,1000121525,190,SHSG-313,223-4396,Housing As Front Suspension,777G,Cipta Kridatama PT.,BIB,QC2,M5153QC2,Final Inspection,,1,,,,,1.00012E+12,0,,,1,,,,,,,,,
474899,1000104828,310,SDFP-82,561-22-73115,Rear Axle Housing,,PT. Putra Perkasa Abadi,Site BIB,WM3,M5153WM3,Weld ID Lower Radius Rod Bores,,4,,,,,1.0001E+12,,,,1,,,,,,,,,
474898,1000104828,300,SDFP-82,561-22-73115,Rear Axle Housing,,PT. Putra Perkasa Abadi,Site BIB,WM3,M5153WM3,Weld ID Upper Radius Rod Bores,,4,,,,,1.0001E+12,,,,1,,,,,,,,,
474897,1000104828,290,SDFP-82,561-22-73115,Rear Axle Housing,,PT. Putra Perkasa Abadi,Site BIB,WM3,M5153WM3,Weld All worn out at outer body / Inner Body,,8,,,,,1.0001E+12,,,,1,,,,,,,,,
474896,1000104828,280,SDFP-82,561-22-73115,Rear Axle Housing,,PT. Putra Perkasa Abadi,Site BIB,WM3,M5153WM3,Weld ID Differential contact,,6,,,,,1.0001E+12,,,,1,,,,,,,,,
474895,1000104828,270,SDFP-82,561-22-73115,Rear Axle Housing,,PT. Putra Perkasa Abadi,Site BIB,WM3,M5153WM3,Flood weld Striped threads holes at flange differential contact,,8,,,,,1.0001E+12,,,,1,,,,,,,,,
474894,1000104828,260,SDFP-82,561-22-73115,Rear Axle Housing,,PT. Putra Perkasa Abadi,Site BIB,WM3,M5153WM3,Flood weld Striped bolt holes at flange LH,,10,,,,,1.0001E+12,,,,1,,,,,,,,,
474865,1000104828,5,SDFP-82,561-22-73115,Rear Axle Housing,,PT. Putra Perkasa Abadi,Site BIB,DIS,M5153DIS,Post Cleaning,,1,,,,,10001048285,,,,1,,,,,,,,,
474864,1000104828,4,SDFP-82,561-22-73115,Rear Axle Housing,,PT. Putra Perkasa Abadi,Site BIB,QC2,M5153QC2,Pre Inspection,,4,,,,,10001048284,,,,1,,,,,,,,,
474913,1000104828,450,SDFP-82,561-22-73115,Rear Axle Housing,,PT. Putra Perkasa Abadi,Site BIB,HDR,M5153HDR,Retap All Threads Holes,,2,,,,,1.0001E+12,,,,1,,,,,,,,,
474914,1000104828,460,SDFP-82,561-22-73115,Rear Axle Housing,,PT. Putra Perkasa Abadi,Site BIB,QC2,M5153QC2,Final Inspection,,1,,,,,1.0001E+12,,,,1,,,,,,,,,
474863,1000104828,3,SDFP-82,561-22-73115,Rear Axle Housing,,PT. Putra Perkasa Abadi,Site BIB,DIS,M5153DIS,Diss Assembly,,4,,,,,10001048283,,,,1,,,,,,,,,
474862,1000104828,2,SDFP-82,561-22-73115,Rear Axle Housing,,PT. Putra Perkasa Abadi,Site BIB,DIS,M5153DIS,Pre Cleaning,,1,,,,,10001048282,,,,1,,,,,,,,,
474861,1000104828,1,SDFP-82,561-22-73115,Rear Axle Housing,,PT. Putra Perkasa Abadi,Site BIB,PPC,,Receive goods unloading,,1,,,,,10001048281,,,,1,,,,,,,,,
474872,1000104828,15,SDFP-82,561-22-73115,Rear Axle Housing,,PT. Putra Perkasa Abadi,Site BIB,DIS,M5153DIS,Remove all bushing ,,1,,,,,1.0001E+11,,,,1,,,,,,,,,
516438,1000121521,20,SHSG-313,101-0868,Piston As Front Suspension,777,PT. Cipta Kridatama,BIB,WM2,M5153WM2,Tig weld Dent / worn out area,,1,,,,,1.00012E+11,0,,,2,,,,,,,,,
516439,1000121521,30,SHSG-313,101-0868,Piston As Front Suspension,777,PT. Cipta Kridatama,BIB,SYG,M5153COR,Light Skim Ex Tig Weld,,2,,,,,1.00012E+11,0,,,2,,,,,,,,,
516440,1000121521,40,SHSG-313,101-0868,Piston As Front Suspension,777,PT. Cipta Kridatama,BIB,HDR,M5153HDR,Handressing,,1,,,,,1.00012E+11,0,,,2,,,,,,,,,
516441,1000121521,50,SHSG-313,101-0868,Piston As Front Suspension,777,PT. Cipta Kridatama,BIB,QC2,M5153QC2,Post Inspection,,0.5,,,,,1.00012E+11,0,,,2,,,,,,,,,
474873,1000104828,40,SDFP-82,561-22-73115,Rear Axle Housing,,PT. Putra Perkasa Abadi,Site BIB,HB,M5153CLT,Strip Flange face RH,,2,,,,,1.0001E+11,,,,1,,,,,,,,,
474869,1000104828,9,SDFP-82,561-22-73115,Rear Axle Housing,,PT. Putra Perkasa Abadi,Site BIB,PPC,,Order stifener plate SS400 T50,,0,,,,,10001048289,,,,1,,,,,,,,,
474870,1000104828,10,SDFP-82,561-22-73115,Rear Axle Housing,,PT. Putra Perkasa Abadi,Site BIB,BSW,M5153BSW,Cut Plug Material,,1,,,,,1.0001E+11,,,,1,,,,,,,,,
474892,1000104828,240,SDFP-82,561-22-73115,Rear Axle Housing,,PT. Putra Perkasa Abadi,Site BIB,WM3,M5153WM3,Weld Flange face differential contact,,4,,,,,1.0001E+12,,,,1,,,,,,,,,
474891,1000104828,230,SDFP-82,561-22-73115,Rear Axle Housing,,PT. Putra Perkasa Abadi,Site BIB,WM3,M5153WM3,Weld Flange face LH,,4,,,,,1.0001E+12,,,,1,,,,,,,,,
474890,1000104828,220,SDFP-82,561-22-73115,Rear Axle Housing,,PT. Putra Perkasa Abadi,Site BIB,WM3,M5153WM3,Weld Flange face RH,,4,,,,,1.0001E+12,,,,1,,,,,,,,,
474889,1000104828,213,SDFP-82,561-22-73115,Rear Axle Housing,,PT. Putra Perkasa Abadi,Site BIB,WM3,M5153WM3,Seting weld joint,,2,,,,,1.0001E+12,,,,1,,,,,,,,,
474888,1000104828,211,SDFP-82,561-22-73115,Rear Axle Housing,,PT. Putra Perkasa Abadi,Site BIB,MGN1,M5153COR,Machining  Plug Insert,,4,,,,,1.0001E+12,,,,1,,,,,,,,,
474887,1000104828,210,SDFP-82,561-22-73115,Rear Axle Housing,,PT. Putra Perkasa Abadi,Site BIB,QC2,M5153QC2,Check crack by NDT & deflection after repair crack,,1,,,,,1.0001E+12,,,,1,,,,,,,,,
474886,1000104828,205,SDFP-82,561-22-73115,Rear Axle Housing,,PT. Putra Perkasa Abadi,Site BIB,WM3,M5153WM3,Weld joint Plug Insert,,4,,,,,1.0001E+12,,,,1,,,,,,,,,
474884,1000104828,180,SDFP-82,561-22-73115,Rear Axle Housing,,PT. Putra Perkasa Abadi,Site BIB,WM3,M5153WM3,Weld crack area,,60,,,,,1.0001E+12,,,,1,,,,,,,,,
474883,1000104828,140,SDFP-82,561-22-73115,Rear Axle Housing,,PT. Putra Perkasa Abadi,Site BIB,WM3,M5153WM3,Remove All Indication crack,,30,,,,,1.0001E+12,,,,1,,,,,,,,,
474874,1000104828,50,SDFP-82,561-22-73115,Rear Axle Housing,,PT. Putra Perkasa Abadi,Site BIB,HB,M5153CLT,Strip Flange face LH,,2,,,,,1.0001E+11,,,,1,,,,,,,,,
474893,1000104828,250,SDFP-82,561-22-73115,Rear Axle Housing,,PT. Putra Perkasa Abadi,Site BIB,WM3,M5153WM3,Flood weld Striped  bolt holes at flange RH,,10,,,,,1.0001E+12,,,,1,,,,,,,,,
474875,1000104828,60,SDFP-82,561-22-73115,Rear Axle Housing,,PT. Putra Perkasa Abadi,Site BIB,HB,M5153CLT,Strip Flange face differential contact,,2,,,,,1.0001E+11,,,,1,,,,,,,,,
474876,1000104828,70,SDFP-82,561-22-73115,Rear Axle Housing,,PT. Putra Perkasa Abadi,Site BIB,HB,M5153CLT,Strip bolt holes at flange RH,,10,,,,,1.0001E+11,,,,1,,,,,,,,,
513977,1000121518,20,SWRP-748,177-1605 / 109-5508,Anchor Brake Rear,773,"PT. Cipta Kridatama,",Site BIB,WM2,M5153WM2,Tig weld worn out face,,6,,,FINISH,12/27/2025,1.00012E+11,0,,,1,,,,,,,,,
516474,320008613,1606,SHCG-442,605-4481,Rod Side Shift Cylinder,14M,Cipta Kridatama PT.,BIB,MM,M5153GML,Skim Face ex welding joint,,2,,,FINISH,12/29/2025,3.20009E+12,0,,,5,,,,,,,,,
510971,1000120119,10,BHSC-1111,,Piston Hoist Cylinder,,,,,,Assembly,,1,,,,,1.00012E+11,,,,1,,,update,2/2/2026,2/2/2026,2/1/2026,2/5/2026,1,66
516476,1000122684,30,SHSG-301,,Piston As Front Suspension,777G,PT. Cipta Kridatama,Site BIB,SYG,M5153COR,Machining face 2,,1,,,FINISH,12/31/2025,1.00012E+11,0,,,3,,,,,,,,,
516502,1000122687,150,SHSG-301,,Housing Front Suspension,777G,PT. Cipta Kridatama,Site BIB,HDR,,Handressing,,2,,,FINISH,1/21/2026,1.00012E+12,0,,,5,,,,,,,,,
516518,1000122679,40,SHSG-310,,Gland As Front Suspension,773,PT. Cipta Kridatama,Site BIB,HDR,,Handressing,,1,,,FINISH,1/7/2026,1.00012E+11,0,,,4,,,,,,,,,
516550,1000122689,30,SHSG-314,,Piston As Front Suspension,773,PT. Cipta Kridatama,Site BIB,SYG,,Machining Ex Tig Weld,,2,,,FINISH,1/5/2026,1.00012E+11,0,,,1,,,,,,,,,
516566,1000122692,90,SHSG-314,,Rod Front Suspension,773,PT. Cipta Kridatama,Site BIB,MGN1,,Machining Ex welding OD rod,,6,,,FINISH,1/20/2026,1.00012E+11,0,,,4,,,,,,,,,
489075,1000110826,70,SDFP-95,504-4888,Flange Half Differential,,PT. Cipta Kridatama ,Site BMB,MGN1,M5153COR,Machining end face contact area,,4,,,FINISH,10/2/2025,1.00011E+11,,,,1,,,,,,,,,
489086,1000110826,180,SDFP-95,504-4888,Flange Half Differential,,PT. Cipta Kridatama ,Site BMB,MGN1,M5153COR,Machining thrust washer face,,4,,,FINISH,10/2/2025,1.00011E+12,,,,1,,,,,,,,,
516611,1000122698,30,SHSG-315,,Rod Front Suspension,773,PT. Cipta Kridatama,Site BIB,MGN1,MGN1,Strip OD rod ,,4,,,FINISH,12/31/2025,1.00012E+11,0,,,4,,,,,,,,,
516617,1000122698,90,SHSG-315,,Rod Front Suspension,773,PT. Cipta Kridatama,Site BIB,MGN1,MGN1,Machining Ex welding OD rod,,6,,,FINISH,1/16/2026,1.00012E+11,0,,,4,,,,,,,,,
516621,1000122698,130,SHSG-315,,Rod Front Suspension,773,PT. Cipta Kridatama,Site BIB,HCP2,HCP2,Hardchrome OD Of Rod,,8,,,FINISH,1/19/2026,1.00012E+12,0,,,4,,,,,,,,,
516623,1000122698,150,SHSG-315,,Rod Front Suspension,773,PT. Cipta Kridatama,Site BIB,HDR,HDR,Re-Tap All Thread holes,,1,,,FINISH,1/22/2026,1.00012E+12,0,,,4,,,,,,,,,
516627,1000122699,30,SHSG-315,,Liner As Front Suspension,773,PT. Cipta Kridatama,Site BIB,SYG,,"Machining ID, OD, Face Liner",,6,,,FINISH,1/24/2026,1.00012E+11,0,,,5,,,,,,,,,
516653,1000122703,30,SHSG-316,,Head As Front Suspension,777G,PT. Cipta Kridatama,Site BIB,SAW,,Weld OD stub,,3,,,FINISH,1/7/2026,1.00012E+11,0,,,1,,,,,,,,,
516698,1000122708,30,SHSG-317,,Piston As Front Suspension,777G,PT. Cipta Kridatama,Site BIB,SYG,,Light Skim Ex Tig Weld,,2,,,FINISH,1/5/2026,1.00012E+11,0,,,1,,,,,,,,,
516699,1000122708,40,SHSG-317,,Piston As Front Suspension,777G,PT. Cipta Kridatama,Site BIB,HDR,,Handressing,,1,,,FINISH,1/5/2026,1.00012E+11,0,,,1,,,,,,,,,
516707,1000122710,40,SHSG-317,,Head As Front Suspension,777G,PT. Cipta Kridatama,Site BIB,SYG,,Machining OD stub,,4,,,FINISH,1/6/2026,1.00012E+11,0,,,3,,,,,,,,,
516730,1000122712,90,SHSG-317,,Rod as Front Suspension,777G,PT. Cipta Kridatama,Site BIB,MGN1,,Machining Ex welding OD rod,,6,,,FINISH,1/7/2026,1.00012E+11,0,,,5,,,,,,,,,
516731,1000122712,100,SHSG-317,,Rod as Front Suspension,777G,PT. Cipta Kridatama,Site BIB,RD,,Re-Drill ball seat hole area,,2,,,FINISH,1/16/2026,1.00012E+12,0,,,5,,,,,,,,,
516861,1000122702,120,SHSP-568,,Rod as Front Suspension,777,PT. Cipta Kridatama,Site BIB,MGN1,,Machining Ex Welding Crack,,4,,,FINISH,1/16/2026,1.00012E+12,0,,,1,,,,,,,,,
516877,1000122713,70,SHSP-569,,Rod as Front Suspension,777,PT. Cipta Kridatama,Site BIB,WM3,,Weld Build Up OD rod,,12,,,FINISH,1/20/2026,1.00012E+11,0,,,1,,,,,,,,,
516884,1000122713,140,SHSP-569,,Rod as Front Suspension,777,PT. Cipta Kridatama,Site BIB,POL1,,Final Polish OD rod,,4,,,FINISH,1/22/2026,1.00012E+12,0,,,1,,,,,,,,,
500183,1000116598,70,SHCG-386,8J-9431,Housing Hoist Cylinder,,PT. Cipta Kridatama,Site BMB,BSW,M5153BSW,Cut off tube from eye,,2,,,FINISH,12/29/2025,1.00012E+11,,,,6,,,,,,,,,
516893,1000122714,60,SHSP-570,,Rod as Front Suspension,777,PT. Cipta Kridatama,Site BIB,WM3,,Weld Worn At ID Ball Seat Hole and Piston seat face,,2,,,FINISH,1/8/2026,1.00012E+11,0,,,1,,,,,,,,,
516896,1000122714,90,SHSP-570,,Rod as Front Suspension,777,PT. Cipta Kridatama,Site BIB,MGN1,,Machining Ex welding OD rod,,6,,,FINISH,1/8/2026,1.00012E+11,0,,,1,,,,,,,,,
516900,1000122714,130,SHSP-570,,Rod as Front Suspension,777,PT. Cipta Kridatama,Site BIB,HCP2,,Hardchrome OD Of Rod,,8,,,FINISH,1/24/2026,1.00012E+12,0,,,1,,,,,,,,,
516917,1000122683,130,SWRP-770,,Piston Parking Brake,773,PT. Cipta Kridatama,Site BIB,MGN1,,Machining OD seal contact area,,4,,,FINISH,1/13/2026,1.00012E+12,0,,,1,,,,,,,,,
516928,1000122715,90,SWRP-773,,Housing Wheel Brake,14M3,"PT. Cipta Kridatama,",Site BIB,RD,,Drill bolt holes Ring Duo Cone,,4,,,FINISH,1/6/2026,1.00012E+11,0,,,1,,,,,,,,,
516940,1000122716,60,SWRP-774,,Housing Inner Final Drive,14M,"PT. Cipta Kridatama,",Site BIB,MGN2,,Striping Bearing and Seal Seat for sleeved,,3,,,FINISH,1/5/2026,1.00012E+11,0,,,1,,,,,,,,,
516937,1000122716,30,SWRP-774,,Housing Inner Final Drive,14M,"PT. Cipta Kridatama,",Site BIB,WM3,,Remove Bearing and Seal,,2,,,FINISH,1/5/2026,1.00012E+11,0,,,1,,,,,,,,,
516943,1000122716,90,SWRP-774,,Housing Inner Final Drive,14M,"PT. Cipta Kridatama,",Site BIB,MGN1,,Machining bearing seat,,4,,,FINISH,1/12/2026,1.00012E+11,0,,,1,,,,,,,,,
516944,1000122716,100,SWRP-774,,Housing Inner Final Drive,14M,"PT. Cipta Kridatama,",Site BIB,MGN1,,Machining Seal seat,,4,,,FINISH,1/12/2026,1.00012E+12,0,,,1,,,,,,,,,
516961,1000122669,60,SHCG-430,,Housing Articulation Cylinder ,14M,Cipta Kridatama PT.,BMB,BSW,,Cut tube housing,,2,,,FINISH,1/8/2026,1.00012E+11,0,,,2,,,,,,,,,
516963,1000122669,80,SHCG-430,,Housing Articulation Cylinder ,14M,Cipta Kridatama PT.,BMB,SYG,,Machining Profile Joint Tube,,4,,,FINISH,1/10/2026,1.00012E+11,0,,,2,,,,,,,,,
516972,1000122669,170,SHCG-430,,Housing Articulation Cylinder ,14M,Cipta Kridatama PT.,BMB,HB,,Machining Face eye,,4,,,FINISH,1/16/2026,1.00012E+12,0,,,2,,,,,,,,,
516976,1000122669,210,SHCG-430,,Housing Articulation Cylinder ,14M,Cipta Kridatama PT.,BMB,HM,,Honing ID housing,,8,,,FINISH,1/20/2026,1.00012E+12,0,,,2,,,,,,,,,
516983,1000122670,60,SHCG-430,,Rod Articulation Cylinder ,14M,Cipta Kridatama PT.,BMB,MGN1,,Machining Sleeve ID Eye ,,4,,,FINISH,1/22/2026,1.00012E+11,0,,,3,,,,,,,,,
516995,1000122670,180,SHCG-430,,Rod Articulation Cylinder ,14M,Cipta Kridatama PT.,BMB,SYG,,Machining ID Thread,,2,,,FINISH,1/23/2026,1.00012E+12,0,,,3,,,,,,,,,
498421,1000115834,250,SHCG-349,,Rod As Stick Arm Cylinder,,PT. Cipta Kridatama,Site BMB,MGN1,M5153COR,Machining OD Rod,,50,,,FINISH,12/29/2025,1.00012E+12,,,,2,,,,,,,,,
498404,1000115834,80,SHCG-349,,Rod As Stick Arm Cylinder,,PT. Cipta Kridatama,Site BMB,SAW,M5153SW1,Weld Joint Eye to Rod,,12,,,FINISH,12/30/2025,1.00012E+11,,,,2,,,,,,,,,
517030,1000122688,60,SWRP-772,284-5044,Spindle Wheel Brake,14M,"PT. Cipta Kridatama,",Site BIB,MTS,M5153MTS,Metal spray ID bearing Seat 2,,2,,,FINISH,12/31/2025,1.00012E+11,0,,,1,,,,,,,,,
517038,320008546,1607,SHSP-559,223-9657,Rod Front Suspension,777,Cipta Kridatama PT.,BIB,MGN1,,Skim ex Tig Weld,,4,,,FINISH,1/20/2026,3.20009E+12,0,,,2,,,,,,,,,
517047,1000122763,30,SHCP-333,267-4673,Rod Lift Cylinder ,908H,PT. Trakindo Utama,Adaro,POL1,M5153PL1,Pre polish OD rod prior to chrome,,4,,,FINISH,1/7/2026,1.00012E+11,0,,,1,,,,,,,,,
517049,1000122763,50,SHCP-333,267-4673,Rod Lift Cylinder ,908H,PT. Trakindo Utama,Adaro,POL2,M5153PL2,Final Polish OD rod,,4,,,FINISH,1/7/2026,1.00012E+11,0,,,1,,,,,,,,,
492407,1000112673,120,SHCP-285,363-1685,Housing Stick Cylinder,,PT. Cipta Kridatama,Siite BIB,MGN1,M5153COR,Machining profile joint tube prior to joint,,8,,,FINISH,12/30/2025,1.00011E+12,,,,1,,,,,,,,,
517063,1000122802,135,SFRM-800,,Fabricate Plug and filter fuel tank,,PT. Bukit Makmur Mandiri Utama,SDJ,SYG,M5153COR,"Machining ID, OD",,2,,,FINISH,1/10/2026,1.00012E+12,0,,,1,,,,,,,,,
517059,1000122802,50,SFRM-800,,Fabricate Plug and filter fuel tank,,PT. Bukit Makmur Mandiri Utama,SDJ,HDR,M5153HDR,Handerssing,,1,,,FINISH,1/10/2026,1.00012E+11,0,,,1,,,,,,,,,
517077,1000122801,90,SHSP-571,225-3902,Rod As Rear Suspension,777,PT. Cipta Kridatama,BMB,RD,M5153RD1,Re-Drill Orifice hole & Drill Ball Valve holes,,2,,,FINISH,1/13/2026,1.00012E+11,0,,,1,,,,,,,,,
517089,1000122800,60,STCP-192,MK584485H7A,Front Door,MF420,PT. Bukit Makmur Mandiri Utama,SDJ,VTL,M5153VTL,Machining front door prior to install plate,,30,,,FINISH,1/6/2026,1.00012E+11,0,,,1,,,,,,,,,
517091,1000122800,80,STCP-192,MK584485H7A,Front Door,MF420,PT. Bukit Makmur Mandiri Utama,SDJ,WM3,M5153WM3,Weld joint to install plate,,10,,,FINISH,1/10/2026,1.00012E+11,0,,,1,,,,,,,,,
517097,1000122800,140,STCP-192,MK584485H7A,Front Door,MF420,PT. Bukit Makmur Mandiri Utama,SDJ,HDR,M5153HDR,Ceramic Coating,,4,,,FINISH,1/23/2026,1.00012E+12,0,,,1,,1 box Ceramic Coating,,,,,,,
500186,1000116598,100,SHCG-386,8J-9431,Housing Hoist Cylinder,,PT. Cipta Kridatama,Site BMB,MGN1,M5153COR,Machining profile joint flange prior to joint,,4,,,FINISH,1/3/2026,1.00012E+12,,,,6,,,,,,,,,
517103,1000122805,60,SFRM-796,195-7595,Housing Base Filter ,777,PT. Cipta Kridatama,BMB,SYG,M5153COR,"Manufacture bosses thread 1/2""-13",,4,,,FINISH,1/6/2026,1.00012E+11,0,,,1,,,,,,,,,
517131,1000122844,20,SHSP-70-II,,Rod Front Suspension,773,Cipta Kridatama PT.,BIB,HCP1,M5153CP1,Strip OD rod (Dechrome),,4,,,FINISH,1/8/2026,1.00012E+11,0,,,1,,,,,,,,,
517138,1000122844,130,SHSP-70-II,,Rod Front Suspension,773,Cipta Kridatama PT.,BIB,MGN1,M5153COR,Machining Ex welding OD rod,,6,,,FINISH,1/20/2026,1.00012E+12,0,,,1,,,,,,,,,
513439,1000120936,190,SWRP-732,8X-9576,Wheel Hub Rear,773E,PT. Cipta Kridatama,Site BIB,VTL,,Machining bearing cup seat A,,8,,,FINISH,1/5/2026,1.00012E+12,,,,1,,,,,,,,,
515331,1000121915,250,SHCG-438,,Housing As Bucket Cylinder,6015,PT. Cipta Kridatama,Site BMB,HDR,,Handressing,,1,,,FINISH,1/6/2026,1.00012E+12,,,,4,,,,,,,,,
517162,320008621,1602,SFRM-785,434-7923,A Frame,777,Cipta Kridatama PT.,BMB,WM3,M5153WM3,Build Up Bolt Holes,,6,,,FINISH,1/6/2026,3.20009E+12,0,,,2,,,,,,,,,
517163,320008621,1603,SFRM-785,434-7923,A Frame,777,Cipta Kridatama PT.,BMB,HB,M5153CLT,Drill ID Bolt Holes,,8,,,FINISH,1/19/2026,3.20009E+12,0,,,2,,,,,,,,,
513597,1000120989,20,GS 11,GS,GS,PO GENERAL SERVICE PERIODE NOVEMBER 2025,PT Sanggar Sarana Baja,GS,ASY,,Assembly,,1,,,FINISH,12/11/2025,1.00012E+11,,,,1,,,,,,,,,
513596,1000120989,10,GS 11,GS,GS,PO GENERAL SERVICE PERIODE NOVEMBER 2025,PT Sanggar Sarana Baja,GS,DIS,,Disassembly,,1,,,FINISH,12/30/2025,1.00012E+11,,,,1,,,,,,,,,
513598,1000120989,30,GS 11,GS,GS,PO GENERAL SERVICE PERIODE NOVEMBER 2025,PT Sanggar Sarana Baja,GS,QC1,,Pre Inspection,,1,,,FINISH,11/28/2025,1.00012E+11,,,,1,,,,,,,,,
513599,1000120989,40,GS 11,GS,GS,PO GENERAL SERVICE PERIODE NOVEMBER 2025,PT Sanggar Sarana Baja,GS,PP,,Painting Packing,,1,,,FINISH,1/19/2026,1.00012E+11,,,,1,,,,,,,,,
517170,1000122850,30,STCP-188,,Impeller,MF420,PT. Bukit Makmur Mandiri Utama,SDJ,MGN1,M5153COR,Machining surface contact face,,25,,,FINISH,1/16/2026,1.00012E+11,0,,,1,,,,,,,,,
517173,1000122850,60,STCP-188,,Impeller,MF420,PT. Bukit Makmur Mandiri Utama,SDJ,HDR,M5153HDR,Supermetal Coating,,8,,,FINISH,1/24/2026,1.00012E+11,0,,,1,,,,,,,,,
513630,1000121332,30,SDFP-135,,Spider As,870,PT. Swadaya Buana Makmur,Jhonlin Baratama,RD,,Drill Grease hole,,2,,,FINISH,11/13/2025,1.00012E+11,,,,1,,,,,,,,,
517178,320008627,1601,SHCG-326,8J-9431,Housing As Hoist Cylinder,777D,Cipta Kridatama PT.,Site BMB,HB,M5153CLT,Strip ID eye,,2,,,FINISH,1/9/2026,3.20009E+12,0,,,7,,,,,,,,,
517183,1000122862,30,G/S-01-2026,,G/S,PO GENERAL SERVICE PERIODE OCTOBER 2025,PT Sanggar Sarana Baja,Site Sebamban,ASY,M5153ASY,General Service Assembly,,1,,,FINISH,1/13/2026,1.00012E+11,0,,,1,,,,,,,,,
517184,1000122862,40,G/S-01-2026,,G/S,PO GENERAL SERVICE PERIODE OCTOBER 2025,PT Sanggar Sarana Baja,Site Sebamban,PP,M5153PAC,General Service Painting & Packing,,1,,,FINISH,1/14/2026,1.00012E+11,0,,,1,,,,,,,,,
517181,1000122862,10,G/S-01-2026,,G/S,PO GENERAL SERVICE PERIODE OCTOBER 2025,PT Sanggar Sarana Baja,Site Sebamban,CLN,M5153CLN,General Service Dissasembly & cleaning,,1,,,FINISH,1/22/2026,1.00012E+11,0,,,1,,,,,,,,,
517191,1000122863,30,PROJECT-01-2026,,PO PROJECT PERIODE JANUARI 2025,Project,PT Sanggar Sarana Baja,Site Sebamban,WF3,M5153WF3,Welding,,1,,,FINISH,1/8/2026,1.00012E+11,0,,,1,,,,,,,,,
517204,320008382,1610,SHCG-349,,Rod As Stick Arm Cylinder,6015,Cipta Kridatama PT.,BMB,POL1,,Polish OD Rod ,,6,,,FINISH,1/9/2026,3.20008E+12,0,,,5,,,,,,,,,
514140,1000120990,160,PROJECT 11,,Project,PO PROJECT PERIODE NOVEMBER 2025,PT Sanggar Sarana Baja,Internal Project,PP,,Painting Packing,,1,,,FINISH,12/13/2025,1.00012E+12,,,,1,,,,,,,,,
515220,1000121445,110,SHCG-440,,Rod as Steering Cylinder,773,PT. Cipta Kridatama,BIB,BSW,,Cut Off Rod From eye,,1,,,FINISH,1/7/2026,1.00012E+12,,,,2,,,,,,,,,
517257,1000120229,170,SUCG-267,167-1128,Slider 1,6015,"PT. Cipta Kridatama,",Site BIB,HDR,M5153HDR,Deburr after machining process,,2,,,FINISH,1/8/2026,1.00012E+12,0,,,2,,,,,,,,,
517278,1000120254,40,SUCG-267,123-1227,Shaft,6015,"PT. Cipta Kridatama,",Site BIB,RD,M5153RD1,Drill Pin Holes,,20,,,FINISH,1/9/2026,1.00012E+11,0,,,4,,,,,,,,,
479055,1000106215,90,SHSP-405,223-4417/6E-1972/0R3691,Rod As Front Suspension,773,PT. Cipta kridatama,Site BIB,SYG,M5153COR,Machining ex welding OD & taper area,,15,,,FINISH,1/19/2026,1.00011E+11,0,,,1,,Reuse & Salvage Guidliene SEBF8072-22 2014,,,,,,,
514212,1000121517,90,SFRM-256-I,-,Frame Ripper,D9R,PT. Cipta Kridatama,Site BMB,LBP,,Machining ID,,80,,,FINISH,11/28/2025,1.00012E+11,,,,1,,,,,,,,,
517375,1000122933,40,SFRM-249-I,310-6112,A Frame,773,PT. Cipta Kridatama,BIB,MGN1,M5153COR,Manufacture sleeve ID Eye bore & threading nut seat,,8,,,FINISH,1/10/2026,1.00012E+11,0,,,1,,,,,,,,,
517374,1000122933,30,SFRM-249-I,310-6112,A Frame,773,PT. Cipta Kridatama,BIB,PRM2,M5153PRM2,Cut Material,,2,,,FINISH,1/14/2026,1.00012E+11,0,,,1,,,,,,,,,
517390,1000122938,20,SFRM-803,187-3579,Manufacturing Spacer Bearing (2pcs),,PT. Trakindo Utama,Batulicin,PPC,PPC,Order Material Plate,,0,,,,,1.00012E+11,0,,,1,,2x A572 120x120x16,,,,,,,
517391,1000122938,30,SFRM-803,187-3579,Manufacturing Spacer Bearing (2pcs),,PT. Trakindo Utama,Batulicin,PRM2,M5153PRM2,Cutting Plate and profil materials,,1,,,,,1.00012E+11,0,,,1,,,,,,,,,
517392,1000122938,40,SFRM-803,187-3579,Manufacturing Spacer Bearing (2pcs),,PT. Trakindo Utama,Batulicin,SYG,M5153COR,"Machining ID, OD, Face",,4,,,FINISH,1/13/2026,1.00012E+11,0,,,1,,,,,,,,,
453052,1000097234,180,SFRM-368,575-7138,Linkage As Bearing,,PT.  Cipta Kridatama,Site BMB,HDR,M5153HDR,Re-Tap All Threads holes,,1,,,,,1.0001E+12,,,,1,,,,,,,,,
453042,1000097234,80,SFRM-368,575-7138,Linkage As Bearing,,PT.  Cipta Kridatama,Site BMB,HB,M5153CLT,Strip ID eye A,,2,,,,,1.0001E+11,,,,1,,,,,,,,,
453035,1000097234,10,SFRM-368,575-7138,Linkage As Bearing,,PT.  Cipta Kridatama,Site BMB,WF3,M5153WF3,Remove Broken Bolt,,1,,,,,1.0001E+11,,,,1,,,,,,,,,
453049,1000097234,150,SFRM-368,575-7138,Linkage As Bearing,,PT.  Cipta Kridatama,Site BMB,HB,M5153CLT,Machine ID eye B,,4,,,,,1.0001E+12,,,,1,,,,,,,,,
453036,1000097234,20,SFRM-368,575-7138,Linkage As Bearing,,PT.  Cipta Kridatama,Site BMB,WF3,M5153WF3,Remove Damage Bosses,,1,,,,,1.0001E+11,,,,1,,,,,,,,,
453051,1000097234,170,SFRM-368,575-7138,Linkage As Bearing,,PT.  Cipta Kridatama,Site BMB,HB,M5153CLT,Machine face of Eye B,,4,,,,,1.0001E+12,,,,1,,,,,,,,,
453043,1000097234,90,SFRM-368,575-7138,Linkage As Bearing,,PT.  Cipta Kridatama,Site BMB,HB,M5153CLT,Strip ID eye B,,2,,,,,1.0001E+11,,,,1,,,,,,,,,
453050,1000097234,160,SFRM-368,575-7138,Linkage As Bearing,,PT.  Cipta Kridatama,Site BMB,HB,M5153CLT,Machine face of Eye A,,4,,,,,1.0001E+12,,,,1,,,,,,,,,
453046,1000097234,120,SFRM-368,575-7138,Linkage As Bearing,,PT.  Cipta Kridatama,Site BMB,WF3,M5153WF3,Weld face of Eye A,,2,,,,,1.0001E+12,,,,1,,,,,,,,,
453047,1000097234,130,SFRM-368,575-7138,Linkage As Bearing,,PT.  Cipta Kridatama,Site BMB,WF3,M5153WF3,Weld face of Eye B,,2,,,,,1.0001E+12,,,,1,,,,,,,,,
453038,1000097234,40,SFRM-368,575-7138,Linkage As Bearing,,PT.  Cipta Kridatama,Site BMB,WF3,M5153WF3,Replace Bosses,,1,,,,,1.0001E+11,,,,1,,,,,,,,,
453045,1000097234,110,SFRM-368,575-7138,Linkage As Bearing,,PT.  Cipta Kridatama,Site BMB,WM1,M5153WM1,Weld Build Up ID eye B,,2,,,,,1.0001E+12,,,,1,,,,,,,,,
453094,1000097236,180,SFRM-370,,H Link,,PT. Cipta Kridatama,Site BMB,HDR,M5153HDR,Handressing,,4,,,,,1.0001E+12,,,,1,,,,,,,,,
453083,1000097236,70,SFRM-370,,H Link,,PT. Cipta Kridatama,Site BMB,HB,M5153CLT,Stripping ID Bearing seat B and Both Faces,,6,,,,,1.0001E+11,,,,1,,,,,,,,,
514261,1000121911,10,SDFP-133,,Plain Half Differential,773,PT. Trakindo Utama,Site Adaro,PPC,,Replace dowel supply by customer,,0,,,,,1.00012E+11,,,,1,,,,,,,,,
514262,1000121911,20,SDFP-133,,Plain Half Differential,773,PT. Trakindo Utama,Site Adaro,CLN,,Remove dowel,,3,,,,,1.00012E+11,,,,1,,,,,,,,,
514263,1000121911,30,SDFP-133,,Plain Half Differential,773,PT. Trakindo Utama,Site Adaro,WM2,,Weld worn out area,,6,,,,,1.00012E+11,,,,1,,,,,,,,,
514273,1000121911,130,SDFP-133,,Plain Half Differential,773,PT. Trakindo Utama,Site Adaro,MGN1,,Machining thrust washer face,,3,,,FINISH,12/5/2025,1.00012E+12,,,,1,,,,,,,,,
514278,1000121911,180,SDFP-133,,Plain Half Differential,773,PT. Trakindo Utama,Site Adaro,HDR,,Handressing ,,1,,,FINISH,12/6/2025,1.00012E+12,,,,1,,,,,,,,,
514264,1000121911,40,SDFP-133,,Plain Half Differential,773,PT. Trakindo Utama,Site Adaro,MGN1,,Machining end face contact area,,2,,,,,1.00012E+11,,,,1,,,,,,,,,
514265,1000121911,50,SDFP-133,,Plain Half Differential,773,PT. Trakindo Utama,Site Adaro,QC2,,Inspection,,1,,,,,1.00012E+11,,,,1,,,,,,,,,
514266,1000121911,60,SDFP-133,,Plain Half Differential,773,PT. Trakindo Utama,Site Adaro,MGN1,,Striping OD bearing seat,,1,,,,,1.00012E+11,,,,1,,,,,,,,,
514267,1000121911,70,SDFP-133,,Plain Half Differential,773,PT. Trakindo Utama,Site Adaro,MGN1,,Striping thrust washer face,,1,,,,,1.00012E+11,,,,1,,,,,,,,,
514268,1000121911,80,SDFP-133,,Plain Half Differential,773,PT. Trakindo Utama,Site Adaro,QC2,,Check crack,,1,,,,,1.00012E+11,,,,1,,,,,,,,,
514269,1000121911,90,SDFP-133,,Plain Half Differential,773,PT. Trakindo Utama,Site Adaro,BLS,,Blasting,,1,,,,,1.00012E+11,,,,1,,,,,,,,,
514270,1000121911,100,SDFP-133,,Plain Half Differential,773,PT. Trakindo Utama,Site Adaro,MTS,,Metal spray OD bearing seat,,3,,,,,1.00012E+12,,,,1,,,,,,,,,
453084,1000097236,80,SFRM-370,,H Link,,PT. Cipta Kridatama,Site BMB,HB,M5153CLT,Stripping ID Bearing seat C,,4,,,,,1.0001E+11,,,,1,,,,,,,,,
453085,1000097236,90,SFRM-370,,H Link,,PT. Cipta Kridatama,Site BMB,HB,M5153CLT,Stripping ID Bearing seat D,,4,,,,,1.0001E+11,,,,1,,,,,,,,,
453086,1000097236,100,SFRM-370,,H Link,,PT. Cipta Kridatama,Site BMB,WM1,M5153WM1,Welding (ID Weld) Bearing seat A and Both Faces,,12,,,,,1.0001E+12,,,,1,,,,,,,,,
453087,1000097236,110,SFRM-370,,H Link,,PT. Cipta Kridatama,Site BMB,WM1,M5153WM1,Welding (ID Weld) Bearing seat B and Both Faces,,12,,,,,1.0001E+12,,,,1,,,,,,,,,
453088,1000097236,120,SFRM-370,,H Link,,PT. Cipta Kridatama,Site BMB,WM1,M5153WM1,Welding (ID Weld) Bearing seat C,,8,,,,,1.0001E+12,,,,1,,,,,,,,,
453089,1000097236,130,SFRM-370,,H Link,,PT. Cipta Kridatama,Site BMB,WM1,M5153WM1,Welding (ID Weld) Bearing seat D,,8,,,,,1.0001E+12,,,,1,,,,,,,,,
453090,1000097236,140,SFRM-370,,H Link,,PT. Cipta Kridatama,Site BMB,LBP,M5153LBP,Maching ID Bearing seat A and Both Faces,,10,,,,,1.0001E+12,,,,1,,,,,,,,,
453091,1000097236,150,SFRM-370,,H Link,,PT. Cipta Kridatama,Site BMB,LBP,M5153LBP,Maching ID Bearing seat B and Both Faces,,10,,,,,1.0001E+12,,,,1,,,,,,,,,
453092,1000097236,160,SFRM-370,,H Link,,PT. Cipta Kridatama,Site BMB,LBP,M5153LBP,Maching ID Bearing seat C,,6,,,,,1.0001E+12,,,,1,,,,,,,,,
453093,1000097236,170,SFRM-370,,H Link,,PT. Cipta Kridatama,Site BMB,LBP,M5153LBP,Maching ID Bearing seat D,,6,,,,,1.0001E+12,,,,1,,,,,,,,,
453075,1000097236,7,SFRM-370,,H Link,,PT. Cipta Kridatama,Site BMB,DIS,M5153DIS,Remove Bearing,,2,,,,,10000972367,,,,1,,,,,,,,,
453076,1000097236,10,SFRM-370,,H Link,,PT. Cipta Kridatama,Site BMB,WF3,M5153WF3,Remove Broken bolt,,1,,,,,1.0001E+11,,,,1,,,,,,,,,
453077,1000097236,20,SFRM-370,,H Link,,PT. Cipta Kridatama,Site BMB,WF3,M5153WF3,Remove Bosses,,1,,,,,1.0001E+11,,,,1,,,,,,,,,
517395,320008640,1601,SHSG-306,271-7478,Rod as Front Suspension,777G,Cipta Kridatama PT.,BIB,MGN1,M5153COR,Remove porosity area,,2,,,,,3.20009E+12,0,,,6,,,,,,,,,
517396,320008640,1602,SHSG-306,271-7478,Rod as Front Suspension,777G,Cipta Kridatama PT.,BIB,WM3,M5153WM3,Pre Heat  Local Area,,3,,,,,3.20009E+12,0,,,6,,WAJIB DILAKUKAN,,,,,,,
453079,1000097236,40,SFRM-370,,H Link,,PT. Cipta Kridatama,Site BMB,WF3,M5153WF3,Weld crack. removed weld excess. Clean/Buffing Area and Make Sure that Corossion has Removed,,10,,,,,1.0001E+11,,,,1,,,,,,,,,
453080,1000097236,45,SFRM-370,,H Link,,PT. Cipta Kridatama,Site BMB,WM2,M5153WM2,Weld dent,,2,,,,,1.0001E+11,,,,1,,,,,,,,,
453081,1000097236,50,SFRM-370,,H Link,,PT. Cipta Kridatama,Site BMB,WF3,M5153WF3,Weld Joint,,20,,,,,1.0001E+11,,,,1,,,,,,,,,
453082,1000097236,60,SFRM-370,,H Link,,PT. Cipta Kridatama,Site BMB,HB,M5153CLT,Stripping ID Bearing seat A and Both Faces,,6,,,,,1.0001E+11,,,,1,,,,,,,,,
453095,1000097236,190,SFRM-370,,H Link,,PT. Cipta Kridatama,Site BMB,HDR,M5153HDR,Painting ( Yellow paint caterpilar),,2,,,,,1.0001E+12,,,,1,,,,,,,,,
453096,1000097236,200,SFRM-370,,H Link,,PT. Cipta Kridatama,Site BMB,QC2,M5153QC2,Inspection,,1,,,,,1.0001E+12,,,,1,,,,,,,,,
453101,1000097365,50,SFRM-374,,Fabricate Pin Dump Body 777 (1 Ea),,PT. Cipta Kridatama ,Site BMB,WF3,M5153WF3,Joint Handle,,0.5,,,,,1.0001E+11,,,,1,,,,,,,,,
453102,1000097365,60,SFRM-374,,Fabricate Pin Dump Body 777 (1 Ea),,PT. Cipta Kridatama ,Site BMB,HDR,M5153HDR,HDR,,1,,,,,1.0001E+11,,,,1,,,,,,,,,
517397,320008640,1603,SHSG-306,271-7478,Rod as Front Suspension,777G,Cipta Kridatama PT.,BIB,WM3,M5153WM3,Build up Local Area,,10,,,FINISH,1/22/2026,3.20009E+12,0,,,6,,Masukan Rod As Front Kedalam Box,,,,,,,
517399,320008640,1605,SHSG-306,271-7478,Rod as Front Suspension,777G,Cipta Kridatama PT.,BIB,QC1,M5153QC1,Inspect crack ,,0.5,,,,,3.20009E+12,0,,,6,,,,,,,,,
517398,320008640,1604,SHSG-306,271-7478,Rod as Front Suspension,777G,Cipta Kridatama PT.,BIB,MGN1,M5153COR,Machining OD Local Area,,5,,,FINISH,1/14/2026,3.20009E+12,0,,,6,,,,,,,,,
514298,1000121910,190,SDFP-132,504-4888,Flange Half Differential,773,Trakindo Utama PT.,Adaro,HDR,,Handressing ,,1,,,,,1.00012E+12,,,,1,,,,,,,,,
514294,1000121910,150,SDFP-132,504-4888,Flange Half Differential,773,Trakindo Utama PT.,Adaro,MGN1,,Machining OD bearing seat,,3,,,,,1.00012E+12,,,,1,,,,,,,,,
514293,1000121910,140,SDFP-132,504-4888,Flange Half Differential,773,Trakindo Utama PT.,Adaro,MGN1,,Machining thrust washer face,,3,,,,,1.00012E+12,,,,1,,,,,,,,,
514285,1000121910,60,SDFP-132,504-4888,Flange Half Differential,773,Trakindo Utama PT.,Adaro,QC2,,Inspection,,1,,,,,1.00012E+11,,,,1,,,,,,,,,
514299,1000121910,200,SDFP-132,504-4888,Flange Half Differential,773,Trakindo Utama PT.,Adaro,QC2,,Inspection,,1,,,,,1.00012E+12,,,,1,,,,,,,,,
514280,1000121910,10,SDFP-132,504-4888,Flange Half Differential,773,Trakindo Utama PT.,Adaro,,,Start Fabrication,,0,,,,,1.00012E+11,,,,1,,,,,,,,,
514281,1000121910,20,SDFP-132,504-4888,Flange Half Differential,773,Trakindo Utama PT.,Adaro,PPC,,Replace dowel supply by customer,,0,,,,,1.00012E+11,,,,1,,,,,,,,,
514282,1000121910,30,SDFP-132,504-4888,Flange Half Differential,773,Trakindo Utama PT.,Adaro,WM2,,Remove dowel ,,2,,,,,1.00012E+11,,,,1,,,,,,,,,
514284,1000121910,50,SDFP-132,504-4888,Flange Half Differential,773,Trakindo Utama PT.,Adaro,MGN1,,Machining end face contact area,,2,,,,,1.00012E+11,,,,1,,,,,,,,,
514286,1000121910,70,SDFP-132,504-4888,Flange Half Differential,773,Trakindo Utama PT.,Adaro,MGN1,,Striping OD bearing seat,,1,,,,,1.00012E+11,,,,1,,,,,,,,,
453097,1000097365,10,SFRM-374,,Fabricate Pin Dump Body 777 (1 Ea),,PT. Cipta Kridatama ,Site BMB,PPC,,Order material,,0,,,,,1.0001E+11,,,,1,,,,,,,,,
453103,1000097365,70,SFRM-374,,Fabricate Pin Dump Body 777 (1 Ea),,PT. Cipta Kridatama ,Site BMB,QC1,M5153QC1,Inspection,,1,,,,,1.0001E+11,,,,1,,,,,,,,,
453100,1000097365,40,SFRM-374,,Fabricate Pin Dump Body 777 (1 Ea),,PT. Cipta Kridatama ,Site BMB,POL1,M5153PL2,Polish OD Pin,,4,,,,,1.0001E+11,,,,1,,,,,,,,,
453099,1000097365,30,SFRM-374,,Fabricate Pin Dump Body 777 (1 Ea),,PT. Cipta Kridatama ,Site BMB,SYG,M5153COR,Machining OD of Pin,,4,,,,,1.0001E+11,,,,1,,,,,,,,,
453098,1000097365,20,SFRM-374,,Fabricate Pin Dump Body 777 (1 Ea),,PT. Cipta Kridatama ,Site BMB,WF3,M5153WF3,Cutting and Profil Materials,,2,,,,,1.0001E+11,,,,1,,,,,,,,,
453104,1000097366,10,SFRM-375,,Fabricate Pin Dump Body 777 (1 Ea),,PT. Cipta Kridatama ,Site BMB,PPC,,Order material,,0,,,,,1.0001E+11,,,,1,,,,,,,,,
454408,1000097698,3,SFRM-378,,Support Circle,,PT. Cipta Kridatama,Site BMB,DIS,M5153DIS,Diss Assembly,,1,,,,,10000976983,,,,1,,,,,,,,,
454407,1000097698,2,SFRM-378,,Support Circle,,PT. Cipta Kridatama,Site BMB,DIS,M5153DIS,Pre Cleaning,,2,,,,,10000976982,,,,1,,,,,,,,,
454412,1000097698,7,SFRM-378,,Support Circle,,PT. Cipta Kridatama,Site BMB,PP,M5153PAC,Painting Packing,,1,,,,,10000976987,,,,1,,,,,,,,,
454418,1000097698,35,SFRM-378,,Support Circle,,PT. Cipta Kridatama,Site BMB,WF3,M5153WF3,Repair Crack,,4,,,,,1.0001E+11,,,,1,,,,,,,,,
454417,1000097698,30,SFRM-378,,Support Circle,,PT. Cipta Kridatama,Site BMB,LBP,M5153LBP,Machining ID,,8,,,,,1.0001E+11,,,,1,,,,,,,,,
454420,1000097698,50,SFRM-378,,Support Circle,,PT. Cipta Kridatama,Site BMB,QC2,M5153QC2,Final Inspection,,1.5,,,,,1.0001E+11,,,,1,,,,,,,,,
454411,1000097698,6,SFRM-378,,Support Circle,,PT. Cipta Kridatama,Site BMB,ASY,M5153ASY,Assembly,,2,,,,,10000976986,,,,1,,,,,,,,,
454409,1000097698,4,SFRM-378,,Support Circle,,PT. Cipta Kridatama,Site BMB,QC2,M5153QC2,Pre Inspection,,3,,,,,10000976984,,,,1,,,,,,,,,
454406,1000097698,1,SFRM-378,,Support Circle,,PT. Cipta Kridatama,Site BMB,PPC,,Receive goods unloading,,1,,,,,10000976981,,,,1,,,,,,,,,
454416,1000097698,20,SFRM-378,,Support Circle,,PT. Cipta Kridatama,Site BMB,WF3,M5153WF3,Build Up ID,,3,,,,,1.0001E+11,,,,1,,,,,,,,,
454415,1000097698,10,SFRM-378,,Support Circle,,PT. Cipta Kridatama,Site BMB,LBP,M5153LBP,Striping ID,,8,,,,,1.0001E+11,,,,1,,,,,,,,,
471181,1000103260,60,SFRM-378,,Pin Support Circle (2 Ea),,PT. Cipta Kridatama,Site BMB,HDR,M5153HDR,Handressing,,3,,,,,1.0001E+11,,,,2,,,,,,,,,
471180,1000103260,50,SFRM-378,,Pin Support Circle (2 Ea),,PT. Cipta Kridatama,Site BMB,RD,M5153RD1,Drill Holes and Threads,,8,,,,,1.0001E+11,,,,2,,,,,,,,,
471179,1000103260,40,SFRM-378,,Pin Support Circle (2 Ea),,PT. Cipta Kridatama,Site BMB,MGN1,M5153COR,Machining OD & Threads,,8,,,,,1.0001E+11,,,,2,,,,,,,,,
471178,1000103260,30,SFRM-378,,Pin Support Circle (2 Ea),,PT. Cipta Kridatama,Site BMB,WM3,M5153WM3,Build UP Bushing Seat,,6,,,,,1.0001E+11,,,,2,,,,,,,,,
471177,1000103260,20,SFRM-378,,Pin Support Circle (2 Ea),,PT. Cipta Kridatama,Site BMB,RD,M5153RD1,Drill Thread Area,,4,,,,,1.0001E+11,,,,2,,,,,,,,,
517406,1000122937,70,SFRM-802,5-001465,Modifikasi Vessel Volvo Ke Mercy Dt4012 ,CE7143,PT. Putra Perkasa Abadi,BIB,WF3,M5153WF3,Setting And Welding Reinforce,,22,,,,,1.00012E+11,0,,,1,,,,,,,,,
517407,1000122937,80,SFRM-802,5-001465,Modifikasi Vessel Volvo Ke Mercy Dt4012 ,CE7143,PT. Putra Perkasa Abadi,BIB,WF3,M5153WF3,Build Up Hole Mounting,,10,,,,,1.00012E+11,0,,,1,,,,,,,,,
517400,1000122937,10,SFRM-802,5-001465,Modifikasi Vessel Volvo Ke Mercy Dt4012 ,CE7143,PT. Putra Perkasa Abadi,BIB,,,Start Fabrication,,0,,,,,1.00012E+11,0,,,1,,,,,,,,,
517401,1000122937,20,SFRM-802,5-001465,Modifikasi Vessel Volvo Ke Mercy Dt4012 ,CE7143,PT. Putra Perkasa Abadi,BIB,PPC,,Order Material Plate,,0,,,,,1.00012E+11,0,,,1,,,,,,,,,
474479,1000104620,10,SFRM-452,,Housing Carriage As,,PT. Cipta Kridatama,Site BMB,PPC,,Order material,,0,,,,,1.0001E+11,,,,2,,,,,,,,,
517402,1000122937,30,SFRM-802,5-001465,Modifikasi Vessel Volvo Ke Mercy Dt4012 ,CE7143,PT. Putra Perkasa Abadi,BIB,PRM2,M5153PRM2,Cutting & Profile Material Plate ,,17,,,,,1.00012E+11,0,,,1,,,,,,,,,
517403,1000122937,40,SFRM-802,5-001465,Modifikasi Vessel Volvo Ke Mercy Dt4012 ,CE7143,PT. Putra Perkasa Abadi,BIB,WF5,M5153WF5,Remove Old Subframe Unit,,25,,,,,1.00012E+11,0,,,1,,,,,,,,,
517405,1000122937,60,SFRM-802,5-001465,Modifikasi Vessel Volvo Ke Mercy Dt4012 ,CE7143,PT. Putra Perkasa Abadi,BIB,WF3,M5153WF3,Setting And Welding Subframe Vessel,,100,,,,,1.00012E+11,0,,,1,,,,,,,,,
514302,1000121893,30,SDFP-134,5T-9437,Spider Differential,773,PT. Trakindo Utama,Site Adaro,POL2,,Final Polish OD rod,,16,,,,,1.00012E+11,,,,1,,,,,,,,,
514301,1000121893,20,SDFP-134,5T-9437,Spider Differential,773,PT. Trakindo Utama,Site Adaro,HCP2,,Hardchrome OD Of Rod,,8,,,FINISH,11/29/2025,1.00012E+11,,,,1,,,,,,,,,
514303,1000121893,40,SDFP-134,5T-9437,Spider Differential,773,PT. Trakindo Utama,Site Adaro,HDR,,Deburr after machining ,,1,,,,,1.00012E+11,,,,1,,,,,,,,,
514304,1000121893,50,SDFP-134,5T-9437,Spider Differential,773,PT. Trakindo Utama,Site Adaro,QC2,,Post Inspect,,1,,,,,1.00012E+11,,,,1,,,,,,,,,
514300,1000121893,10,SDFP-134,5T-9437,Spider Differential,773,PT. Trakindo Utama,Site Adaro,POL1,,Pre polish OD rod prior to chrome,,8,,,,,1.00012E+11,,,,1,,,,,,,,,
471176,1000103260,10,SFRM-378,,Pin Support Circle (2 Ea),,PT. Cipta Kridatama,Site BMB,SYG,M5153COR,Striping OD Bushing seat,,4,,,,,1.0001E+11,,,,2,,,,,,,,,
471606,1000103389,10,SFRM-378,,Bracket Support Circle,,PT. Cipta Kridatama,Site BMB,WF3,M5153WF3,Remove Bearing,,2,,,,,1.0001E+11,,,,3,,,,,,,,,
471614,1000103389,90,SFRM-378,,Bracket Support Circle,,PT. Cipta Kridatama,Site BMB,QC2,M5153QC2,Final Inspection,,2,,,,,1.0001E+11,,,,3,,,,,,,,,
471613,1000103389,80,SFRM-378,,Bracket Support Circle,,PT. Cipta Kridatama,Site BMB,HDR,M5153HDR,Handressing,,3,,,,,1.0001E+11,,,,3,,,,,,,,,
471612,1000103389,70,SFRM-378,,Bracket Support Circle,,PT. Cipta Kridatama,Site BMB,WF3,M5153WF3,Drill Hole and Threads Nipple Grease,,4,,,,,1.0001E+11,,,,3,,,,,,,,,
471611,1000103389,60,SFRM-378,,Bracket Support Circle,,PT. Cipta Kridatama,Site BMB,WF3,M5153WF3,Drill Hole and Threads,,24,,,,,1.0001E+11,,,,3,,,,,,,,,
471610,1000103389,50,SFRM-378,,Bracket Support Circle,,PT. Cipta Kridatama,Site BMB,LBP,M5153LBP,Line Boring Hole,,12,,,,,1.0001E+11,,,,3,,,,,,,,,
471609,1000103389,40,SFRM-378,,Bracket Support Circle,,PT. Cipta Kridatama,Site BMB,WF3,M5153WF3,Profil Bushing Sleeve,,32,,,,,1.0001E+11,,,,3,,,,,,,,,
471608,1000103389,30,SFRM-378,,Bracket Support Circle,,PT. Cipta Kridatama,Site BMB,WF3,M5153WF3,Build UP Bushing Seat & Sleeve,,12,,,,,1.0001E+11,,,,3,,,,,,,,,
471607,1000103389,20,SFRM-378,,Bracket Support Circle,,PT. Cipta Kridatama,Site BMB,WF3,M5153WF3,Remove Cover Plate,,8,,,,,1.0001E+11,,,,3,,,,,,,,,
454480,1000097736,20,SFRM-380,,Pin And Bushing (2 Ea),,PT. Madhani Talatah Nusantara,Site KEL,BSW,M5153BSW,Cutting and Profil Material,,3,,,,,1.0001E+11,,,,1,,,,,,,,,
454483,1000097736,50,SFRM-380,,Pin And Bushing (2 Ea),,PT. Madhani Talatah Nusantara,Site KEL,HB,M5153CLT,Machining Groove ID Tube & Oil track,,6,,,,,1.0001E+11,,,,1,,,,,,,,,
454482,1000097736,40,SFRM-380,,Pin And Bushing (2 Ea),,PT. Madhani Talatah Nusantara,Site KEL,SYG,M5153COR,Machining OD Rod,,8,,,,,1.0001E+11,,,,1,,,,,,,,,
517408,1000122937,90,SFRM-802,5-001465,Modifikasi Vessel Volvo Ke Mercy Dt4012 ,CE7143,PT. Putra Perkasa Abadi,BIB,WF3,M5153WF3,Line Boring All Hole Mounting Pivot And Vessel,,16,,,,,1.00012E+11,0,,,1,,,,,,,,,
517409,1000122937,100,SFRM-802,5-001465,Modifikasi Vessel Volvo Ke Mercy Dt4012 ,CE7143,PT. Putra Perkasa Abadi,BIB,QC2,M5153QC2,NDT And Inspection,,6,,,,,1.00012E+12,0,,,1,,,,,,,,,
517410,1000122937,110,SFRM-802,5-001465,Modifikasi Vessel Volvo Ke Mercy Dt4012 ,CE7143,PT. Putra Perkasa Abadi,BIB,PP,M5153PAC,Finish And Painting,,8,,,,,1.00012E+12,0,,,1,,,,,,,,,
454484,1000097736,60,SFRM-380,,Pin And Bushing (2 Ea),,PT. Madhani Talatah Nusantara,Site KEL,MGN1,M5153COR,Machining Thread Rod,,2,,,,,1.0001E+11,,,,1,,,,,,,,,
454481,1000097736,30,SFRM-380,,Pin And Bushing (2 Ea),,PT. Madhani Talatah Nusantara,Site KEL,SYG,M5153COR,Machining ID Tube,,16,,,,,1.0001E+11,,,,1,,,,,,,,,
454487,1000097736,90,SFRM-380,,Pin And Bushing (2 Ea),,PT. Madhani Talatah Nusantara,Site KEL,QC2,M5153QC2,Inspection,,1,,,,,1.0001E+11,,,,1,,,,,,,,,
454486,1000097736,80,SFRM-380,,Pin And Bushing (2 Ea),,PT. Madhani Talatah Nusantara,Site KEL,HDR,M5153HDR,Handressing,,2,,,,,1.0001E+11,,,,1,,,,,,,,,
454485,1000097736,70,SFRM-380,,Pin And Bushing (2 Ea),,PT. Madhani Talatah Nusantara,Site KEL,RD,M5153RD1,Drill Hole and Threads,,2,,,,,1.0001E+11,,,,1,,,,,,,,,
416426,320007473,1601,SFRM-380,,Pin And Bushing (2 Ea),,PT. Madhani Talatah Nusantara,Site KEL,PRM2,M5153PRM2,Cutting Plate,,1,,,,,3.20007E+12,,,,2,,,,,,,,,
416429,320007473,1604,SFRM-380,,Pin And Bushing (2 Ea),,PT. Madhani Talatah Nusantara,Site KEL,HDR,M5153HDR,Handressing,,1,,,,,3.20007E+12,,,,2,,,,,,,,,
416427,320007473,1602,SFRM-380,,Pin And Bushing (2 Ea),,PT. Madhani Talatah Nusantara,Site KEL,SYG,M5153COR,Machining ID & OD Ring Pin,,3,,,,,3.20007E+12,,,,2,,,,,,,,,
416428,320007473,1603,SFRM-380,,Pin And Bushing (2 Ea),,PT. Madhani Talatah Nusantara,Site KEL,SYG,M5153COR,Machining OD Pin,,2,,,,,3.20007E+12,,,,2,,,,,,,,,
454564,1000097796,60,SFRM-381,,Cover Transmission,,PT. Hilconjaya Sakti,Kotabaru,QC2,M5153QC2,Post Inspection,,1,,,,,1.0001E+11,,,,1,,,,,,,,,
454658,1000097922,50,SFRM-382,,Liner,,PT. Madhani Talatah Nusantara,Site KEL,QC2,M5153QC2,Inspection,,0.5,,,,,1.0001E+11,,,,1,,,,,,,,,
454657,1000097922,40,SFRM-382,,Liner,,PT. Madhani Talatah Nusantara,Site KEL,HDR,M5153HDR,Handressing and Painting,,1,,,,,1.0001E+11,,,,1,,,,,,,,,
454661,1000097922,80,SFRM-382,,Liner,,PT. Madhani Talatah Nusantara,Site KEL,RD,M5153RD1,Drill and Carriage,,6,,,,,1.0001E+11,,,,1,,,,,,,,,
454660,1000097922,70,SFRM-382,,Liner,,PT. Madhani Talatah Nusantara,Site KEL,WF3,M5153WF3,Setting and welding,,4,,,,,1.0001E+11,,,,1,,,,,,,,,
454655,1000097922,20,SFRM-382,,Liner,,PT. Madhani Talatah Nusantara,Site KEL,PRM2,M5153PRM2,Cutting and Profil Material,,17,,,,,1.0001E+11,,,,1,,,,,,,,,
454656,1000097922,30,SFRM-382,,Liner,,PT. Madhani Talatah Nusantara,Site KEL,PRM1,M5153PRM1,Bending Plate,,16,,,,,1.0001E+11,,,,1,,,,,,,,,
454663,1000097923,20,SFRM-383,,Bracket:Mount,,PT. Sanggar Sarana Baja,Site Tanjung,PRM2,M5153PRM2,Cutting and Profil Materials,,20,,,,,1.0001E+11,,,,1,,,,,,,,,
454665,1000097923,40,SFRM-383,,Bracket:Mount,,PT. Sanggar Sarana Baja,Site Tanjung,PRM2,M5153PRM2,Bending Plat,,10,,,,,1.0001E+11,,,,1,,,,,,,,,
517411,320008642,1601,SFRM-778,5-001464,Magnetic Plug Swing Drive ,6020 & 6030,Cipta Kridatama PT.,BMB,SYG,M5153COR,Striping face,,4,,,,,3.20009E+12,0,,,2,,Pastikan NUT rapat sampai ke ujung,,,,,,,
517412,320008642,1602,SFRM-778,5-001464,Magnetic Plug Swing Drive ,6020 & 6030,Cipta Kridatama PT.,BMB,SYG,M5153COR,Bore ID Hole Nut ,,2,,,,,3.20009E+12,0,,,2,,Magnet jangan sampai keluar dari Plug Swing Drive ,,,,,,,
454664,1000097923,30,SFRM-383,,Bracket:Mount,,PT. Sanggar Sarana Baja,Site Tanjung,RD,M5153RD1,Machining Hole,,10,,,,,1.0001E+11,,,,1,,,,,,,,,
470096,1000102779,110,SFRM-384,,Housing Chamber Brake,,PT. Cipta Kridatama,Site BMB,SAW,M5153SW1,Weld joint tube to cap,,4,,,,,1.0001E+12,,,,1,,,,,,,,,
470101,1000102779,160,SFRM-384,,Housing Chamber Brake,,PT. Cipta Kridatama,Site BMB,HB,M5153CLT,Machining ID thread,,4,,,,,1.0001E+12,,,,1,,,,,,,,,
470100,1000102779,150,SFRM-384,,Housing Chamber Brake,,PT. Cipta Kridatama,Site BMB,WM1,M5153WM1,Weld Build Up ID Thread,,2,,,,,1.0001E+12,,,,1,,,,,,,,,
470095,1000102779,100,SFRM-384,,Housing Chamber Brake,,PT. Cipta Kridatama,Site BMB,SAW,M5153SW1,Install Setting before weld joint,,2,,,,,1.0001E+12,,,,1,,,,,,,,,
470099,1000102779,140,SFRM-384,,Housing Chamber Brake,,PT. Cipta Kridatama,Site BMB,HB,M5153CLT,Strip ID Thread,,2,,,,,1.0001E+12,,,,1,,,,,,,,,
470079,1000102779,3,SFRM-384,,Housing Chamber Brake,,PT. Cipta Kridatama,Site BMB,DIS,M5153DIS,Diss Assembly,,4,,,,,10001027793,,,,1,,,,,,,,,
470078,1000102779,2,SFRM-384,,Housing Chamber Brake,,PT. Cipta Kridatama,Site BMB,DIS,M5153DIS,Pre Cleaning,,1,,,,,10001027792,,,,1,,,,,,,,,
470077,1000102779,1,SFRM-384,,Housing Chamber Brake,,PT. Cipta Kridatama,Site BMB,PPC,,Receive goods unloading,,1,,,,,10001027791,,,,1,,,,,,,,,
470097,1000102779,120,SFRM-384,,Housing Chamber Brake,,PT. Cipta Kridatama,Site BMB,MGN1,M5153COR,Machining Chamfer,,2,,,,,1.0001E+12,,,,1,,,,,,,,,
470098,1000102779,130,SFRM-384,,Housing Chamber Brake,,PT. Cipta Kridatama,Site BMB,HM,M5153HM1,Honing ID housing,,8,,,,,1.0001E+12,,,,1,,,,,,,,,
470094,1000102779,90,SFRM-384,,Housing Chamber Brake,,PT. Cipta Kridatama,Site BMB,HM,M5153HM1,Pre Honing ID housing,,4,,,,,1.0001E+11,,,,1,,,,,,,,,
470080,1000102779,4,SFRM-384,,Housing Chamber Brake,,PT. Cipta Kridatama,Site BMB,QC2,M5153QC2,Pre Inspection,,4,,,,,10001027794,,,,1,,,,,,,,,
470083,1000102779,7,SFRM-384,,Housing Chamber Brake,,PT. Cipta Kridatama,Site BMB,PP,M5153PAC,Painting and Packing,,2,,,,,10001027797,,,,1,,,,,,,,,
513983,1000121518,80,SWRP-748,177-1605 / 109-5508,Anchor Brake Rear,773,"PT. Cipta Kridatama,",Site BIB,MTS,M5153MTS,Metal spray ID seal contact 2,,3,,,FINISH,1/8/2026,1.00012E+11,0,,,1,,,,,,,,,
470093,1000102779,80,SFRM-384,,Housing Chamber Brake,,PT. Cipta Kridatama,Site BMB,WF3,M5153WF3,Install Stud bolt ,,2,,,,,1.0001E+11,,,,1,,,,,,,,,
470089,1000102779,40,SFRM-384,,Housing Chamber Brake,,PT. Cipta Kridatama,Site BMB,WF3,M5153WF3,Weld Cracks,,4,,,,,1.0001E+11,,,,1,,,,,,,,,
470088,1000102779,30,SFRM-384,,Housing Chamber Brake,,PT. Cipta Kridatama,Site BMB,WF3,M5153WF3,Remove crack area,,2,,,,,1.0001E+11,,,,1,,,,,,,,,
470087,1000102779,20,SFRM-384,,Housing Chamber Brake,,PT. Cipta Kridatama,Site BMB,WF3,M5153WF3,Remove stud bolt ,,1,,,,,1.0001E+11,,,,1,,,,,,,,,
470086,1000102779,10,SFRM-384,,Housing Chamber Brake,,PT. Cipta Kridatama,Site BMB,BSW,M5153BSW,Cut material ,,2,,,,,1.0001E+11,,,,1,,,,,,,,,
470084,1000102779,8,SFRM-384,,Housing Chamber Brake,,PT. Cipta Kridatama,Site BMB,QC2,M5153QC2,Post Inspection,,1,,,,,10001027798,,,,1,,,,,,,,,
470092,1000102779,70,SFRM-384,,Housing Chamber Brake,,PT. Cipta Kridatama,Site BMB,MGN1,M5153COR,Machining profile joint tube prior to joint,,4,,,,,1.0001E+11,,,,1,,,,,,,,,
470082,1000102779,6,SFRM-384,,Housing Chamber Brake,,PT. Cipta Kridatama,Site BMB,ASY,M5153ASY,Assembly,,4,,,,,10001027796,,,,1,,,,,,,,,
470081,1000102779,5,SFRM-384,,Housing Chamber Brake,,PT. Cipta Kridatama,Site BMB,DIS,M5153DIS,Post Cleaning,,1,,,,,10001027795,,,,1,,,,,,,,,
470102,1000102779,170,SFRM-384,,Housing Chamber Brake,,PT. Cipta Kridatama,Site BMB,HDR,M5153HDR,Handressing,,2,,,,,1.0001E+12,,,,1,,,,,,,,,
470103,1000102779,180,SFRM-384,,Housing Chamber Brake,,PT. Cipta Kridatama,Site BMB,QC2,M5153QC2,Post Inspection,,1,,,,,1.0001E+12,,,,1,,,,,,,,,
470091,1000102779,60,SFRM-384,,Housing Chamber Brake,,PT. Cipta Kridatama,Site BMB,MGN1,M5153COR,Machining profile joint cap prior to joint,,4,,,,,1.0001E+11,,,,1,,,,,,,,,
470090,1000102779,50,SFRM-384,,Housing Chamber Brake,,PT. Cipta Kridatama,Site BMB,MGN1,M5153COR,Cut off tube from Cap,,4,,,,,1.0001E+11,,,,1,,,,,,,,,
470104,1000102780,10,SFRM-384,,Guide Chamber Brake,,PT. Cipta Kridatama,Site BMB,WM2,M5153WM2,Tig weld Dent,,2,,,,,1.0001E+11,,,,2,,,,,,,,,
470109,1000102780,60,SFRM-384,,Guide Chamber Brake,,PT. Cipta Kridatama,Site BMB,HDR,M5153HDR,Handressing,,1,,,,,1.0001E+11,,,,2,,,,,,,,,
470106,1000102780,30,SFRM-384,,Guide Chamber Brake,,PT. Cipta Kridatama,Site BMB,SYG,M5153COR,Strip OD Guide,,2,,,,,1.0001E+11,,,,2,,,,,,,,,
470107,1000102780,40,SFRM-384,,Guide Chamber Brake,,PT. Cipta Kridatama,Site BMB,WF3,M5153WF3,Weld build up OD Guide,,4,,,,,1.0001E+11,,,,2,,,,,,,,,
470105,1000102780,20,SFRM-384,,Guide Chamber Brake,,PT. Cipta Kridatama,Site BMB,MGN1,M5153COR,Machining ex tig weld,,4,,,,,1.0001E+11,,,,2,,,,,,,,,
470110,1000102780,70,SFRM-384,,Guide Chamber Brake,,PT. Cipta Kridatama,Site BMB,QC2,M5153QC2,Post Inspection,,1,,,,,1.0001E+11,,,,2,,,,,,,,,
470108,1000102780,50,SFRM-384,,Guide Chamber Brake,,PT. Cipta Kridatama,Site BMB,SYG,M5153COR,Machining OD Guide,,8,,,,,1.0001E+11,,,,2,,,,,,,,,
470115,1000102781,40,SFRM-384,,Shaft Chamber Brake,,PT. Cipta Kridatama,Site BMB,WF3,M5153WF3,Remove crack area,,1,,,,,1.0001E+11,,,,3,,,,,,,,,
470118,1000102781,70,SFRM-384,,Shaft Chamber Brake,,PT. Cipta Kridatama,Site BMB,WF3,M5153WF3,Weld build up OD Thread,,16,,,,,1.0001E+11,,,,3,,,,,,,,,
470119,1000102781,80,SFRM-384,,Shaft Chamber Brake,,PT. Cipta Kridatama,Site BMB,SYG,M5153COR,Machining OD Thread ,,3.9,,,,,1.0001E+11,,,,3,,,,,,,,,
470120,1000102781,90,SFRM-384,,Shaft Chamber Brake,,PT. Cipta Kridatama,Site BMB,SYG,M5153COR,Skim ex weld  dent area,,2,,,,,1.0001E+11,,,,3,,,,,,,,,
470121,1000102781,100,SFRM-384,,Shaft Chamber Brake,,PT. Cipta Kridatama,Site BMB,POL1,M5153PL2,Pre polish OD rod prior to chrome,,4,,,,,1.0001E+12,,,,3,,,,,,,,,
470123,1000102781,120,SFRM-384,,Shaft Chamber Brake,,PT. Cipta Kridatama,Site BMB,HCP2,M5153CP2,Extra ardchrome OD Of Rod,,4,,,,,1.0001E+12,,,,3,,,,,,,,,
470116,1000102781,50,SFRM-384,,Shaft Chamber Brake,,PT. Cipta Kridatama,Site BMB,WF3,M5153WF3,Weld Cracks,,1.5,,,,,1.0001E+11,,,,3,,,,,,,,,
517413,1000120876,1501,SHSP-86-I,223-9657,Rod As Front Suspension,777,Cipta Kridatama PT.,BIB,MGN1,M5153COR,Remove exwelding face area,,3,,,,,1.00012E+13,0,,,3,,,,,,,,,
517414,1000120876,1502,SHSP-86-I,223-9657,Rod As Front Suspension,777,Cipta Kridatama PT.,BIB,RD,M5153RD1,re-drill & tap hole,,6,,,,,1.00012E+13,0,,,3,,,,,,,,,
470114,1000102781,30,SFRM-384,,Shaft Chamber Brake,,PT. Cipta Kridatama,Site BMB,SYG,M5153COR,Strip OD Threads,,2,,,,,1.0001E+11,,,,3,,,,,,,,,
470113,1000102781,20,SFRM-384,,Shaft Chamber Brake,,PT. Cipta Kridatama,Site BMB,QC2,M5153QC2,Inspect crack after dechome,,1,,,,,1.0001E+11,,,,3,,,,,,,,,
470112,1000102781,10,SFRM-384,,Shaft Chamber Brake,,PT. Cipta Kridatama,Site BMB,HCP1,M5153CP1,Strip OD Rod ( Dechrome Process ),,4,,,,,1.0001E+11,,,,3,,,,,,,,,
470111,1000102781,3,SFRM-384,,Shaft Chamber Brake,,PT. Cipta Kridatama,Site BMB,DIS,M5153DIS,Diss Assembly,,4,,,,,10001027813,,,,3,,,,,,,,,
470126,1000102781,150,SFRM-384,,Shaft Chamber Brake,,PT. Cipta Kridatama,Site BMB,QC2,M5153QC2,Post Inspect,,1,,,,,1.0001E+12,,,,3,,,,,,,,,
470125,1000102781,140,SFRM-384,,Shaft Chamber Brake,,PT. Cipta Kridatama,Site BMB,HDR,M5153HDR,Handressing,,2,,,,,1.0001E+12,,,,3,,,,,,,,,
470124,1000102781,130,SFRM-384,,Shaft Chamber Brake,,PT. Cipta Kridatama,Site BMB,POL1,M5153PL2,Final polish OD rod,,8,,,,,1.0001E+12,,,,3,,,,,,,,,
470122,1000102781,110,SFRM-384,,Shaft Chamber Brake,,PT. Cipta Kridatama,Site BMB,HCP2,M5153CP2,Hardchrome OD Of Rod,,4,,,,,1.0001E+12,,,,3,,,,,,,,,
470117,1000102781,60,SFRM-384,,Shaft Chamber Brake,,PT. Cipta Kridatama,Site BMB,WM2,M5153WM2,Weld dent area,,1,,,,,1.0001E+11,,,,3,,,,,,,,,
470127,1000102782,10,SFRM-384,,Head Chamber Brake,,PT. Cipta Kridatama,Site BMB,WM2,M5153WM2,Tig weld Dent and worn out,,1,,,,,1.0001E+11,,,,4,,,,,,,,,
470130,1000102782,40,SFRM-384,,Head Chamber Brake,,PT. Cipta Kridatama,Site BMB,QC2,M5153QC2,Post Inspection,,1,,,,,1.0001E+11,,,,4,,,,,,,,,
470129,1000102782,30,SFRM-384,,Head Chamber Brake,,PT. Cipta Kridatama,Site BMB,HDR,M5153HDR,Handressing,,1,,,,,1.0001E+11,,,,4,,,,,,,,,
470128,1000102782,20,SFRM-384,,Head Chamber Brake,,PT. Cipta Kridatama,Site BMB,MGN1,M5153COR,Machining ex tig weld,,2,,,,,1.0001E+11,,,,4,,,,,,,,,
455874,1000098206,90,SFRM-386,,Fuel Tank,,PT. Trakindo Utama,Site Batulicin,WF3,M5153WF3,Install & Weld Joint new develop plate to front side ,,6.5,,,,,1.0001E+11,,,,1,,,,,,,,,
455875,1000098206,100,SFRM-386,,Fuel Tank,,PT. Trakindo Utama,Site Batulicin,WF3,M5153WF3,Install & Weld Joint bosses,,1,,,,,1.0001E+12,,,,1,,,,,,,,,
455876,1000098206,110,SFRM-386,,Fuel Tank,,PT. Trakindo Utama,Site Batulicin,WF3,M5153WF3,Install & Weld Joint tube,,8,,,,,1.0001E+12,,,,1,,,,,,,,,
455856,1000098206,10,SFRM-386,,Fuel Tank,,PT. Trakindo Utama,Site Batulicin,WF3,M5153WF3,Remove Plate (Front Side),,6,,,,,1.0001E+11,,,,1,,,,,,,,,
455857,1000098206,20,SFRM-386,,Fuel Tank,,PT. Trakindo Utama,Site Batulicin,WF3,M5153WF3,Remove Bosses,,1,,,,,1.0001E+11,,,,1,,,,,,,,,
455858,1000098206,30,SFRM-386,,Fuel Tank,,PT. Trakindo Utama,Site Batulicin,WF3,M5153WF3,Remove tube,,1,,,,,1.0001E+11,,,,1,,,,,,,,,
517415,1000122849,20,SUCP-159,,Equalizer Bar,D10T,PT. Cipta Kridatama,BMB,PPC,,Order Material Plate,,0,,,,,1.00012E+11,0,,,1,,1 Pcs BIS80 280X250X120,,,,,,,
455860,1000098206,50,SFRM-386,,Fuel Tank,,PT. Trakindo Utama,Site Batulicin,HDR,M5153HDR,Clean & Buffing inner Area & Make Sure that Corossio has Removed,,11,,,,,1.0001E+11,,,,1,,,,,,,,,
455870,1000098206,81,SFRM-386,,Fuel Tank,,PT. Trakindo Utama,Site Batulicin,WF3,M5153WF3,Remove Crack,,2,,,,,1.0001E+11,,,,1,,,,,,,,,
455871,1000098206,82,SFRM-386,,Fuel Tank,,PT. Trakindo Utama,Site Batulicin,WF3,M5153WF3,Weld Crack,,3,,,,,1.0001E+11,,,,1,,,,,,,,,
455872,1000098206,83,SFRM-386,,Fuel Tank,,PT. Trakindo Utama,Site Batulicin,HDR,M5153HDR,Grind ex weld,,5,,,,,1.0001E+11,,,,1,,,,,,,,,
455873,1000098206,84,SFRM-386,,Fuel Tank,,PT. Trakindo Utama,Site Batulicin,QC2,M5153QC2,Check Crack,,30,,,,,1.0001E+11,,,,1,,,,,,,,,
517416,1000122849,30,SUCP-159,,Equalizer Bar,D10T,PT. Cipta Kridatama,BMB,PRM2,M5153PRM2,Cutting and Profil Material Eye,,4,,,,,1.00012E+11,0,,,1,,,,,,,,,
517417,1000122849,40,SUCP-159,,Equalizer Bar,D10T,PT. Cipta Kridatama,BMB,MGN1,M5153COR,Machining Material Eye,,8,,,,,1.00012E+11,0,,,1,,,,,,,,,
517418,1000122849,50,SUCP-159,,Equalizer Bar,D10T,PT. Cipta Kridatama,BMB,WF3,M5153WF3,Cutting broken equalizer,,2,,,,,1.00012E+11,0,,,1,,,,,,,,,
517419,1000122849,60,SUCP-159,,Equalizer Bar,D10T,PT. Cipta Kridatama,BMB,HB,M5153CLT,Machining Broken equalizer,,8,,,,,1.00012E+11,0,,,1,,,,,,,,,
517420,1000122849,70,SUCP-159,,Equalizer Bar,D10T,PT. Cipta Kridatama,BMB,FIT,M5153FIT,Setting Broken equalizer & eye,,4,,,,,1.00012E+11,0,,,1,,,,,,,,,
517421,1000122849,80,SUCP-159,,Equalizer Bar,D10T,PT. Cipta Kridatama,BMB,WF3,M5153WF3,Welding Joint Broken equalizer & Eye,,15,,,,,1.00012E+11,0,,,1,,,,,,,,,
517422,1000122849,90,SUCP-159,,Equalizer Bar,D10T,PT. Cipta Kridatama,BMB,WF3,M5153WF3,Stress Relieving / PWHT,,24,,,,,1.00012E+11,0,,,1,,,,,,,,,
517423,1000122849,100,SUCP-159,,Equalizer Bar,D10T,PT. Cipta Kridatama,BMB,WF3,M5153WF3,Repair all indication crack,,8,,,,,1.00012E+12,0,,,1,,,,,,,,,
517424,1000122849,110,SUCP-159,,Equalizer Bar,D10T,PT. Cipta Kridatama,BMB,LBP,M5153LBP,Strip ID Center bores,,6,,,,,1.00012E+12,0,,,1,,,,,,,,,
517425,1000122849,120,SUCP-159,,Equalizer Bar,D10T,PT. Cipta Kridatama,BMB,LBP,M5153LBP,Strip ID eye (RH),,4,,,,,1.00012E+12,0,,,1,,,,,,,,,
517426,1000122849,130,SUCP-159,,Equalizer Bar,D10T,PT. Cipta Kridatama,BMB,WM1,M5153WM1,Build Up ID & Face Center Bore,,12,,,,,1.00012E+12,0,,,1,,,,,,,,,
517427,1000122849,140,SUCP-159,,Equalizer Bar,D10T,PT. Cipta Kridatama,BMB,WM1,M5153WM1,Build up ID & Face eye (RH),,8,,,,,1.00012E+12,0,,,1,,,,,,,,,
517428,1000122849,150,SUCP-159,,Equalizer Bar,D10T,PT. Cipta Kridatama,BMB,LBP,M5153LBP,Machining ID Bore,,20,,,,,1.00012E+12,0,,,1,,,,,,,,,
517429,1000122849,160,SUCP-159,,Equalizer Bar,D10T,PT. Cipta Kridatama,BMB,LBP,M5153LBP,Machining ID Eye (LH),,12,,,,,1.00012E+12,0,,,1,,,,,,,,,
517430,1000122849,170,SUCP-159,,Equalizer Bar,D10T,PT. Cipta Kridatama,BMB,LBP,M5153LBP,Machining ID Eye (RH),,12,,,,,1.00012E+12,0,,,1,,,,,,,,,
517431,1000122849,180,SUCP-159,,Equalizer Bar,D10T,PT. Cipta Kridatama,BMB,RD,M5153RD1,Drill Nipple Grease seat,,4,,,,,1.00012E+12,0,,,1,,,,,,,,,
517432,1000122849,190,SUCP-159,,Equalizer Bar,D10T,PT. Cipta Kridatama,BMB,HDR,M5153HDR,Handressing,,2,,,,,1.00012E+12,0,,,1,,,,,,,,,
517433,1000122849,200,SUCP-159,,Equalizer Bar,D10T,PT. Cipta Kridatama,BMB,QC2,M5153QC2,Final Inspection,,2,,,,,1.00012E+12,0,,,1,,,,,,,,,
456711,1000098370,100,SFRM-388,1-1467,Repair Bucket,,PT. Cipta Kridatama,Site TIA,WF3,M5153WF3,Setting and Welding Top Box,,44,,,,,1.0001E+12,,,,1,,,,,,,,,
456710,1000098370,90,SFRM-388,1-1467,Repair Bucket,,PT. Cipta Kridatama,Site TIA,WF3,M5153WF3,Setting and Welding Cutting Edge,,72,,,,,1.0001E+11,,,,1,,,,,,,,,
456717,1000098370,160,SFRM-388,1-1467,Repair Bucket,,PT. Cipta Kridatama,Site TIA,QC2,M5153QC2,Inspection,,4,,,,,1.0001E+12,,,,1,,,,,,,,,
456716,1000098370,150,SFRM-388,1-1467,Repair Bucket,,PT. Cipta Kridatama,Site TIA,HDR,M5153HDR,Handressing and Painting,,54.9,,,,,1.0001E+12,,,,1,,,,,,,,,
456709,1000098370,80,SFRM-388,1-1467,Repair Bucket,,PT. Cipta Kridatama,Site TIA,WF3,M5153WF3,Setting and Welding Bowl,,96,,,,,1.0001E+11,,,,1,,,,,,,,,
456708,1000098370,70,SFRM-388,1-1467,Repair Bucket,,PT. Cipta Kridatama,Site TIA,WF3,M5153WF3,Remove Heel Shrouds,,24,,,,,1.0001E+11,,,,1,,,,,,,,,
456707,1000098370,60,SFRM-388,1-1467,Repair Bucket,,PT. Cipta Kridatama,Site TIA,WF3,M5153WF3,Remove Top Box,,28,,,,,1.0001E+11,,,,1,,,,,,,,,
456706,1000098370,50,SFRM-388,1-1467,Repair Bucket,,PT. Cipta Kridatama,Site TIA,WF3,M5153WF3,Remove Bowl,,40,,,,,1.0001E+11,,,,1,,,,,,,,,
456715,1000098370,140,SFRM-388,1-1467,Repair Bucket,,PT. Cipta Kridatama,Site TIA,LBP,M5153LBP,Line Boring Hole Mounting H-link & Arm,,56,,,,,1.0001E+12,,,,1,,,,,,,,,
456714,1000098370,130,SFRM-388,1-1467,Repair Bucket,,PT. Cipta Kridatama,Site TIA,WF3,M5153WF3,Setting and Welding Plat Strip,,48,,,,,1.0001E+12,,,,1,,,,,,,,,
456713,1000098370,120,SFRM-388,1-1467,Repair Bucket,,PT. Cipta Kridatama,Site TIA,WF3,M5153WF3,Setting and Welding Cover Plate Base Edge,,16,,,,,1.0001E+12,,,,1,,,,,,,,,
517434,1000121518,120,SWRP-748,177-1605 / 109-5508,Anchor Brake Rear,773,"PT. Cipta Kridatama,",Site BIB,HDR,M5153HDR,Handressing,,1,,,,,1.00012E+12,0,,,1,,,,,,,,,
517435,1000121518,130,SWRP-748,177-1605 / 109-5508,Anchor Brake Rear,773,"PT. Cipta Kridatama,",Site BIB,QC2,M5153QC2,Final Inspect,,1,,,,,1.00012E+12,0,,,1,,,,,,,,,
456719,1000098371,2,SFRM-389,1-1467,Repair Bucket,,PT. Cipta Kridatama,Site TIA,DIS,M5153DIS,Pre Cleaning,,4,,,,,10000983712,,,,1,,,,,,,,,
456718,1000098371,1,SFRM-389,1-1467,Repair Bucket,,PT. Cipta Kridatama,Site TIA,PPC,,Receive goods unloading,,3,,,,,10000983711,,,,1,,,,,,,,,
456739,1000098371,120,SFRM-389,1-1467,Repair Bucket,,PT. Cipta Kridatama,Site TIA,HDR,M5153HDR,Handressing,,12,,,,,1.0001E+12,,,,1,,,,,,,,,
456740,1000098371,130,SFRM-389,1-1467,Repair Bucket,,PT. Cipta Kridatama,Site TIA,QC2,M5153QC2,Final Inspection,,3,,,,,1.0001E+12,,,,1,,,,,,,,,
456738,1000098371,110,SFRM-389,1-1467,Repair Bucket,,PT. Cipta Kridatama,Site TIA,LBP,M5153LBP,Line Boring Hole Mounting H-link & Arm,,32,,,,,1.0001E+12,,,,1,,,,,,,,,
456737,1000098371,105,SFRM-389,1-1467,Repair Bucket,,PT. Cipta Kridatama,Site TIA,WF3,M5153WF3,Build Up ID Hole Mounting H-link & arm,,24,,,,,1.0001E+12,,,,1,,,,,,,,,
456736,1000098371,100,SFRM-389,1-1467,Repair Bucket,,PT. Cipta Kridatama,Site TIA,WF3,M5153WF3,Setting and Welding Plat Strip,,48,,,,,1.0001E+12,,,,1,,,,,,,,,
456735,1000098371,90,SFRM-389,1-1467,Repair Bucket,,PT. Cipta Kridatama,Site TIA,WF3,M5153WF3,Setting and Welding Cover Plate Base Edge,,16,,,,,1.0001E+11,,,,1,,,,,,,,,
456734,1000098371,80,SFRM-389,1-1467,Repair Bucket,,PT. Cipta Kridatama,Site TIA,WF3,M5153WF3,Install Heel Shrouds,,24,,,,,1.0001E+11,,,,1,,,,,,,,,
456733,1000098371,70,SFRM-389,1-1467,Repair Bucket,,PT. Cipta Kridatama,Site TIA,WF3,M5153WF3,Setting and Welding Top Box,,44,,,,,1.0001E+11,,,,1,,,,,,,,,
456732,1000098371,60,SFRM-389,1-1467,Repair Bucket,,PT. Cipta Kridatama,Site TIA,WF3,M5153WF3,Setting and Welding Bowl,,96,,,,,1.0001E+11,,,,1,,,,,,,,,
456731,1000098371,50,SFRM-389,1-1467,Repair Bucket,,PT. Cipta Kridatama,Site TIA,WF3,M5153WF3,Remove Heel Shrouds,,24,,,,,1.0001E+11,,,,1,,,,,,,,,
456730,1000098371,40,SFRM-389,1-1467,Repair Bucket,,PT. Cipta Kridatama,Site TIA,WF3,M5153WF3,Remove Top Box,,28,,,,,1.0001E+11,,,,1,,,,,,,,,
456729,1000098371,30,SFRM-389,1-1467,Repair Bucket,,PT. Cipta Kridatama,Site TIA,WF3,M5153WF3,Remove Bowl,,40,,,,,1.0001E+11,,,,1,,,,,,,,,
456728,1000098371,20,SFRM-389,1-1467,Repair Bucket,,PT. Cipta Kridatama,Site TIA,PRM1,M5153PRM1,Bending Materials,,42,,,,,1.0001E+11,,,,1,,,,,,,,,
456727,1000098371,10,SFRM-389,1-1467,Repair Bucket,,PT. Cipta Kridatama,Site TIA,PRM2,M5153PRM2,Cutting and Profil Material,,23,,,,,1.0001E+11,,,,1,,,,,,,,,
456725,1000098371,8,SFRM-389,1-1467,Repair Bucket,,PT. Cipta Kridatama,Site TIA,QC2,M5153QC2,Post Inspection,,3,,,,,10000983718,,,,1,,,,,,,,,
456724,1000098371,7,SFRM-389,1-1467,Repair Bucket,,PT. Cipta Kridatama,Site TIA,PP,M5153PAC,Painting and Packing,,16,,,,,10000983717,,,,1,,,,,,,,,
517436,1000120043,10,SHCG-417,334-9883,Piston Ripper Tilt Cylinder Gp,D10T2,Cipta Kridatama PT.,BMB,PPC,,Order material rod,,0,,,,,1.00012E+11,0,,,5,,,,,,,,,
517437,1000120043,20,SHCG-417,334-9883,Piston Ripper Tilt Cylinder Gp,D10T2,Cipta Kridatama PT.,BMB,BSW,M5153BSW,Cut Material,,4,,,,,1.00012E+11,0,,,5,,,,,,,,,
517438,1000120043,30,SHCG-417,334-9883,Piston Ripper Tilt Cylinder Gp,D10T2,Cipta Kridatama PT.,BMB,SYG,M5153COR,Machining OD Piston,,20,,,,,1.00012E+11,0,,,5,,,,,,,,,
517439,1000120043,40,SHCG-417,334-9883,Piston Ripper Tilt Cylinder Gp,D10T2,Cipta Kridatama PT.,BMB,SYG,M5153COR,Machining ID Piston ,,10,,,,,1.00012E+11,0,,,5,,,,,,,,,
517440,1000120043,50,SHCG-417,334-9883,Piston Ripper Tilt Cylinder Gp,D10T2,Cipta Kridatama PT.,BMB,HDR,M5153HDR,Handressing,,1,,,,,1.00012E+11,0,,,5,,,,,,,,,
517441,1000120043,60,SHCG-417,334-9883,Piston Ripper Tilt Cylinder Gp,D10T2,Cipta Kridatama PT.,BMB,QC2,M5153QC2,Inspection,,1,,,,,1.00012E+11,0,,,5,,,,,,,,,
417239,1000078799,10,SFRM-39,368-3870,Overlay Tungsten Tip Bucket (6 Pc),,PT. Trakindo Utama,Adaro,WF3,M5153WF3,Welding overlay tungsten teeth,,12,,,,,1.00008E+11,,,,1,,,update,,,,,,
517994,100012345,30,SSB-01,8J-9445,Piston Hoist Cylinder,777,PT. Trakindo Utama,Site Adaro,SLC,M5071CS1,tes 3,,3,,,,,10001234530,0.27,Tsun,asdf,1,JOB,12,modified,2/2/2026,2/2/2026,,,,
517995,100012345,40,SSB-01,8J-9445,Piston Hoist Cylinder,777,PT. Trakindo Utama,Site Adaro,RAD,M5071DR1,tes 4,,5,,,,,10001234540,0.45,Tsun,asdf,1,JOB,12,modified,2/2/2026,2/2/2026,,,,
515884,100000123,20,SSB-02,Contoh 2,Contoh 2,777,PT. Trakindo Utama,Kuala Kencana,ASY,,Aktivitas 1,,1,,,,,10000012320,0,Tee San,asdf,1,JOB,12,update,,,,,,
515888,100000123,31,SSB-02,Contoh 2,Contoh 2,777,PT. Trakindo Utama,Kuala Kencana,ASY,,Aktivitas 2.1,,2,,,,,10000012331,0,Tee San,asdf,1,JOB,12,update,,,,,,
515886,100000123,40,SSB-02,Contoh 2,Contoh 2,777,PT. Trakindo Utama,Kuala Kencana,BST,,Aktivitas 3,,2.3,,,,,10000012340,0,Tee San,asdf,1,JOB,12,update,,,,,,
515887,100000123,50,SSB-02,Contoh 2,Contoh 2,777,PT. Trakindo Utama,Kuala Kencana,MGN1,,Aktivitas 4,,1,,,,,10000012350,0,Tee San,asdf,1,JOB,12,update,,,,,,
417120,1000078791,23,SDFP-09,,Carrier Differential,,PT. Cipta Kridatama,Site BIB,HDR,,Cleaning handgrinding before weld,,0.25,,,,,1.00008E+11,,,,1,,,update,2/2/2026,2/2/2026,2/6/2026,2/11/2026,1,22
417130,1000078791,50,SDFP-09,,Carrier Differential,,PT. Cipta Kridatama,Site BIB,HB,,Strip ID Bearing Seat 2,,1.5,,,,,1.00008E+11,,,,1,,,update,2/2/2026,2/2/2026,2/6/2026,2/11/2026,1,2
417137,1000078791,69,SDFP-09,,Carrier Differential,,PT. Cipta Kridatama,Site BIB,BLS,,Blasting,,1,,,,,1.00008E+11,,,,1,,,update,2/2/2026,2/2/2026,2/6/2026,2/11/2026,1,3
510972,1000120119,20,BHSC-1111,,Piston Hoist Cylinder,,,,,,Blasting,,1,,,,,1.00012E+11,,,,1,,,update,2/2/2026,2/2/2026,2/2/2026,2/5/2026,0.2,44
417148,1000078791,120,SDFP-09,,Carrier Differential,,PT. Cipta Kridatama,Site BIB,HB,,Machining Bearing Seat 2,,6,,,,,1.00008E+12,,,,1,,,update,2/2/2026,2/2/2026,2/6/2026,2/11/2026,1,44
510994,1000120119,240,BHSC-1111,,Piston Hoist Cylinder,,,,,,SAW,,1,,,,,1.00012E+12,,,,1,,,update,2/4/2026,2/4/2026,,,,
510973,1000120119,30,BHSC-1111,,Piston Hoist Cylinder,,,,,,Bandsaw,,1,,,,,1.00012E+11,,,,1,,,update,2/2/2026,2/2/2026,2/3/2026,2/5/2026,0.5,123
510974,1000120119,40,BHSC-1111,,Piston Hoist Cylinder,,,,,,Disassembly,,1,,,,,1.00012E+11,,,,1,,,update,2/2/2026,2/2/2026,2/4/2026,2/5/2026,0.6,25
510976,1000120119,60,BHSC-1111,,Piston Hoist Cylinder,,,,,,Magnum,,1,,,,,1.00012E+11,,,,1,,,update,2/2/2026,2/2/2026,,,,
510977,1000120119,70,BHSC-1111,,Piston Hoist Cylinder,,,,,,Turning Lathe 3M,,1,,,,,1.00012E+11,,,,1,,,update,2/2/2026,2/2/2026,,,,
510978,1000120119,80,BHSC-1111,,Piston Hoist Cylinder,,,,,,Big Spindle Lathe,,1,,,,,1.00012E+11,,,,1,,,update,2/2/2026,2/2/2026,,,,
510979,1000120119,90,BHSC-1111,,Piston Hoist Cylinder,,,,,,Dechrome,,1,,,,,1.00012E+11,,,,1,,,update,2/3/2026,2/3/2026,,,,
510980,1000120119,100,BHSC-1111,,Piston Hoist Cylinder,,,,,,Chrome,,1,,,,,1.00012E+12,,,,1,,,update,2/3/2026,2/3/2026,,,,
510981,1000120119,110,BHSC-1111,,Piston Hoist Cylinder,,,,,,Milling Machine,,1,,,,,1.00012E+12,,,,1,,,update,2/3/2026,2/3/2026,,,,
510982,1000120119,120,BHSC-1111,,Piston Hoist Cylinder,,,,,,Handressing,,1,,,,,1.00012E+12,,,,1,,,update,2/3/2026,2/3/2026,,,,
510983,1000120119,130,BHSC-1111,,Piston Hoist Cylinder,,,,,,Honing,,1,,,,,1.00012E+12,,,,1,,,update,2/3/2026,2/3/2026,,,,
510984,1000120119,140,BHSC-1111,,Piston Hoist Cylinder,,,,,,Line Boring,,1,,,,,1.00012E+12,,,,1,,,update,2/3/2026,2/3/2026,,,,
510985,1000120119,150,BHSC-1111,,Piston Hoist Cylinder,,,,,,Metal Spray,,1,,,,,1.00012E+12,,,,1,,,update,2/3/2026,2/3/2026,,,,
510986,1000120119,160,BHSC-1111,,Piston Hoist Cylinder,,,,,,Painting Packing,,1,,,,,1.00012E+12,,,,1,,,update,2/3/2026,2/3/2026,,,,
510987,1000120119,170,BHSC-1111,,Piston Hoist Cylinder,,,,,,Polisher,,1,,,,,1.00012E+12,,,,1,,,update,2/4/2026,2/4/2026,,,,
510988,1000120119,180,BHSC-1111,,Piston Hoist Cylinder,,,,,,Polisher,,1,,,,,1.00012E+12,,,,1,,,update,2/4/2026,2/4/2026,,,,
510989,1000120119,190,BHSC-1111,,Piston Hoist Cylinder,,,,,,Bending,,1,,,,,1.00012E+12,,,,1,,,update,2/4/2026,2/4/2026,,,,
510990,1000120119,200,BHSC-1111,,Piston Hoist Cylinder,,,,,,Flame Cutting,,1,,,,,1.00012E+12,,,,1,,,update,2/4/2026,2/4/2026,,,,
510991,1000120119,210,BHSC-1111,,Piston Hoist Cylinder,,,,,,Pre Inspect,,1,,,,,1.00012E+12,,,,1,,,update,2/4/2026,2/4/2026,,,,
510992,1000120119,220,BHSC-1111,,Piston Hoist Cylinder,,,,,,Post / Final Inspect,,1,,,,,1.00012E+12,,,,1,,,update,2/4/2026,2/4/2026,,,,
510995,1000120119,250,BHSC-1111,,Piston Hoist Cylinder,,,,,,Vertical Lathe,,1,,,,,1.00012E+12,,,,1,,,update,2/5/2026,2/5/2026,,,,
510996,1000120119,260,BHSC-1111,,Piston Hoist Cylinder,,,,,,Welding Fabrikasi,,1,,,,,1.00012E+12,,,,1,,,update,2/5/2026,2/5/2026,,,,
510997,1000120119,270,BHSC-1111,,Piston Hoist Cylinder,,,,,,Gouging,,1,,,,,1.00012E+12,,,,1,,,update,2/5/2026,2/5/2026,,,,
510998,1000120119,280,BHSC-1111,,Piston Hoist Cylinder,,,,,,ID Weld,,1,,,,,1.00012E+12,,,,1,,,update,2/5/2026,2/5/2026,,,,
511000,1000120119,300,BHSC-1111,,Piston Hoist Cylinder,,,,,,General Welding,,1,,,,,1.00012E+12,,,,1,,,update,2/5/2026,2/5/2026,,,,
417127,1000078791,38,SDFP-09,,Carrier Differential,,PT. Cipta Kridatama,Site BIB,ASY,,Install Cap Bearing 2,,1,,,,,1.00008E+11,,,,1,,,update,2/2/2026,2/2/2026,2/6/2026,,,
427947,1000086464,2302,BHSG-2881-II,223-6476,Head As Front Suspension,,PT. Cipta Kridatama,BMB,WM2,M5153WM2,TIG weld worn at stopper area,,1,,,,,1.00009E+13,,,,2,,,update,2/2/2026,2/2/2026,,,,
427948,1000086464,2305,BHSG-2881-II,223-6476,Head As Front Suspension,,PT. Cipta Kridatama,BMB,MGN1,M5153COR,Skim Face,,1,,,,,1.00009E+13,,,,2,,,update,2/2/2026,2/2/2026,,,,
427949,1000086464,2308,BHSG-2881-II,223-6476,Head As Front Suspension,,PT. Cipta Kridatama,BMB,HDR,M5153HDR,Handressing,,0.5,,,,,1.00009E+13,,,,2,,,update,2/2/2026,2/2/2026,,,,
427951,1000086465,2301,BHSG-2881-II,101-0868,Piston As Front Susp,,PT. Cipta Kridatama,BMB,WM2,M5153WM2,Tig weld worn out,,1,,,,,1.00009E+13,,,,3,,,update,2/2/2026,2/2/2026,,,,
427952,1000086465,2303,BHSG-2881-II,101-0868,Piston As Front Susp,,PT. Cipta Kridatama,BMB,HDR,M5153HDR,Handress,,0.5,,,,,1.00009E+13,,,,3,,,update,2/2/2026,2/2/2026,,,,
427953,1000086465,2304,BHSG-2881-II,101-0868,Piston As Front Susp,,PT. Cipta Kridatama,BMB,QC2,M5153QC2,Post Inspection,,0.5,,,,,1.00009E+13,,,,3,,,update,2/2/2026,2/2/2026,,,,
417128,1000078791,39,SDFP-09,,Carrier Differential,,PT. Cipta Kridatama,Site BIB,HB,,Setting before machine,,1,,,,,1.00008E+11,,,,1,,,update,2/2/2026,2/2/2026,2/6/2026,,,
417129,1000078791,40,SDFP-09,,Carrier Differential,,PT. Cipta Kridatama,Site BIB,HB,,Strip ID Bearing seat 1,,1.5,,,,,1.00008E+11,,,,1,,,update,2/2/2026,2/2/2026,2/6/2026,,,
417143,1000078791,100,SDFP-09,,Carrier Differential,,PT. Cipta Kridatama,Site BIB,HB,,Machining remove excessive spray material,,6,,,,,1.00008E+12,,,,1,,,update,2/2/2026,2/2/2026,2/6/2026,,,
417144,1000078791,107,SDFP-09,,Carrier Differential,,PT. Cipta Kridatama,Site BIB,ASY,,Reinstall Cap Bearing 1,,1,,,,,1.00008E+12,,,,1,,,update,2/2/2026,2/2/2026,2/6/2026,,,
417138,1000078791,70,SDFP-09,,Carrier Differential,,PT. Cipta Kridatama,Site BIB,MTS,,Metal Spray ID Bearing seat 1,,6,,,,,1.00008E+11,,,,1,,,update,2/2/2026,2/2/2026,2/6/2026,,,
417177,1000078794,125,SHCP-28,9T-3881,2Nd Stage Hoist,,PT. Cipta Kridatama,TIA,HCP2,M5153CP2,Temperatur syincronize for more 1 time chrome process,,1,,,,,1.00008E+12,,,,1,,,modified,2/2/2026,2/2/2026,,,,
417243,1000078799,50,SFRM-39,368-3870,Overlay Tungsten Tip Bucket (6 Pc),,PT. Trakindo Utama,Adaro,PP,M5153PAC,Painting Packing,,2,,,,,1.00008E+11,,,,1,,,update,,,,,,
417241,1000078799,30,SFRM-39,368-3870,Overlay Tungsten Tip Bucket (6 Pc),,PT. Trakindo Utama,Adaro,HDR,M5153HDR,Handressing,,2,,,,,1.00008E+11,,,,1,,,update,,,,,,
417242,1000078799,40,SFRM-39,368-3870,Overlay Tungsten Tip Bucket (6 Pc),,PT. Trakindo Utama,Adaro,QC2,M5153QC2,Inspection,,1,,,,,1.00008E+11,,,,1,,,update,,,,,,
417240,1000078799,20,SFRM-39,368-3870,Overlay Tungsten Tip Bucket (6 Pc),,PT. Trakindo Utama,Adaro,WF3,M5153WF3,Post Heat Treatment,,24,,,,,1.00008E+11,,,,1,,,update,,,,,,
427926,1000086462,10,SHSP-227,223-4417/6E-1972/0R3691,Rod As Front Susp,,PT. Cipta kridatama,Site BIB,HCP1,M5153CP1,Strip OD rod (Dechrome),,2,,,,,1.00009E+11,,,,1,,,update,2/2/2026,2/2/2026,,,,
427927,1000086462,25,SHSP-227,223-4417/6E-1972/0R3691,Rod As Front Susp,,PT. Cipta kridatama,Site BIB,QC2,M5153QC2,Check Crack,,1,,,,,1.00009E+11,,,,1,,,update,2/2/2026,2/2/2026,,,,
427928,1000086462,41,SHSP-227,223-4417/6E-1972/0R3691,Rod As Front Susp,,PT. Cipta kridatama,Site BIB,RD,M5153RD1,Remove Crack,,1,,,,,1.00009E+11,,,,1,,,update,2/2/2026,2/2/2026,,,,
427929,1000086462,42,SHSP-227,223-4417/6E-1972/0R3691,Rod As Front Susp,,PT. Cipta kridatama,Site BIB,WM3,M5153WM3,Weld Crack area,,1,,,,,1.00009E+11,,,,1,,,update,2/2/2026,2/2/2026,,,,
427930,1000086462,50,SHSP-227,223-4417/6E-1972/0R3691,Rod As Front Susp,,PT. Cipta kridatama,Site BIB,RD,M5153RD1,Machining Crack,,1,,,,,1.00009E+11,,,,1,,,update,2/2/2026,2/2/2026,,,,
427931,1000086462,51,SHSP-227,223-4417/6E-1972/0R3691,Rod As Front Susp,,PT. Cipta kridatama,Site BIB,RD,M5153RD1,Strip ID Ball Seat Hole ,,1,,,,,1.00009E+11,,,,1,,,update,2/2/2026,2/2/2026,,,,
427932,1000086462,60,SHSP-227,223-4417/6E-1972/0R3691,Rod As Front Susp,,PT. Cipta kridatama,Site BIB,WM3,M5153WM3,Weld Worn At ID Ball Seat Hole and taper surface,,2,,,,,1.00009E+11,,,,1,,,update,2/2/2026,2/3/2026,,,,
427933,1000086462,65,SHSP-227,223-4417/6E-1972/0R3691,Rod As Front Susp,,PT. Cipta kridatama,Site BIB,WM3,M5153WM3,Weld scratches taper area area,,2,,,,,1.00009E+11,,,,1,,,update,2/3/2026,2/3/2026,,,,
427934,1000086462,90,SHSP-227,223-4417/6E-1972/0R3691,Rod As Front Susp,,PT. Cipta kridatama,Site BIB,MGN1,M5153COR,Machining ex welding taper area,,3,,,,,1.00009E+11,,,,1,,,update,2/3/2026,2/3/2026,,,,
427935,1000086462,100,SHSP-227,223-4417/6E-1972/0R3691,Rod As Front Susp,,PT. Cipta kridatama,Site BIB,RD,M5153RD1,Re-Drill ball seat hole area,,2,,,,,1.00009E+12,,,,1,,,update,2/3/2026,2/3/2026,,,,
427936,1000086462,120,SHSP-227,223-4417/6E-1972/0R3691,Rod As Front Susp,,PT. Cipta kridatama,Site BIB,QC2,M5153QC2,Inspect crack,,1,,,,,1.00009E+12,,,,1,,,update,2/4/2026,2/4/2026,,,,
427937,1000086462,130,SHSP-227,223-4417/6E-1972/0R3691,Rod As Front Susp,,PT. Cipta kridatama,Site BIB,POL1,M5153PL2,Pre polish OD rod prior to chrome,,4.5,,,,,1.00009E+12,,,,1,,,update,2/4/2026,2/4/2026,,,,
427938,1000086462,134,SHSP-227,223-4417/6E-1972/0R3691,Rod As Front Susp,,PT. Cipta kridatama,Site BIB,HCP2,M5153CP2,Hardchrome OD Of Rod,,4,,,,,1.00009E+12,,,,1,,,update,2/4/2026,2/5/2026,,,,
427939,1000086462,140,SHSP-227,223-4417/6E-1972/0R3691,Rod As Front Susp,,PT. Cipta kridatama,Site BIB,HCP2,M5153CP2,Additional Hardchrome OD Of Rod,,8,,,,,1.00009E+12,,,,1,,,update,2/5/2026,2/6/2026,,,,
427940,1000086462,150,SHSP-227,223-4417/6E-1972/0R3691,Rod As Front Susp,,PT. Cipta kridatama,Site BIB,POL1,M5153PL2,Final Polish OD rod,,4,,,,,1.00009E+12,,,,1,,,update,2/6/2026,2/6/2026,,,,
427942,1000086462,170,SHSP-227,223-4417/6E-1972/0R3691,Rod As Front Susp,,PT. Cipta kridatama,Site BIB,HDR,M5153HDR,Handress,,0.5,,,,,1.00009E+12,,,,1,,,update,2/6/2026,2/6/2026,,,,
427943,1000086462,180,SHSP-227,223-4417/6E-1972/0R3691,Rod As Front Susp,,PT. Cipta kridatama,Site BIB,QC2,M5153QC2,Post inspect,,0.5,,,,,1.00009E+12,,,,1,,,update,2/6/2026,2/6/2026,,,,
427950,1000086464,2309,BHSG-2881-II,223-6476,Head As Front Suspension,,PT. Cipta Kridatama,BMB,QC2,M5153QC2,Final Inspection,,0.5,,,,,1.00009E+13,,,,2,,,update,2/2/2026,2/2/2026,,,,
417161,1000078792,80,SWRP-32,,Retainer Seal,,PT. Cipta Kridatama,Site TIA,MTS,M5153MTS,Seting before metal spray,,0.5,,,,,1.00008E+11,,,,1,,,modified,2/2/2026,2/2/2026,,,,
417157,1000078792,40,SWRP-32,,Retainer Seal,,PT. Cipta Kridatama,Site TIA,QC2,M5153QC2,Check crack ,,0.5,,,,,1.00008E+11,,,,1,,,modified,2/2/2026,2/2/2026,,,,
417152,1000078791,150,SDFP-09,,Carrier Differential,,PT. Cipta Kridatama,Site BIB,HDR,,Deburr after machining process,,1,,,,,1.00008E+12,,,,1,,,update,2/2/2026,2/2/2026,2/6/2026,2/11/2026,1,12
417184,1000078795,20,SHSP-57,223-4417/6E-1972/0R3691,Rod As Front Susp,,PT. Cipta Kridatama,TIA,MGN1,M5153COR,Strip OD rod ,,2.5,,,,,1.00008E+11,,,,1,,,update,2/2/2026,2/2/2026,,,,
417185,1000078795,25,SHSP-57,223-4417/6E-1972/0R3691,Rod As Front Susp,,PT. Cipta Kridatama,TIA,QC2,M5153QC2,Check Crack,,1,,,,,1.00008E+11,,,,1,,,update,2/2/2026,2/2/2026,,,,
417186,1000078795,45,SHSP-57,223-4417/6E-1972/0R3691,Rod As Front Susp,,PT. Cipta Kridatama,TIA,MGN1,M5153COR,Remove Crack,,4,,,,,1.00008E+11,,,,1,,,update,2/2/2026,2/2/2026,,,,
417187,1000078795,46,SHSP-57,223-4417/6E-1972/0R3691,Rod As Front Susp,,PT. Cipta Kridatama,TIA,WM3,M5153WM3,Cleaning,,1,,,,,1.00008E+11,,,,1,,,update,2/2/2026,2/3/2026,,,,
417188,1000078795,47,SHSP-57,223-4417/6E-1972/0R3691,Rod As Front Susp,,PT. Cipta Kridatama,TIA,WM3,M5153WM3,Preheat,,1,,,,,1.00008E+11,,,,1,,,update,2/3/2026,2/3/2026,,,,
417189,1000078795,48,SHSP-57,223-4417/6E-1972/0R3691,Rod As Front Susp,,PT. Cipta Kridatama,TIA,WM3,M5153WM3,Weld Crack area,,8,,,,,1.00008E+11,,,,1,,,update,2/3/2026,2/4/2026,,,,
417191,1000078795,50,SHSP-57,223-4417/6E-1972/0R3691,Rod As Front Susp,,PT. Cipta Kridatama,TIA,MGN1,M5153COR,Machining Crack,,4,,,,,1.00008E+11,,,,1,,,update,2/4/2026,2/4/2026,,,,
417192,1000078795,51,SHSP-57,223-4417/6E-1972/0R3691,Rod As Front Susp,,PT. Cipta Kridatama,TIA,QC2,M5153QC2,Check Crack,,1,,,,,1.00008E+11,,,,1,,,update,2/4/2026,2/4/2026,,,,
417193,1000078795,60,SHSP-57,223-4417/6E-1972/0R3691,Rod As Front Susp,,PT. Cipta Kridatama,TIA,WM2,M5153WM2,Tig Weld Worn At ID Ball Seat Hole Area,,1.5,,,,,1.00008E+11,,,,1,,,update,2/4/2026,2/5/2026,,,,
417195,1000078795,78,SHSP-57,223-4417/6E-1972/0R3691,Rod As Front Susp,,PT. Cipta Kridatama,TIA,WM3,M5153WM3,Pre Heat Before weld ,,2,,,,,1.00008E+11,,,,1,,,update,2/5/2026,2/5/2026,,,,
417196,1000078795,80,SHSP-57,223-4417/6E-1972/0R3691,Rod As Front Susp,,PT. Cipta Kridatama,TIA,SAW,M5153SW1,Weld Build Up OD rod,,15,,,,,1.00008E+11,,,,1,,,update,2/5/2026,2/9/2026,,,,
417198,1000078795,82,SHSP-57,223-4417/6E-1972/0R3691,Rod As Front Susp,,PT. Cipta Kridatama,TIA,WM3,M5153WM3,Post Heat 400?C,,2,,,,,1.00008E+11,,,,1,,,update,2/9/2026,2/9/2026,,,,
417199,1000078795,89,SHSP-57,223-4417/6E-1972/0R3691,Rod As Front Susp,,PT. Cipta Kridatama,TIA,MGN1,M5153COR,Setting Machine,,0.5,,,,,1.00008E+11,,,,1,,,update,2/9/2026,2/9/2026,,,,
417200,1000078795,90,SHSP-57,223-4417/6E-1972/0R3691,Rod As Front Susp,,PT. Cipta Kridatama,TIA,MGN1,M5153COR,Machining ex welding OD rod,,15,,,,,1.00008E+11,,,,1,,,update,2/9/2026,2/11/2026,,,,
417201,1000078795,100,SHSP-57,223-4417/6E-1972/0R3691,Rod As Front Susp,,PT. Cipta Kridatama,TIA,RD,M5153RD1,Re-Drill ball seat hole area,,2,,,,,1.00008E+12,,,,1,,,update,2/11/2026,2/11/2026,,,,
417202,1000078795,120,SHSP-57,223-4417/6E-1972/0R3691,Rod As Front Susp,,PT. Cipta Kridatama,TIA,QC2,M5153QC2,Inspect crack,,1,,,,,1.00008E+12,,,,1,,,update,2/11/2026,2/12/2026,,,,
417203,1000078795,130,SHSP-57,223-4417/6E-1972/0R3691,Rod As Front Susp,,PT. Cipta Kridatama,TIA,POL1,M5153PL2,Pre polish OD rod prior to chrome,,6,,,,,1.00008E+12,,,,1,,,update,2/12/2026,2/12/2026,,,,
417204,1000078795,131,SHSP-57,223-4417/6E-1972/0R3691,Rod As Front Susp,,PT. Cipta Kridatama,TIA,HCP2,M5153CP2,Install JIG & masking,,2,,,,,1.00008E+12,,,,1,,,update,2/12/2026,2/13/2026,,,,
417205,1000078795,132,SHSP-57,223-4417/6E-1972/0R3691,Rod As Front Susp,,PT. Cipta Kridatama,TIA,HCP2,M5153CP2,Burning & Etching before Chrome process,,0.6,,,,,1.00008E+12,,,,1,,,update,2/13/2026,2/13/2026,,,,
417206,1000078795,133,SHSP-57,223-4417/6E-1972/0R3691,Rod As Front Susp,,PT. Cipta Kridatama,TIA,HCP2,M5153CP2,Scrubbing. Etching & Setting Ampere 100A/Minute,,0.86,,,,,1.00008E+12,,,,1,,,update,2/13/2026,2/16/2026,,,,
417207,1000078795,134,SHSP-57,223-4417/6E-1972/0R3691,Rod As Front Susp,,PT. Cipta Kridatama,TIA,HCP2,M5153CP2,Hardchrome OD Of Rod,,4,,,,,1.00008E+12,,,,1,,,update,2/16/2026,2/16/2026,,,,
417209,1000078795,136,SHSP-57,223-4417/6E-1972/0R3691,Rod As Front Susp,,PT. Cipta Kridatama,TIA,HCP2,M5153CP2,Scrubbing. Etching & Setting Ampere 100A/Minute,,2.58,,,,,1.00008E+12,,,,1,,,update,2/17/2026,2/20/2026,,,,
417210,1000078795,140,SHSP-57,223-4417/6E-1972/0R3691,Rod As Front Susp,,PT. Cipta Kridatama,TIA,HCP2,M5153CP2,Hardchrome OD Of Rod,,12,,,,,1.00008E+12,,,,1,,,update,2/20/2026,2/23/2026,,,,
417211,1000078795,150,SHSP-57,223-4417/6E-1972/0R3691,Rod As Front Susp,,PT. Cipta Kridatama,TIA,POL1,M5153PL2,Final Polish OD rod,,2.5,,,,,1.00008E+12,,,,1,,,update,2/23/2026,2/24/2026,,,,
417212,1000078795,160,SHSP-57,223-4417/6E-1972/0R3691,Rod As Front Susp,,PT. Cipta Kridatama,TIA,HDR,M5153HDR,Re-Tap All Thread holes,,0.5,,,,,1.00008E+12,,,,1,,,update,2/24/2026,2/24/2026,,,,
417213,1000078795,170,SHSP-57,223-4417/6E-1972/0R3691,Rod As Front Susp,,PT. Cipta Kridatama,TIA,HDR,M5153HDR,Handress,,0.5,,,,,1.00008E+12,,,,1,,,update,2/24/2026,2/24/2026,,,,
417214,1000078795,180,SHSP-57,223-4417/6E-1972/0R3691,Rod As Front Susp,,PT. Cipta Kridatama,TIA,QC2,M5153QC2,Post inspect,,0.5,,,,,1.00008E+12,,,,1,,,update,2/24/2026,2/24/2026,,,,
417190,1000078795,49,SHSP-57,223-4417/6E-1972/0R3691,Rod As Front Susp,,PT. Cipta Kridatama,TIA,WM3,M5153WM3,Hand Grinding & Peening ,,1,,,,,1.00008E+11,,,,1,,,update,2/4/2026,2/4/2026,,,,
417208,1000078795,135,SHSP-57,223-4417/6E-1972/0R3691,Rod As Front Susp,,PT. Cipta Kridatama,TIA,HCP2,M5153CP2,Temperatur syincronize for more 1 time chrome process,,3,,,,,1.00008E+12,,,,1,,,update,2/16/2026,2/17/2026,,,,
417216,1000078796,20,SWRP-43,9N-4541,Piston As Transmission,,PT. Cipta Kridatama,Site TIA,QC2,M5153QC2,Check crack ,,0.5,,,,,1.00008E+11,,,,1,,,update,2/2/2026,2/2/2026,,,,
417217,1000078796,26,SWRP-43,9N-4541,Piston As Transmission,,PT. Cipta Kridatama,Site TIA,BLS,M5153BLS,Cleaning / burning / pre heat,,0.1,,,,,1.00008E+11,,,,1,,,update,2/2/2026,2/2/2026,,,,
417219,1000078796,28,SWRP-43,9N-4541,Piston As Transmission,,PT. Cipta Kridatama,Site TIA,BLS,M5153BLS,Blasting,,0.5,,,,,1.00008E+11,,,,1,,,update,2/2/2026,2/2/2026,,,,
417180,1000078794,140,SHCP-28,9T-3881,2Nd Stage Hoist,,PT. Cipta Kridatama,TIA,POL1,M5153PL2,Final Polish OD rod,,3.62,,,,,1.00008E+12,,,,1,,,modified,2/2/2026,2/6/2026,,,,
517997,100012345,60,SSB-01,,Piston Hoist Cylinder,,,,,,Test 6,,6,,,,,10001234560,,,,,,,modified,2/2/2026,2/2/2026,,,,
417179,1000078794,130,SHCP-28,9T-3881,2Nd Stage Hoist,,PT. Cipta Kridatama,TIA,HCP2,M5153CP2,Hardchrome OD Of Rod,,4,,,,,1.00008E+12,,,,1,,,modified,2/2/2026,2/2/2026,,,,
417221,1000078796,30,SWRP-43,9N-4541,Piston As Transmission,,PT. Cipta Kridatama,Site TIA,MTS,M5153MTS,Metal spray ID Seal Seat,,1.5,,,,,1.00008E+11,,,,1,,,update,2/2/2026,2/2/2026,,,,
417222,1000078796,31,SWRP-43,9N-4541,Piston As Transmission,,PT. Cipta Kridatama,Site TIA,HDR,M5153HDR,Apply Dictol ,,0.5,,,,,1.00008E+11,,,,1,,,update,2/2/2026,2/2/2026,,,,
417223,1000078796,39,SWRP-43,9N-4541,Piston As Transmission,,PT. Cipta Kridatama,Site TIA,VTL,M5153VTL,Seting before machining,,0.5,,,,,1.00008E+11,,,,1,,,update,2/2/2026,2/2/2026,,,,
417224,1000078796,40,SWRP-43,9N-4541,Piston As Transmission,,PT. Cipta Kridatama,Site TIA,VTL,M5153VTL,Machining ID Seal Seat,,1.5,,,,,1.00008E+11,,,,1,,,update,2/2/2026,2/3/2026,,,,
417225,1000078796,50,SWRP-43,9N-4541,Piston As Transmission,,PT. Cipta Kridatama,Site TIA,HDR,M5153HDR,Handressing,,0.5,,,,,1.00008E+11,,,,1,,,update,2/3/2026,2/3/2026,,,,
417226,1000078796,60,SWRP-43,9N-4541,Piston As Transmission,,PT. Cipta Kridatama,Site TIA,QC2,M5153QC2,Final Inspect,,0.5,,,,,1.00008E+11,,,,1,,,update,2/3/2026,2/3/2026,,,,
417215,1000078796,10,SWRP-43,9N-4541,Piston As Transmission,,PT. Cipta Kridatama,Site TIA,VTL,M5153VTL,Strip ID seal Seat,,0.25,,,,,1.00008E+11,,,,1,,,update,2/2/2026,2/2/2026,,,,
417220,1000078796,29,SWRP-43,9N-4541,Piston As Transmission,,PT. Cipta Kridatama,Site TIA,MTS,M5153MTS,Seting before metal spray ,,0.5,,,,,1.00008E+11,,,,1,,,update,2/2/2026,2/2/2026,,,,
417227,1000078797,10,SWRP-44,9U-9485,Piston Brake,,PT. Cipta Kridatama,Site TIA,VTL,M5153VTL,Strip ID seal Seat,,0.25,,,,,1.00008E+11,,,,1,,,update,2/2/2026,2/2/2026,,,,
417228,1000078797,20,SWRP-44,9U-9485,Piston Brake,,PT. Cipta Kridatama,Site TIA,QC2,M5153QC2,Check crack ,,0.5,,,,,1.00008E+11,,,,1,,,update,2/2/2026,2/2/2026,,,,
417229,1000078797,26,SWRP-44,9U-9485,Piston Brake,,PT. Cipta Kridatama,Site TIA,BLS,M5153BLS,Cleaning / burning / pre heat,,0.1,,,,,1.00008E+11,,,,1,,,update,2/2/2026,2/2/2026,,,,
417230,1000078797,27,SWRP-44,9U-9485,Piston Brake,,PT. Cipta Kridatama,Site TIA,HDR,M5153HDR,Masking,,1,,,,,1.00008E+11,,,,1,,,update,2/2/2026,2/2/2026,,,,
417231,1000078797,28,SWRP-44,9U-9485,Piston Brake,,PT. Cipta Kridatama,Site TIA,BLS,M5153BLS,Blasting,,0.5,,,,,1.00008E+11,,,,1,,,update,2/2/2026,2/2/2026,,,,
417233,1000078797,30,SWRP-44,9U-9485,Piston Brake,,PT. Cipta Kridatama,Site TIA,MTS,M5153MTS,Metal spray ID Seal Seat,,1.5,,,,,1.00008E+11,,,,1,,,update,2/2/2026,2/2/2026,,,,
417234,1000078797,31,SWRP-44,9U-9485,Piston Brake,,PT. Cipta Kridatama,Site TIA,HDR,M5153HDR,Apply Dictol ,,0.5,,,,,1.00008E+11,,,,1,,,update,2/2/2026,2/2/2026,,,,
417235,1000078797,39,SWRP-44,9U-9485,Piston Brake,,PT. Cipta Kridatama,Site TIA,VTL,M5153VTL,Seting before machining,,0.5,,,,,1.00008E+11,,,,1,,,update,2/2/2026,2/2/2026,,,,
417236,1000078797,40,SWRP-44,9U-9485,Piston Brake,,PT. Cipta Kridatama,Site TIA,VTL,M5153VTL,Machining ID Seal Seat,,1.5,,,,,1.00008E+11,,,,1,,,update,2/2/2026,2/3/2026,,,,
417237,1000078797,50,SWRP-44,9U-9485,Piston Brake,,PT. Cipta Kridatama,Site TIA,HDR,M5153HDR,Handressing,,0.5,,,,,1.00008E+11,,,,1,,,update,2/3/2026,2/3/2026,,,,
417238,1000078797,60,SWRP-44,9U-9485,Piston Brake,,PT. Cipta Kridatama,Site TIA,QC2,M5153QC2,Final Inspect,,0.5,,,,,1.00008E+11,,,,1,,,update,2/3/2026,2/3/2026,,,,
417118,1000078791,4,SDFP-09,,Carrier Differential,,PT. Cipta Kridatama,Site BIB,PPC,,Order cap bearing 1,,0,,,,,10000787914,,,,1,,,update,2/2/2026,2/2/2026,2/6/2026,,,
417122,1000078791,25,SDFP-09,,Carrier Differential,,PT. Cipta Kridatama,Site BIB,WM3,,Weld freetings at retainer surface area,,1,,,,,1.00008E+11,,,,1,,,update,2/2/2026,2/2/2026,2/6/2026,,,
417123,1000078791,26,SDFP-09,,Carrier Differential,,PT. Cipta Kridatama,Site BIB,HDR,,Peening and handgrinding after weld,,0.25,,,,,1.00008E+11,,,,1,,,update,2/2/2026,2/2/2026,2/6/2026,,,
417124,1000078791,27,SDFP-09,,Carrier Differential,,PT. Cipta Kridatama,Site BIB,WM3,,Check Cracks,,1,,,,,1.00008E+11,,,,1,,,update,2/2/2026,2/2/2026,2/6/2026,,,
417125,1000078791,30,SDFP-09,,Carrier Differential,,PT. Cipta Kridatama,Site BIB,VTL,,Skim freetings at retainer surface area,,2,,,,,1.00008E+11,,,,1,,,update,2/2/2026,2/2/2026,2/6/2026,,,
417126,1000078791,37,SDFP-09,,Carrier Differential,,PT. Cipta Kridatama,Site BIB,ASY,,Install Cap Bearing 1,,1,,,,,1.00008E+11,,,,1,,,update,2/2/2026,2/2/2026,2/6/2026,,,
417131,1000078791,59,SDFP-09,,Carrier Differential,,PT. Cipta Kridatama,Site BIB,HB,,Setting before machine,,1,,,,,1.00008E+11,,,,1,,,update,2/2/2026,2/2/2026,2/6/2026,,,
417132,1000078791,60,SDFP-09,,Carrier Differential,,PT. Cipta Kridatama,Site BIB,VTL,,Strip ID Bearing Seat 3,,2,,,,,1.00008E+11,,,,1,,,update,2/2/2026,2/2/2026,2/6/2026,,,
417133,1000078791,61,SDFP-09,,Carrier Differential,,PT. Cipta Kridatama,Site BIB,VTL,,Strip flange face contact,,2,,,,,1.00008E+11,,,,1,,,update,2/2/2026,2/2/2026,2/6/2026,,,
417134,1000078791,66,SDFP-09,,Carrier Differential,,PT. Cipta Kridatama,Site BIB,QC2,,Check crack ,,1,,,,,1.00008E+11,,,,1,,,update,2/2/2026,2/2/2026,2/6/2026,,,
417135,1000078791,67,SDFP-09,,Carrier Differential,,PT. Cipta Kridatama,Site BIB,BLS,,Cleaning,,1,,,,,1.00008E+11,,,,1,,,update,2/2/2026,2/2/2026,2/6/2026,,,
417136,1000078791,68,SDFP-09,,Carrier Differential,,PT. Cipta Kridatama,Site BIB,HDR,,Masking,,1,,,,,1.00008E+11,,,,1,,,update,2/2/2026,2/2/2026,2/6/2026,,,
417139,1000078791,80,SDFP-09,,Carrier Differential,,PT. Cipta Kridatama,Site BIB,MTS,,Metal Spray ID Bearing Seat 2,,6,,,,,1.00008E+11,,,,1,,,update,2/2/2026,2/2/2026,2/6/2026,2/11/2026,1,11
417140,1000078791,90,SDFP-09,,Carrier Differential,,PT. Cipta Kridatama,Site BIB,MTS,,Metal Spray Bearing Seat 3,,4,,,,,1.00008E+11,,,,1,,,update,2/2/2026,2/2/2026,2/6/2026,2/11/2026,1,7
417141,1000078791,91,SDFP-09,,Carrier Differential,,PT. Cipta Kridatama,Site BIB,MTS,,Metal Spray flange face contact,,4,,,,,1.00008E+11,,,,1,,,update,2/2/2026,2/2/2026,2/6/2026,2/11/2026,1,6
417145,1000078791,108,SDFP-09,,Carrier Differential,,PT. Cipta Kridatama,Site BIB,ASY,,Reinstall Cap Bearing 2,,1,,,,,1.00008E+12,,,,1,,,update,2/2/2026,2/2/2026,2/6/2026,,,
417146,1000078791,109,SDFP-09,,Carrier Differential,,PT. Cipta Kridatama,Site BIB,HB,,Setting before machine,,1,,,,,1.00008E+12,,,,1,,,update,2/2/2026,2/2/2026,2/6/2026,,,
417147,1000078791,110,SDFP-09,,Carrier Differential,,PT. Cipta Kridatama,Site BIB,HB,,Machining Bearing Seat 1,,6,,,,,1.00008E+12,,,,1,,,update,2/2/2026,2/2/2026,2/6/2026,,,
417149,1000078791,130,SDFP-09,,Carrier Differential,,PT. Cipta Kridatama,Site BIB,HB,,Machining Bearing Seat 3,,4,,,,,1.00008E+12,,,,1,,,update,2/2/2026,2/2/2026,2/6/2026,,,
417150,1000078791,131,SDFP-09,,Carrier Differential,,PT. Cipta Kridatama,Site BIB,HB,,Machining flange face contact,,4,,,,,1.00008E+12,,,,1,,,update,2/2/2026,2/2/2026,2/6/2026,2/11/2026,1,1
417151,1000078791,140,SDFP-09,,Carrier Differential,,PT. Cipta Kridatama,Site BIB,HB,,Inspection Check Alignment and Perpendicular,,4,,,,,1.00008E+12,,,,1,,,update,2/2/2026,2/2/2026,2/6/2026,2/11/2026,1,33
417172,1000078794,120,SHCP-28,9T-3881,2Nd Stage Hoist,,PT. Cipta Kridatama,TIA,POL1,M5153PL2,Pre polish OD rod prior to chrome,,3.5,,,,,1.00008E+12,,,,1,,,modified,2/2/2026,2/2/2026,,,,
417153,1000078791,160,SDFP-09,,Carrier Differential,,PT. Cipta Kridatama,Site BIB,QC2,,Final Inspection,,1,,,,,1.00008E+12,,,,1,,,update,2/2/2026,2/2/2026,2/6/2026,,,
417167,1000078792,140,SWRP-32,,Retainer Seal,,PT. Cipta Kridatama,Site TIA,HDR,M5153HDR,Handressing ,,0.5,,,,,1.00008E+12,,,,1,,,modified,2/2/2026,2/2/2026,,,,
417168,1000078792,150,SWRP-32,,Retainer Seal,,PT. Cipta Kridatama,Site TIA,QC2,M5153QC2,Final inspection,,0.5,,,,,1.00008E+12,,,,1,,,modified,2/2/2026,2/2/2026,2/6/2026,,,
417169,1000078792,160,SWRP-32,,Retainer Seal,,PT. Cipta Kridatama,Site TIA,PP,M5153PAC,Painting Packing,,2,,,,,1.00008E+12,,,,1,,,modified,2/2/2026,2/2/2026,,,,
417170,1000078794,30,SHCP-28,9T-3881,2Nd Stage Hoist,,PT. Cipta Kridatama,TIA,HCP1,M5153CP1,Strip OD 2nd stage (Dechrome),,2,,,,,1.00008E+11,,,,1,,,modified,2/2/2026,2/2/2026,,,,
417171,1000078794,115,SHCP-28,9T-3881,2Nd Stage Hoist,,PT. Cipta Kridatama,TIA,QC2,M5153QC2,Inspect crack,,0.5,,,,,1.00008E+12,,,,1,,,modified,2/2/2026,2/2/2026,,,,
417173,1000078794,121,SHCP-28,9T-3881,2Nd Stage Hoist,,PT. Cipta Kridatama,TIA,HCP2,M5153CP2,Install JIG & masking,,1,,,,,1.00008E+12,,,,1,,,modified,2/2/2026,2/2/2026,,,,
417176,1000078794,124,SHCP-28,9T-3881,2Nd Stage Hoist,,PT. Cipta Kridatama,TIA,HCP2,M5153CP2,Hardchrome OD Of Rod,,4,,,,,1.00008E+12,,,,1,,,modified,2/2/2026,2/2/2026,,,,
417178,1000078794,126,SHCP-28,9T-3881,2Nd Stage Hoist,,PT. Cipta Kridatama,TIA,HCP2,M5153CP2,Scrubbing. Etching & Setting Ampere 100A/Minute,,0.9,,,,,1.00008E+12,,,,1,,,modified,2/2/2026,2/2/2026,,,,
417181,1000078794,150,SHCP-28,9T-3881,2Nd Stage Hoist,,PT. Cipta Kridatama,TIA,HM,M5153HM1,Normal Honing ID,,1.5,,,,,1.00008E+12,,,,1,,,modified,2/2/2026,2/2/2026,,,,
417182,1000078794,160,SHCP-28,9T-3881,2Nd Stage Hoist,,PT. Cipta Kridatama,TIA,HDR,M5153HDR,Handress,,0.5,,,,,1.00008E+12,,,,1,,,modified,2/2/2026,2/2/2026,,,,
417183,1000078794,170,SHCP-28,9T-3881,2Nd Stage Hoist,,PT. Cipta Kridatama,TIA,QC2,M5153QC2,Post Inspection,,0.5,,,,,1.00008E+12,,,,1,,,modified,2/2/2026,2/2/2026,,,,
417154,1000078792,10,SWRP-32,,Retainer Seal,,PT. Cipta Kridatama,Site TIA,MGN1,M5153COR,Seting before machining,,0.5,,,,,1.00008E+11,,,,1,,,modified,2/2/2026,2/2/2026,,,,
417155,1000078792,20,SWRP-32,,Retainer Seal,,PT. Cipta Kridatama,Site TIA,MGN1,M5153COR,Strip contact face,,0.5,,,,,1.00008E+11,,,,1,,,modified,2/2/2026,2/2/2026,,,,
417158,1000078792,50,SWRP-32,,Retainer Seal,,PT. Cipta Kridatama,Site TIA,BLS,M5153BLS,Cleaning,,0.25,,,,,1.00008E+11,,,,1,,,modified,2/2/2026,2/2/2026,,,,
417159,1000078792,60,SWRP-32,,Retainer Seal,,PT. Cipta Kridatama,Site TIA,BLS,M5153BLS,Masking,,0.5,,,,,1.00008E+11,,,,1,,,modified,2/2/2026,2/2/2026,,,,
417160,1000078792,70,SWRP-32,,Retainer Seal,,PT. Cipta Kridatama,Site TIA,BLS,M5153BLS,Blasting,,0.5,,,,,1.00008E+11,,,,1,,,modified,2/2/2026,2/2/2026,,,,
417162,1000078792,90,SWRP-32,,Retainer Seal,,PT. Cipta Kridatama,Site TIA,MTS,M5153MTS,Wire arc contact face,,2,,,,,1.00008E+11,,,,1,,,modified,2/2/2026,2/2/2026,,,,
417163,1000078792,100,SWRP-32,,Retainer Seal,,PT. Cipta Kridatama,Site TIA,MTS,M5153MTS,Wire arc OD Area,,2,,,,,1.00008E+12,,,,1,,,modified,2/2/2026,2/2/2026,,,,
417164,1000078792,110,SWRP-32,,Retainer Seal,,PT. Cipta Kridatama,Site TIA,MGN1,M5153COR,Setting before machining,,0.5,,,,,1.00008E+12,,,,1,,,modified,2/2/2026,2/2/2026,,,,
417165,1000078792,120,SWRP-32,,Retainer Seal,,PT. Cipta Kridatama,Site TIA,MGN1,M5153COR,Machining contact face,,2,,,,,1.00008E+12,,,,1,,,modified,2/2/2026,2/2/2026,,,,
417166,1000078792,130,SWRP-32,,Retainer Seal,,PT. Cipta Kridatama,Site TIA,MGN1,M5153COR,Machining OD Area,,2,,,,,1.00008E+12,,,,1,,,modified,2/2/2026,2/2/2026,,,,
